student_id,class_original,class_binaria,source,split
0,Dropout,1.0,UCI id=697 (DOI 10.24432/C5MC89),"pendiente (se asigna en Fase 3, semana 5)"
1,Graduate,0.0,UCI id=697 (DOI 10.24432/C5MC89),"pendiente (se asigna en Fase 3, semana 5)"
2,Dropout,1.0,UCI id=697 (DOI 10.24432/C5MC89),"pendiente (se asigna en Fase 3, semana 5)"
3,Graduate,0.0,UCI id=697 (DOI 10.24432/C5MC89),"pendiente (se asigna en Fase 3, semana 5)"
4,Graduate,0.0,UCI id=697 (DOI 10.24432/C5MC89),"pendiente (se asigna en Fase 3, semana 5)"
5,Graduate,0.0,UCI id=697 (DOI 10.24432/C5MC89),"pendiente (se asigna en Fase 3, semana 5)"
6,Graduate,0.0,UCI id=697 (DOI 10.24432/C5MC89),"pendiente (se asigna en Fase 3, semana 5)"
7,Dropout,1.0,UCI id=697 (DOI 10.24432/C5MC89),"pendiente (se asigna en Fase 3, semana 5)"
8,Graduate,0.0,UCI id=697 (DOI 10.24432/C5MC89),"pendiente (se asigna en Fase 3, semana 5)"
9,Dropout,1.0,UCI id=697 (DOI 10.24432/C5MC89),"pendiente (se asigna en Fase 3, semana 5)"
10,Graduate,0.0,UCI id=697 (DOI 10.24432/C5MC89),"pendiente (se asigna en Fase 3, semana 5)"
11,Graduate,0.0,UCI id=697 (DOI 10.24432/C5MC89),"pendiente (se asigna en Fase 3, semana 5)"
12,Dropout,1.0,UCI id=697 (DOI 10.24432/C5MC89),"pendiente (se asigna en Fase 3, semana 5)"
13,Graduate,0.0,UCI id=697 (DOI 10.24432/C5MC89),"pendiente (se asigna en Fase 3, semana 5)"
14,Graduate,0.0,UCI id=697 (DOI 10.24432/C5MC89),"pendiente (se asigna en Fase 3, semana 5)"
15,Dropout,1.0,UCI id=697 (DOI 10.24432/C5MC89),"pendiente (se asigna en Fase 3, semana 5)"
16,Enrolled,,UCI id=697 (DOI 10.24432/C5MC89),"pendiente (se asigna en Fase 3, semana 5)"
17,Graduate,0.0,UCI id=697 (DOI 10.24432/C5MC89),"pendiente (se asigna en Fase 3, semana 5)"
18,Graduate,0.0,UCI id=697 (DOI 10.24432/C5MC89),"pendiente (se asigna en Fase 3, semana 5)"
19,Enrolled,,UCI id=697 (DOI 10.24432/C5MC89),"pendiente (se asigna en Fase 3, semana 5)"
20,Graduate,0.0,UCI id=697 (DOI 10.24432/C5MC89),"pendiente (se asigna en Fase 3, semana 5)"
21,Enrolled,,UCI id=697 (DOI 10.24432/C5MC89),"pendiente (se asigna en Fase 3, semana 5)"
22,Graduate,0.0,UCI id=697 (DOI 10.24432/C5MC89),"pendiente (se asigna en Fase 3, semana 5)"
23,Graduate,0.0,UCI id=697 (DOI 10.24432/C5MC89),"pendiente (se asigna en Fase 3, semana 5)"
24,Graduate,0.0,UCI id=697 (DOI 10.24432/C5MC89),"pendiente (se asigna en Fase 3, semana 5)"
25,Enrolled,,UCI id=697 (DOI 10.24432/C5MC89),"pendiente (se asigna en Fase 3, semana 5)"
26,Graduate,0.0,UCI id=697 (DOI 10.24432/C5MC89),"pendiente (se asigna en Fase 3, semana 5)"
27,Enrolled,,UCI id=697 (DOI 10.24432/C5MC89),"pendiente (se asigna en Fase 3, semana 5)"
28,Graduate,0.0,UCI id=697 (DOI 10.24432/C5MC89),"pendiente (se asigna en Fase 3, semana 5)"
29,Enrolled,,UCI id=697 (DOI 10.24432/C5MC89),"pendiente (se asigna en Fase 3, semana 5)"
30,Enrolled,,UCI id=697 (DOI 10.24432/C5MC89),"pendiente (se asigna en Fase 3, semana 5)"
31,Graduate,0.0,UCI id=697 (DOI 10.24432/C5MC89),"pendiente (se asigna en Fase 3, semana 5)"
32,Enrolled,,UCI id=697 (DOI 10.24432/C5MC89),"pendiente (se asigna en Fase 3, semana 5)"
33,Graduate,0.0,UCI id=697 (DOI 10.24432/C5MC89),"pendiente (se asigna en Fase 3, semana 5)"
34,Graduate,0.0,UCI id=697 (DOI 10.24432/C5MC89),"pendiente (se asigna en Fase 3, semana 5)"
35,Dropout,1.0,UCI id=697 (DOI 10.24432/C5MC89),"pendiente (se asigna en Fase 3, semana 5)"
36,Dropout,1.0,UCI id=697 (DOI 10.24432/C5MC89),"pendiente (se asigna en Fase 3, semana 5)"
37,Dropout,1.0,UCI id=697 (DOI 10.24432/C5MC89),"pendiente (se asigna en Fase 3, semana 5)"
38,Graduate,0.0,UCI id=697 (DOI 10.24432/C5MC89),"pendiente (se asigna en Fase 3, semana 5)"
39,Dropout,1.0,UCI id=697 (DOI 10.24432/C5MC89),"pendiente (se asigna en Fase 3, semana 5)"
40,Dropout,1.0,UCI id=697 (DOI 10.24432/C5MC89),"pendiente (se asigna en Fase 3, semana 5)"
41,Graduate,0.0,UCI id=697 (DOI 10.24432/C5MC89),"pendiente (se asigna en Fase 3, semana 5)"
42,Graduate,0.0,UCI id=697 (DOI 10.24432/C5MC89),"pendiente (se asigna en Fase 3, semana 5)"
43,Dropout,1.0,UCI id=697 (DOI 10.24432/C5MC89),"pendiente (se asigna en Fase 3, semana 5)"
44,Dropout,1.0,UCI id=697 (DOI 10.24432/C5MC89),"pendiente (se asigna en Fase 3, semana 5)"
45,Enrolled,,UCI id=697 (DOI 10.24432/C5MC89),"pendiente (se asigna en Fase 3, semana 5)"
46,Graduate,0.0,UCI id=697 (DOI 10.24432/C5MC89),"pendiente (se asigna en Fase 3, semana 5)"
47,Graduate,0.0,UCI id=697 (DOI 10.24432/C5MC89),"pendiente (se asigna en Fase 3, semana 5)"
48,Graduate,0.0,UCI id=697 (DOI 10.24432/C5MC89),"pendiente (se asigna en Fase 3, semana 5)"
49,Graduate,0.0,UCI id=697 (DOI 10.24432/C5MC89),"pendiente (se asigna en Fase 3, semana 5)"
50,Graduate,0.0,UCI id=697 (DOI 10.24432/C5MC89),"pendiente (se asigna en Fase 3, semana 5)"
51,Enrolled,,UCI id=697 (DOI 10.24432/C5MC89),"pendiente (se asigna en Fase 3, semana 5)"
52,Enrolled,,UCI id=697 (DOI 10.24432/C5MC89),"pendiente (se asigna en Fase 3, semana 5)"
53,Graduate,0.0,UCI id=697 (DOI 10.24432/C5MC89),"pendiente (se asigna en Fase 3, semana 5)"
54,Dropout,1.0,UCI id=697 (DOI 10.24432/C5MC89),"pendiente (se asigna en Fase 3, semana 5)"
55,Graduate,0.0,UCI id=697 (DOI 10.24432/C5MC89),"pendiente (se asigna en Fase 3, semana 5)"
56,Dropout,1.0,UCI id=697 (DOI 10.24432/C5MC89),"pendiente (se asigna en Fase 3, semana 5)"
57,Dropout,1.0,UCI id=697 (DOI 10.24432/C5MC89),"pendiente (se asigna en Fase 3, semana 5)"
58,Graduate,0.0,UCI id=697 (DOI 10.24432/C5MC89),"pendiente (se asigna en Fase 3, semana 5)"
59,Enrolled,,UCI id=697 (DOI 10.24432/C5MC89),"pendiente (se asigna en Fase 3, semana 5)"
60,Graduate,0.0,UCI id=697 (DOI 10.24432/C5MC89),"pendiente (se asigna en Fase 3, semana 5)"
61,Graduate,0.0,UCI id=697 (DOI 10.24432/C5MC89),"pendiente (se asigna en Fase 3, semana 5)"
62,Enrolled,,UCI id=697 (DOI 10.24432/C5MC89),"pendiente (se asigna en Fase 3, semana 5)"
63,Enrolled,,UCI id=697 (DOI 10.24432/C5MC89),"pendiente (se asigna en Fase 3, semana 5)"
64,Enrolled,,UCI id=697 (DOI 10.24432/C5MC89),"pendiente (se asigna en Fase 3, semana 5)"
65,Dropout,1.0,UCI id=697 (DOI 10.24432/C5MC89),"pendiente (se asigna en Fase 3, semana 5)"
66,Graduate,0.0,UCI id=697 (DOI 10.24432/C5MC89),"pendiente (se asigna en Fase 3, semana 5)"
67,Graduate,0.0,UCI id=697 (DOI 10.24432/C5MC89),"pendiente (se asigna en Fase 3, semana 5)"
68,Dropout,1.0,UCI id=697 (DOI 10.24432/C5MC89),"pendiente (se asigna en Fase 3, semana 5)"
69,Enrolled,,UCI id=697 (DOI 10.24432/C5MC89),"pendiente (se asigna en Fase 3, semana 5)"
70,Enrolled,,UCI id=697 (DOI 10.24432/C5MC89),"pendiente (se asigna en Fase 3, semana 5)"
71,Graduate,0.0,UCI id=697 (DOI 10.24432/C5MC89),"pendiente (se asigna en Fase 3, semana 5)"
72,Dropout,1.0,UCI id=697 (DOI 10.24432/C5MC89),"pendiente (se asigna en Fase 3, semana 5)"
73,Dropout,1.0,UCI id=697 (DOI 10.24432/C5MC89),"pendiente (se asigna en Fase 3, semana 5)"
74,Graduate,0.0,UCI id=697 (DOI 10.24432/C5MC89),"pendiente (se asigna en Fase 3, semana 5)"
75,Dropout,1.0,UCI id=697 (DOI 10.24432/C5MC89),"pendiente (se asigna en Fase 3, semana 5)"
76,Dropout,1.0,UCI id=697 (DOI 10.24432/C5MC89),"pendiente (se asigna en Fase 3, semana 5)"
77,Graduate,0.0,UCI id=697 (DOI 10.24432/C5MC89),"pendiente (se asigna en Fase 3, semana 5)"
78,Graduate,0.0,UCI id=697 (DOI 10.24432/C5MC89),"pendiente (se asigna en Fase 3, semana 5)"
79,Graduate,0.0,UCI id=697 (DOI 10.24432/C5MC89),"pendiente (se asigna en Fase 3, semana 5)"
80,Dropout,1.0,UCI id=697 (DOI 10.24432/C5MC89),"pendiente (se asigna en Fase 3, semana 5)"
81,Dropout,1.0,UCI id=697 (DOI 10.24432/C5MC89),"pendiente (se asigna en Fase 3, semana 5)"
82,Dropout,1.0,UCI id=697 (DOI 10.24432/C5MC89),"pendiente (se asigna en Fase 3, semana 5)"
83,Enrolled,,UCI id=697 (DOI 10.24432/C5MC89),"pendiente (se asigna en Fase 3, semana 5)"
84,Graduate,0.0,UCI id=697 (DOI 10.24432/C5MC89),"pendiente (se asigna en Fase 3, semana 5)"
85,Graduate,0.0,UCI id=697 (DOI 10.24432/C5MC89),"pendiente (se asigna en Fase 3, semana 5)"
86,Graduate,0.0,UCI id=697 (DOI 10.24432/C5MC89),"pendiente (se asigna en Fase 3, semana 5)"
87,Graduate,0.0,UCI id=697 (DOI 10.24432/C5MC89),"pendiente (se asigna en Fase 3, semana 5)"
88,Enrolled,,UCI id=697 (DOI 10.24432/C5MC89),"pendiente (se asigna en Fase 3, semana 5)"
89,Enrolled,,UCI id=697 (DOI 10.24432/C5MC89),"pendiente (se asigna en Fase 3, semana 5)"
90,Dropout,1.0,UCI id=697 (DOI 10.24432/C5MC89),"pendiente (se asigna en Fase 3, semana 5)"
91,Graduate,0.0,UCI id=697 (DOI 10.24432/C5MC89),"pendiente (se asigna en Fase 3, semana 5)"
92,Dropout,1.0,UCI id=697 (DOI 10.24432/C5MC89),"pendiente (se asigna en Fase 3, semana 5)"
93,Dropout,1.0,UCI id=697 (DOI 10.24432/C5MC89),"pendiente (se asigna en Fase 3, semana 5)"
94,Graduate,0.0,UCI id=697 (DOI 10.24432/C5MC89),"pendiente (se asigna en Fase 3, semana 5)"
95,Enrolled,,UCI id=697 (DOI 10.24432/C5MC89),"pendiente (se asigna en Fase 3, semana 5)"
96,Graduate,0.0,UCI id=697 (DOI 10.24432/C5MC89),"pendiente (se asigna en Fase 3, semana 5)"
97,Graduate,0.0,UCI id=697 (DOI 10.24432/C5MC89),"pendiente (se asigna en Fase 3, semana 5)"
98,Enrolled,,UCI id=697 (DOI 10.24432/C5MC89),"pendiente (se asigna en Fase 3, semana 5)"
99,Dropout,1.0,UCI id=697 (DOI 10.24432/C5MC89),"pendiente (se asigna en Fase 3, semana 5)"
100,Dropout,1.0,UCI id=697 (DOI 10.24432/C5MC89),"pendiente (se asigna en Fase 3, semana 5)"
101,Graduate,0.0,UCI id=697 (DOI 10.24432/C5MC89),"pendiente (se asigna en Fase 3, semana 5)"
102,Dropout,1.0,UCI id=697 (DOI 10.24432/C5MC89),"pendiente (se asigna en Fase 3, semana 5)"
103,Graduate,0.0,UCI id=697 (DOI 10.24432/C5MC89),"pendiente (se asigna en Fase 3, semana 5)"
104,Dropout,1.0,UCI id=697 (DOI 10.24432/C5MC89),"pendiente (se asigna en Fase 3, semana 5)"
105,Graduate,0.0,UCI id=697 (DOI 10.24432/C5MC89),"pendiente (se asigna en Fase 3, semana 5)"
106,Dropout,1.0,UCI id=697 (DOI 10.24432/C5MC89),"pendiente (se asigna en Fase 3, semana 5)"
107,Dropout,1.0,UCI id=697 (DOI 10.24432/C5MC89),"pendiente (se asigna en Fase 3, semana 5)"
108,Dropout,1.0,UCI id=697 (DOI 10.24432/C5MC89),"pendiente (se asigna en Fase 3, semana 5)"
109,Enrolled,,UCI id=697 (DOI 10.24432/C5MC89),"pendiente (se asigna en Fase 3, semana 5)"
110,Graduate,0.0,UCI id=697 (DOI 10.24432/C5MC89),"pendiente (se asigna en Fase 3, semana 5)"
111,Enrolled,,UCI id=697 (DOI 10.24432/C5MC89),"pendiente (se asigna en Fase 3, semana 5)"
112,Graduate,0.0,UCI id=697 (DOI 10.24432/C5MC89),"pendiente (se asigna en Fase 3, semana 5)"
113,Graduate,0.0,UCI id=697 (DOI 10.24432/C5MC89),"pendiente (se asigna en Fase 3, semana 5)"
114,Dropout,1.0,UCI id=697 (DOI 10.24432/C5MC89),"pendiente (se asigna en Fase 3, semana 5)"
115,Enrolled,,UCI id=697 (DOI 10.24432/C5MC89),"pendiente (se asigna en Fase 3, semana 5)"
116,Enrolled,,UCI id=697 (DOI 10.24432/C5MC89),"pendiente (se asigna en Fase 3, semana 5)"
117,Enrolled,,UCI id=697 (DOI 10.24432/C5MC89),"pendiente (se asigna en Fase 3, semana 5)"
118,Graduate,0.0,UCI id=697 (DOI 10.24432/C5MC89),"pendiente (se asigna en Fase 3, semana 5)"
119,Graduate,0.0,UCI id=697 (DOI 10.24432/C5MC89),"pendiente (se asigna en Fase 3, semana 5)"
120,Dropout,1.0,UCI id=697 (DOI 10.24432/C5MC89),"pendiente (se asigna en Fase 3, semana 5)"
121,Graduate,0.0,UCI id=697 (DOI 10.24432/C5MC89),"pendiente (se asigna en Fase 3, semana 5)"
122,Dropout,1.0,UCI id=697 (DOI 10.24432/C5MC89),"pendiente (se asigna en Fase 3, semana 5)"
123,Graduate,0.0,UCI id=697 (DOI 10.24432/C5MC89),"pendiente (se asigna en Fase 3, semana 5)"
124,Graduate,0.0,UCI id=697 (DOI 10.24432/C5MC89),"pendiente (se asigna en Fase 3, semana 5)"
125,Dropout,1.0,UCI id=697 (DOI 10.24432/C5MC89),"pendiente (se asigna en Fase 3, semana 5)"
126,Graduate,0.0,UCI id=697 (DOI 10.24432/C5MC89),"pendiente (se asigna en Fase 3, semana 5)"
127,Enrolled,,UCI id=697 (DOI 10.24432/C5MC89),"pendiente (se asigna en Fase 3, semana 5)"
128,Graduate,0.0,UCI id=697 (DOI 10.24432/C5MC89),"pendiente (se asigna en Fase 3, semana 5)"
129,Graduate,0.0,UCI id=697 (DOI 10.24432/C5MC89),"pendiente (se asigna en Fase 3, semana 5)"
130,Dropout,1.0,UCI id=697 (DOI 10.24432/C5MC89),"pendiente (se asigna en Fase 3, semana 5)"
131,Graduate,0.0,UCI id=697 (DOI 10.24432/C5MC89),"pendiente (se asigna en Fase 3, semana 5)"
132,Graduate,0.0,UCI id=697 (DOI 10.24432/C5MC89),"pendiente (se asigna en Fase 3, semana 5)"
133,Dropout,1.0,UCI id=697 (DOI 10.24432/C5MC89),"pendiente (se asigna en Fase 3, semana 5)"
134,Graduate,0.0,UCI id=697 (DOI 10.24432/C5MC89),"pendiente (se asigna en Fase 3, semana 5)"
135,Dropout,1.0,UCI id=697 (DOI 10.24432/C5MC89),"pendiente (se asigna en Fase 3, semana 5)"
136,Graduate,0.0,UCI id=697 (DOI 10.24432/C5MC89),"pendiente (se asigna en Fase 3, semana 5)"
137,Graduate,0.0,UCI id=697 (DOI 10.24432/C5MC89),"pendiente (se asigna en Fase 3, semana 5)"
138,Enrolled,,UCI id=697 (DOI 10.24432/C5MC89),"pendiente (se asigna en Fase 3, semana 5)"
139,Graduate,0.0,UCI id=697 (DOI 10.24432/C5MC89),"pendiente (se asigna en Fase 3, semana 5)"
140,Graduate,0.0,UCI id=697 (DOI 10.24432/C5MC89),"pendiente (se asigna en Fase 3, semana 5)"
141,Graduate,0.0,UCI id=697 (DOI 10.24432/C5MC89),"pendiente (se asigna en Fase 3, semana 5)"
142,Enrolled,,UCI id=697 (DOI 10.24432/C5MC89),"pendiente (se asigna en Fase 3, semana 5)"
143,Graduate,0.0,UCI id=697 (DOI 10.24432/C5MC89),"pendiente (se asigna en Fase 3, semana 5)"
144,Graduate,0.0,UCI id=697 (DOI 10.24432/C5MC89),"pendiente (se asigna en Fase 3, semana 5)"
145,Graduate,0.0,UCI id=697 (DOI 10.24432/C5MC89),"pendiente (se asigna en Fase 3, semana 5)"
146,Dropout,1.0,UCI id=697 (DOI 10.24432/C5MC89),"pendiente (se asigna en Fase 3, semana 5)"
147,Dropout,1.0,UCI id=697 (DOI 10.24432/C5MC89),"pendiente (se asigna en Fase 3, semana 5)"
148,Graduate,0.0,UCI id=697 (DOI 10.24432/C5MC89),"pendiente (se asigna en Fase 3, semana 5)"
149,Graduate,0.0,UCI id=697 (DOI 10.24432/C5MC89),"pendiente (se asigna en Fase 3, semana 5)"
150,Enrolled,,UCI id=697 (DOI 10.24432/C5MC89),"pendiente (se asigna en Fase 3, semana 5)"
151,Graduate,0.0,UCI id=697 (DOI 10.24432/C5MC89),"pendiente (se asigna en Fase 3, semana 5)"
152,Enrolled,,UCI id=697 (DOI 10.24432/C5MC89),"pendiente (se asigna en Fase 3, semana 5)"
153,Graduate,0.0,UCI id=697 (DOI 10.24432/C5MC89),"pendiente (se asigna en Fase 3, semana 5)"
154,Dropout,1.0,UCI id=697 (DOI 10.24432/C5MC89),"pendiente (se asigna en Fase 3, semana 5)"
155,Dropout,1.0,UCI id=697 (DOI 10.24432/C5MC89),"pendiente (se asigna en Fase 3, semana 5)"
156,Graduate,0.0,UCI id=697 (DOI 10.24432/C5MC89),"pendiente (se asigna en Fase 3, semana 5)"
157,Graduate,0.0,UCI id=697 (DOI 10.24432/C5MC89),"pendiente (se asigna en Fase 3, semana 5)"
158,Graduate,0.0,UCI id=697 (DOI 10.24432/C5MC89),"pendiente (se asigna en Fase 3, semana 5)"
159,Graduate,0.0,UCI id=697 (DOI 10.24432/C5MC89),"pendiente (se asigna en Fase 3, semana 5)"
160,Dropout,1.0,UCI id=697 (DOI 10.24432/C5MC89),"pendiente (se asigna en Fase 3, semana 5)"
161,Graduate,0.0,UCI id=697 (DOI 10.24432/C5MC89),"pendiente (se asigna en Fase 3, semana 5)"
162,Graduate,0.0,UCI id=697 (DOI 10.24432/C5MC89),"pendiente (se asigna en Fase 3, semana 5)"
163,Dropout,1.0,UCI id=697 (DOI 10.24432/C5MC89),"pendiente (se asigna en Fase 3, semana 5)"
164,Graduate,0.0,UCI id=697 (DOI 10.24432/C5MC89),"pendiente (se asigna en Fase 3, semana 5)"
165,Graduate,0.0,UCI id=697 (DOI 10.24432/C5MC89),"pendiente (se asigna en Fase 3, semana 5)"
166,Enrolled,,UCI id=697 (DOI 10.24432/C5MC89),"pendiente (se asigna en Fase 3, semana 5)"
167,Graduate,0.0,UCI id=697 (DOI 10.24432/C5MC89),"pendiente (se asigna en Fase 3, semana 5)"
168,Graduate,0.0,UCI id=697 (DOI 10.24432/C5MC89),"pendiente (se asigna en Fase 3, semana 5)"
169,Dropout,1.0,UCI id=697 (DOI 10.24432/C5MC89),"pendiente (se asigna en Fase 3, semana 5)"
170,Enrolled,,UCI id=697 (DOI 10.24432/C5MC89),"pendiente (se asigna en Fase 3, semana 5)"
171,Graduate,0.0,UCI id=697 (DOI 10.24432/C5MC89),"pendiente (se asigna en Fase 3, semana 5)"
172,Graduate,0.0,UCI id=697 (DOI 10.24432/C5MC89),"pendiente (se asigna en Fase 3, semana 5)"
173,Graduate,0.0,UCI id=697 (DOI 10.24432/C5MC89),"pendiente (se asigna en Fase 3, semana 5)"
174,Dropout,1.0,UCI id=697 (DOI 10.24432/C5MC89),"pendiente (se asigna en Fase 3, semana 5)"
175,Enrolled,,UCI id=697 (DOI 10.24432/C5MC89),"pendiente (se asigna en Fase 3, semana 5)"
176,Graduate,0.0,UCI id=697 (DOI 10.24432/C5MC89),"pendiente (se asigna en Fase 3, semana 5)"
177,Dropout,1.0,UCI id=697 (DOI 10.24432/C5MC89),"pendiente (se asigna en Fase 3, semana 5)"
178,Dropout,1.0,UCI id=697 (DOI 10.24432/C5MC89),"pendiente (se asigna en Fase 3, semana 5)"
179,Dropout,1.0,UCI id=697 (DOI 10.24432/C5MC89),"pendiente (se asigna en Fase 3, semana 5)"
180,Graduate,0.0,UCI id=697 (DOI 10.24432/C5MC89),"pendiente (se asigna en Fase 3, semana 5)"
181,Enrolled,,UCI id=697 (DOI 10.24432/C5MC89),"pendiente (se asigna en Fase 3, semana 5)"
182,Dropout,1.0,UCI id=697 (DOI 10.24432/C5MC89),"pendiente (se asigna en Fase 3, semana 5)"
183,Dropout,1.0,UCI id=697 (DOI 10.24432/C5MC89),"pendiente (se asigna en Fase 3, semana 5)"
184,Dropout,1.0,UCI id=697 (DOI 10.24432/C5MC89),"pendiente (se asigna en Fase 3, semana 5)"
185,Dropout,1.0,UCI id=697 (DOI 10.24432/C5MC89),"pendiente (se asigna en Fase 3, semana 5)"
186,Enrolled,,UCI id=697 (DOI 10.24432/C5MC89),"pendiente (se asigna en Fase 3, semana 5)"
187,Graduate,0.0,UCI id=697 (DOI 10.24432/C5MC89),"pendiente (se asigna en Fase 3, semana 5)"
188,Dropout,1.0,UCI id=697 (DOI 10.24432/C5MC89),"pendiente (se asigna en Fase 3, semana 5)"
189,Graduate,0.0,UCI id=697 (DOI 10.24432/C5MC89),"pendiente (se asigna en Fase 3, semana 5)"
190,Graduate,0.0,UCI id=697 (DOI 10.24432/C5MC89),"pendiente (se asigna en Fase 3, semana 5)"
191,Enrolled,,UCI id=697 (DOI 10.24432/C5MC89),"pendiente (se asigna en Fase 3, semana 5)"
192,Dropout,1.0,UCI id=697 (DOI 10.24432/C5MC89),"pendiente (se asigna en Fase 3, semana 5)"
193,Dropout,1.0,UCI id=697 (DOI 10.24432/C5MC89),"pendiente (se asigna en Fase 3, semana 5)"
194,Graduate,0.0,UCI id=697 (DOI 10.24432/C5MC89),"pendiente (se asigna en Fase 3, semana 5)"
195,Dropout,1.0,UCI id=697 (DOI 10.24432/C5MC89),"pendiente (se asigna en Fase 3, semana 5)"
196,Graduate,0.0,UCI id=697 (DOI 10.24432/C5MC89),"pendiente (se asigna en Fase 3, semana 5)"
197,Dropout,1.0,UCI id=697 (DOI 10.24432/C5MC89),"pendiente (se asigna en Fase 3, semana 5)"
198,Graduate,0.0,UCI id=697 (DOI 10.24432/C5MC89),"pendiente (se asigna en Fase 3, semana 5)"
199,Enrolled,,UCI id=697 (DOI 10.24432/C5MC89),"pendiente (se asigna en Fase 3, semana 5)"
200,Graduate,0.0,UCI id=697 (DOI 10.24432/C5MC89),"pendiente (se asigna en Fase 3, semana 5)"
201,Graduate,0.0,UCI id=697 (DOI 10.24432/C5MC89),"pendiente (se asigna en Fase 3, semana 5)"
202,Graduate,0.0,UCI id=697 (DOI 10.24432/C5MC89),"pendiente (se asigna en Fase 3, semana 5)"
203,Graduate,0.0,UCI id=697 (DOI 10.24432/C5MC89),"pendiente (se asigna en Fase 3, semana 5)"
204,Graduate,0.0,UCI id=697 (DOI 10.24432/C5MC89),"pendiente (se asigna en Fase 3, semana 5)"
205,Graduate,0.0,UCI id=697 (DOI 10.24432/C5MC89),"pendiente (se asigna en Fase 3, semana 5)"
206,Graduate,0.0,UCI id=697 (DOI 10.24432/C5MC89),"pendiente (se asigna en Fase 3, semana 5)"
207,Graduate,0.0,UCI id=697 (DOI 10.24432/C5MC89),"pendiente (se asigna en Fase 3, semana 5)"
208,Graduate,0.0,UCI id=697 (DOI 10.24432/C5MC89),"pendiente (se asigna en Fase 3, semana 5)"
209,Dropout,1.0,UCI id=697 (DOI 10.24432/C5MC89),"pendiente (se asigna en Fase 3, semana 5)"
210,Graduate,0.0,UCI id=697 (DOI 10.24432/C5MC89),"pendiente (se asigna en Fase 3, semana 5)"
211,Graduate,0.0,UCI id=697 (DOI 10.24432/C5MC89),"pendiente (se asigna en Fase 3, semana 5)"
212,Graduate,0.0,UCI id=697 (DOI 10.24432/C5MC89),"pendiente (se asigna en Fase 3, semana 5)"
213,Dropout,1.0,UCI id=697 (DOI 10.24432/C5MC89),"pendiente (se asigna en Fase 3, semana 5)"
214,Graduate,0.0,UCI id=697 (DOI 10.24432/C5MC89),"pendiente (se asigna en Fase 3, semana 5)"
215,Enrolled,,UCI id=697 (DOI 10.24432/C5MC89),"pendiente (se asigna en Fase 3, semana 5)"
216,Graduate,0.0,UCI id=697 (DOI 10.24432/C5MC89),"pendiente (se asigna en Fase 3, semana 5)"
217,Dropout,1.0,UCI id=697 (DOI 10.24432/C5MC89),"pendiente (se asigna en Fase 3, semana 5)"
218,Dropout,1.0,UCI id=697 (DOI 10.24432/C5MC89),"pendiente (se asigna en Fase 3, semana 5)"
219,Dropout,1.0,UCI id=697 (DOI 10.24432/C5MC89),"pendiente (se asigna en Fase 3, semana 5)"
220,Graduate,0.0,UCI id=697 (DOI 10.24432/C5MC89),"pendiente (se asigna en Fase 3, semana 5)"
221,Graduate,0.0,UCI id=697 (DOI 10.24432/C5MC89),"pendiente (se asigna en Fase 3, semana 5)"
222,Dropout,1.0,UCI id=697 (DOI 10.24432/C5MC89),"pendiente (se asigna en Fase 3, semana 5)"
223,Graduate,0.0,UCI id=697 (DOI 10.24432/C5MC89),"pendiente (se asigna en Fase 3, semana 5)"
224,Graduate,0.0,UCI id=697 (DOI 10.24432/C5MC89),"pendiente (se asigna en Fase 3, semana 5)"
225,Graduate,0.0,UCI id=697 (DOI 10.24432/C5MC89),"pendiente (se asigna en Fase 3, semana 5)"
226,Graduate,0.0,UCI id=697 (DOI 10.24432/C5MC89),"pendiente (se asigna en Fase 3, semana 5)"
227,Graduate,0.0,UCI id=697 (DOI 10.24432/C5MC89),"pendiente (se asigna en Fase 3, semana 5)"
228,Dropout,1.0,UCI id=697 (DOI 10.24432/C5MC89),"pendiente (se asigna en Fase 3, semana 5)"
229,Graduate,0.0,UCI id=697 (DOI 10.24432/C5MC89),"pendiente (se asigna en Fase 3, semana 5)"
230,Graduate,0.0,UCI id=697 (DOI 10.24432/C5MC89),"pendiente (se asigna en Fase 3, semana 5)"
231,Dropout,1.0,UCI id=697 (DOI 10.24432/C5MC89),"pendiente (se asigna en Fase 3, semana 5)"
232,Graduate,0.0,UCI id=697 (DOI 10.24432/C5MC89),"pendiente (se asigna en Fase 3, semana 5)"
233,Graduate,0.0,UCI id=697 (DOI 10.24432/C5MC89),"pendiente (se asigna en Fase 3, semana 5)"
234,Dropout,1.0,UCI id=697 (DOI 10.24432/C5MC89),"pendiente (se asigna en Fase 3, semana 5)"
235,Graduate,0.0,UCI id=697 (DOI 10.24432/C5MC89),"pendiente (se asigna en Fase 3, semana 5)"
236,Graduate,0.0,UCI id=697 (DOI 10.24432/C5MC89),"pendiente (se asigna en Fase 3, semana 5)"
237,Graduate,0.0,UCI id=697 (DOI 10.24432/C5MC89),"pendiente (se asigna en Fase 3, semana 5)"
238,Dropout,1.0,UCI id=697 (DOI 10.24432/C5MC89),"pendiente (se asigna en Fase 3, semana 5)"
239,Dropout,1.0,UCI id=697 (DOI 10.24432/C5MC89),"pendiente (se asigna en Fase 3, semana 5)"
240,Enrolled,,UCI id=697 (DOI 10.24432/C5MC89),"pendiente (se asigna en Fase 3, semana 5)"
241,Enrolled,,UCI id=697 (DOI 10.24432/C5MC89),"pendiente (se asigna en Fase 3, semana 5)"
242,Graduate,0.0,UCI id=697 (DOI 10.24432/C5MC89),"pendiente (se asigna en Fase 3, semana 5)"
243,Dropout,1.0,UCI id=697 (DOI 10.24432/C5MC89),"pendiente (se asigna en Fase 3, semana 5)"
244,Graduate,0.0,UCI id=697 (DOI 10.24432/C5MC89),"pendiente (se asigna en Fase 3, semana 5)"
245,Graduate,0.0,UCI id=697 (DOI 10.24432/C5MC89),"pendiente (se asigna en Fase 3, semana 5)"
246,Graduate,0.0,UCI id=697 (DOI 10.24432/C5MC89),"pendiente (se asigna en Fase 3, semana 5)"
247,Dropout,1.0,UCI id=697 (DOI 10.24432/C5MC89),"pendiente (se asigna en Fase 3, semana 5)"
248,Graduate,0.0,UCI id=697 (DOI 10.24432/C5MC89),"pendiente (se asigna en Fase 3, semana 5)"
249,Graduate,0.0,UCI id=697 (DOI 10.24432/C5MC89),"pendiente (se asigna en Fase 3, semana 5)"
250,Enrolled,,UCI id=697 (DOI 10.24432/C5MC89),"pendiente (se asigna en Fase 3, semana 5)"
251,Dropout,1.0,UCI id=697 (DOI 10.24432/C5MC89),"pendiente (se asigna en Fase 3, semana 5)"
252,Graduate,0.0,UCI id=697 (DOI 10.24432/C5MC89),"pendiente (se asigna en Fase 3, semana 5)"
253,Enrolled,,UCI id=697 (DOI 10.24432/C5MC89),"pendiente (se asigna en Fase 3, semana 5)"
254,Graduate,0.0,UCI id=697 (DOI 10.24432/C5MC89),"pendiente (se asigna en Fase 3, semana 5)"
255,Dropout,1.0,UCI id=697 (DOI 10.24432/C5MC89),"pendiente (se asigna en Fase 3, semana 5)"
256,Graduate,0.0,UCI id=697 (DOI 10.24432/C5MC89),"pendiente (se asigna en Fase 3, semana 5)"
257,Enrolled,,UCI id=697 (DOI 10.24432/C5MC89),"pendiente (se asigna en Fase 3, semana 5)"
258,Graduate,0.0,UCI id=697 (DOI 10.24432/C5MC89),"pendiente (se asigna en Fase 3, semana 5)"
259,Dropout,1.0,UCI id=697 (DOI 10.24432/C5MC89),"pendiente (se asigna en Fase 3, semana 5)"
260,Graduate,0.0,UCI id=697 (DOI 10.24432/C5MC89),"pendiente (se asigna en Fase 3, semana 5)"
261,Dropout,1.0,UCI id=697 (DOI 10.24432/C5MC89),"pendiente (se asigna en Fase 3, semana 5)"
262,Dropout,1.0,UCI id=697 (DOI 10.24432/C5MC89),"pendiente (se asigna en Fase 3, semana 5)"
263,Graduate,0.0,UCI id=697 (DOI 10.24432/C5MC89),"pendiente (se asigna en Fase 3, semana 5)"
264,Graduate,0.0,UCI id=697 (DOI 10.24432/C5MC89),"pendiente (se asigna en Fase 3, semana 5)"
265,Graduate,0.0,UCI id=697 (DOI 10.24432/C5MC89),"pendiente (se asigna en Fase 3, semana 5)"
266,Graduate,0.0,UCI id=697 (DOI 10.24432/C5MC89),"pendiente (se asigna en Fase 3, semana 5)"
267,Graduate,0.0,UCI id=697 (DOI 10.24432/C5MC89),"pendiente (se asigna en Fase 3, semana 5)"
268,Graduate,0.0,UCI id=697 (DOI 10.24432/C5MC89),"pendiente (se asigna en Fase 3, semana 5)"
269,Graduate,0.0,UCI id=697 (DOI 10.24432/C5MC89),"pendiente (se asigna en Fase 3, semana 5)"
270,Graduate,0.0,UCI id=697 (DOI 10.24432/C5MC89),"pendiente (se asigna en Fase 3, semana 5)"
271,Dropout,1.0,UCI id=697 (DOI 10.24432/C5MC89),"pendiente (se asigna en Fase 3, semana 5)"
272,Graduate,0.0,UCI id=697 (DOI 10.24432/C5MC89),"pendiente (se asigna en Fase 3, semana 5)"
273,Graduate,0.0,UCI id=697 (DOI 10.24432/C5MC89),"pendiente (se asigna en Fase 3, semana 5)"
274,Graduate,0.0,UCI id=697 (DOI 10.24432/C5MC89),"pendiente (se asigna en Fase 3, semana 5)"
275,Graduate,0.0,UCI id=697 (DOI 10.24432/C5MC89),"pendiente (se asigna en Fase 3, semana 5)"
276,Dropout,1.0,UCI id=697 (DOI 10.24432/C5MC89),"pendiente (se asigna en Fase 3, semana 5)"
277,Dropout,1.0,UCI id=697 (DOI 10.24432/C5MC89),"pendiente (se asigna en Fase 3, semana 5)"
278,Enrolled,,UCI id=697 (DOI 10.24432/C5MC89),"pendiente (se asigna en Fase 3, semana 5)"
279,Graduate,0.0,UCI id=697 (DOI 10.24432/C5MC89),"pendiente (se asigna en Fase 3, semana 5)"
280,Graduate,0.0,UCI id=697 (DOI 10.24432/C5MC89),"pendiente (se asigna en Fase 3, semana 5)"
281,Graduate,0.0,UCI id=697 (DOI 10.24432/C5MC89),"pendiente (se asigna en Fase 3, semana 5)"
282,Graduate,0.0,UCI id=697 (DOI 10.24432/C5MC89),"pendiente (se asigna en Fase 3, semana 5)"
283,Graduate,0.0,UCI id=697 (DOI 10.24432/C5MC89),"pendiente (se asigna en Fase 3, semana 5)"
284,Graduate,0.0,UCI id=697 (DOI 10.24432/C5MC89),"pendiente (se asigna en Fase 3, semana 5)"
285,Graduate,0.0,UCI id=697 (DOI 10.24432/C5MC89),"pendiente (se asigna en Fase 3, semana 5)"
286,Enrolled,,UCI id=697 (DOI 10.24432/C5MC89),"pendiente (se asigna en Fase 3, semana 5)"
287,Graduate,0.0,UCI id=697 (DOI 10.24432/C5MC89),"pendiente (se asigna en Fase 3, semana 5)"
288,Graduate,0.0,UCI id=697 (DOI 10.24432/C5MC89),"pendiente (se asigna en Fase 3, semana 5)"
289,Graduate,0.0,UCI id=697 (DOI 10.24432/C5MC89),"pendiente (se asigna en Fase 3, semana 5)"
290,Graduate,0.0,UCI id=697 (DOI 10.24432/C5MC89),"pendiente (se asigna en Fase 3, semana 5)"
291,Graduate,0.0,UCI id=697 (DOI 10.24432/C5MC89),"pendiente (se asigna en Fase 3, semana 5)"
292,Enrolled,,UCI id=697 (DOI 10.24432/C5MC89),"pendiente (se asigna en Fase 3, semana 5)"
293,Graduate,0.0,UCI id=697 (DOI 10.24432/C5MC89),"pendiente (se asigna en Fase 3, semana 5)"
294,Dropout,1.0,UCI id=697 (DOI 10.24432/C5MC89),"pendiente (se asigna en Fase 3, semana 5)"
295,Graduate,0.0,UCI id=697 (DOI 10.24432/C5MC89),"pendiente (se asigna en Fase 3, semana 5)"
296,Graduate,0.0,UCI id=697 (DOI 10.24432/C5MC89),"pendiente (se asigna en Fase 3, semana 5)"
297,Graduate,0.0,UCI id=697 (DOI 10.24432/C5MC89),"pendiente (se asigna en Fase 3, semana 5)"
298,Graduate,0.0,UCI id=697 (DOI 10.24432/C5MC89),"pendiente (se asigna en Fase 3, semana 5)"
299,Graduate,0.0,UCI id=697 (DOI 10.24432/C5MC89),"pendiente (se asigna en Fase 3, semana 5)"
300,Graduate,0.0,UCI id=697 (DOI 10.24432/C5MC89),"pendiente (se asigna en Fase 3, semana 5)"
301,Graduate,0.0,UCI id=697 (DOI 10.24432/C5MC89),"pendiente (se asigna en Fase 3, semana 5)"
302,Graduate,0.0,UCI id=697 (DOI 10.24432/C5MC89),"pendiente (se asigna en Fase 3, semana 5)"
303,Dropout,1.0,UCI id=697 (DOI 10.24432/C5MC89),"pendiente (se asigna en Fase 3, semana 5)"
304,Dropout,1.0,UCI id=697 (DOI 10.24432/C5MC89),"pendiente (se asigna en Fase 3, semana 5)"
305,Enrolled,,UCI id=697 (DOI 10.24432/C5MC89),"pendiente (se asigna en Fase 3, semana 5)"
306,Graduate,0.0,UCI id=697 (DOI 10.24432/C5MC89),"pendiente (se asigna en Fase 3, semana 5)"
307,Dropout,1.0,UCI id=697 (DOI 10.24432/C5MC89),"pendiente (se asigna en Fase 3, semana 5)"
308,Graduate,0.0,UCI id=697 (DOI 10.24432/C5MC89),"pendiente (se asigna en Fase 3, semana 5)"
309,Dropout,1.0,UCI id=697 (DOI 10.24432/C5MC89),"pendiente (se asigna en Fase 3, semana 5)"
310,Graduate,0.0,UCI id=697 (DOI 10.24432/C5MC89),"pendiente (se asigna en Fase 3, semana 5)"
311,Dropout,1.0,UCI id=697 (DOI 10.24432/C5MC89),"pendiente (se asigna en Fase 3, semana 5)"
312,Graduate,0.0,UCI id=697 (DOI 10.24432/C5MC89),"pendiente (se asigna en Fase 3, semana 5)"
313,Graduate,0.0,UCI id=697 (DOI 10.24432/C5MC89),"pendiente (se asigna en Fase 3, semana 5)"
314,Dropout,1.0,UCI id=697 (DOI 10.24432/C5MC89),"pendiente (se asigna en Fase 3, semana 5)"
315,Graduate,0.0,UCI id=697 (DOI 10.24432/C5MC89),"pendiente (se asigna en Fase 3, semana 5)"
316,Graduate,0.0,UCI id=697 (DOI 10.24432/C5MC89),"pendiente (se asigna en Fase 3, semana 5)"
317,Graduate,0.0,UCI id=697 (DOI 10.24432/C5MC89),"pendiente (se asigna en Fase 3, semana 5)"
318,Graduate,0.0,UCI id=697 (DOI 10.24432/C5MC89),"pendiente (se asigna en Fase 3, semana 5)"
319,Enrolled,,UCI id=697 (DOI 10.24432/C5MC89),"pendiente (se asigna en Fase 3, semana 5)"
320,Dropout,1.0,UCI id=697 (DOI 10.24432/C5MC89),"pendiente (se asigna en Fase 3, semana 5)"
321,Graduate,0.0,UCI id=697 (DOI 10.24432/C5MC89),"pendiente (se asigna en Fase 3, semana 5)"
322,Graduate,0.0,UCI id=697 (DOI 10.24432/C5MC89),"pendiente (se asigna en Fase 3, semana 5)"
323,Graduate,0.0,UCI id=697 (DOI 10.24432/C5MC89),"pendiente (se asigna en Fase 3, semana 5)"
324,Enrolled,,UCI id=697 (DOI 10.24432/C5MC89),"pendiente (se asigna en Fase 3, semana 5)"
325,Graduate,0.0,UCI id=697 (DOI 10.24432/C5MC89),"pendiente (se asigna en Fase 3, semana 5)"
326,Graduate,0.0,UCI id=697 (DOI 10.24432/C5MC89),"pendiente (se asigna en Fase 3, semana 5)"
327,Graduate,0.0,UCI id=697 (DOI 10.24432/C5MC89),"pendiente (se asigna en Fase 3, semana 5)"
328,Enrolled,,UCI id=697 (DOI 10.24432/C5MC89),"pendiente (se asigna en Fase 3, semana 5)"
329,Enrolled,,UCI id=697 (DOI 10.24432/C5MC89),"pendiente (se asigna en Fase 3, semana 5)"
330,Enrolled,,UCI id=697 (DOI 10.24432/C5MC89),"pendiente (se asigna en Fase 3, semana 5)"
331,Dropout,1.0,UCI id=697 (DOI 10.24432/C5MC89),"pendiente (se asigna en Fase 3, semana 5)"
332,Graduate,0.0,UCI id=697 (DOI 10.24432/C5MC89),"pendiente (se asigna en Fase 3, semana 5)"
333,Graduate,0.0,UCI id=697 (DOI 10.24432/C5MC89),"pendiente (se asigna en Fase 3, semana 5)"
334,Graduate,0.0,UCI id=697 (DOI 10.24432/C5MC89),"pendiente (se asigna en Fase 3, semana 5)"
335,Graduate,0.0,UCI id=697 (DOI 10.24432/C5MC89),"pendiente (se asigna en Fase 3, semana 5)"
336,Graduate,0.0,UCI id=697 (DOI 10.24432/C5MC89),"pendiente (se asigna en Fase 3, semana 5)"
337,Graduate,0.0,UCI id=697 (DOI 10.24432/C5MC89),"pendiente (se asigna en Fase 3, semana 5)"
338,Graduate,0.0,UCI id=697 (DOI 10.24432/C5MC89),"pendiente (se asigna en Fase 3, semana 5)"
339,Graduate,0.0,UCI id=697 (DOI 10.24432/C5MC89),"pendiente (se asigna en Fase 3, semana 5)"
340,Enrolled,,UCI id=697 (DOI 10.24432/C5MC89),"pendiente (se asigna en Fase 3, semana 5)"
341,Dropout,1.0,UCI id=697 (DOI 10.24432/C5MC89),"pendiente (se asigna en Fase 3, semana 5)"
342,Graduate,0.0,UCI id=697 (DOI 10.24432/C5MC89),"pendiente (se asigna en Fase 3, semana 5)"
343,Graduate,0.0,UCI id=697 (DOI 10.24432/C5MC89),"pendiente (se asigna en Fase 3, semana 5)"
344,Enrolled,,UCI id=697 (DOI 10.24432/C5MC89),"pendiente (se asigna en Fase 3, semana 5)"
345,Graduate,0.0,UCI id=697 (DOI 10.24432/C5MC89),"pendiente (se asigna en Fase 3, semana 5)"
346,Enrolled,,UCI id=697 (DOI 10.24432/C5MC89),"pendiente (se asigna en Fase 3, semana 5)"
347,Graduate,0.0,UCI id=697 (DOI 10.24432/C5MC89),"pendiente (se asigna en Fase 3, semana 5)"
348,Graduate,0.0,UCI id=697 (DOI 10.24432/C5MC89),"pendiente (se asigna en Fase 3, semana 5)"
349,Enrolled,,UCI id=697 (DOI 10.24432/C5MC89),"pendiente (se asigna en Fase 3, semana 5)"
350,Dropout,1.0,UCI id=697 (DOI 10.24432/C5MC89),"pendiente (se asigna en Fase 3, semana 5)"
351,Graduate,0.0,UCI id=697 (DOI 10.24432/C5MC89),"pendiente (se asigna en Fase 3, semana 5)"
352,Dropout,1.0,UCI id=697 (DOI 10.24432/C5MC89),"pendiente (se asigna en Fase 3, semana 5)"
353,Graduate,0.0,UCI id=697 (DOI 10.24432/C5MC89),"pendiente (se asigna en Fase 3, semana 5)"
354,Dropout,1.0,UCI id=697 (DOI 10.24432/C5MC89),"pendiente (se asigna en Fase 3, semana 5)"
355,Graduate,0.0,UCI id=697 (DOI 10.24432/C5MC89),"pendiente (se asigna en Fase 3, semana 5)"
356,Graduate,0.0,UCI id=697 (DOI 10.24432/C5MC89),"pendiente (se asigna en Fase 3, semana 5)"
357,Dropout,1.0,UCI id=697 (DOI 10.24432/C5MC89),"pendiente (se asigna en Fase 3, semana 5)"
358,Enrolled,,UCI id=697 (DOI 10.24432/C5MC89),"pendiente (se asigna en Fase 3, semana 5)"
359,Dropout,1.0,UCI id=697 (DOI 10.24432/C5MC89),"pendiente (se asigna en Fase 3, semana 5)"
360,Graduate,0.0,UCI id=697 (DOI 10.24432/C5MC89),"pendiente (se asigna en Fase 3, semana 5)"
361,Dropout,1.0,UCI id=697 (DOI 10.24432/C5MC89),"pendiente (se asigna en Fase 3, semana 5)"
362,Enrolled,,UCI id=697 (DOI 10.24432/C5MC89),"pendiente (se asigna en Fase 3, semana 5)"
363,Graduate,0.0,UCI id=697 (DOI 10.24432/C5MC89),"pendiente (se asigna en Fase 3, semana 5)"
364,Enrolled,,UCI id=697 (DOI 10.24432/C5MC89),"pendiente (se asigna en Fase 3, semana 5)"
365,Graduate,0.0,UCI id=697 (DOI 10.24432/C5MC89),"pendiente (se asigna en Fase 3, semana 5)"
366,Graduate,0.0,UCI id=697 (DOI 10.24432/C5MC89),"pendiente (se asigna en Fase 3, semana 5)"
367,Enrolled,,UCI id=697 (DOI 10.24432/C5MC89),"pendiente (se asigna en Fase 3, semana 5)"
368,Graduate,0.0,UCI id=697 (DOI 10.24432/C5MC89),"pendiente (se asigna en Fase 3, semana 5)"
369,Dropout,1.0,UCI id=697 (DOI 10.24432/C5MC89),"pendiente (se asigna en Fase 3, semana 5)"
370,Graduate,0.0,UCI id=697 (DOI 10.24432/C5MC89),"pendiente (se asigna en Fase 3, semana 5)"
371,Enrolled,,UCI id=697 (DOI 10.24432/C5MC89),"pendiente (se asigna en Fase 3, semana 5)"
372,Graduate,0.0,UCI id=697 (DOI 10.24432/C5MC89),"pendiente (se asigna en Fase 3, semana 5)"
373,Graduate,0.0,UCI id=697 (DOI 10.24432/C5MC89),"pendiente (se asigna en Fase 3, semana 5)"
374,Dropout,1.0,UCI id=697 (DOI 10.24432/C5MC89),"pendiente (se asigna en Fase 3, semana 5)"
375,Enrolled,,UCI id=697 (DOI 10.24432/C5MC89),"pendiente (se asigna en Fase 3, semana 5)"
376,Dropout,1.0,UCI id=697 (DOI 10.24432/C5MC89),"pendiente (se asigna en Fase 3, semana 5)"
377,Graduate,0.0,UCI id=697 (DOI 10.24432/C5MC89),"pendiente (se asigna en Fase 3, semana 5)"
378,Enrolled,,UCI id=697 (DOI 10.24432/C5MC89),"pendiente (se asigna en Fase 3, semana 5)"
379,Enrolled,,UCI id=697 (DOI 10.24432/C5MC89),"pendiente (se asigna en Fase 3, semana 5)"
380,Dropout,1.0,UCI id=697 (DOI 10.24432/C5MC89),"pendiente (se asigna en Fase 3, semana 5)"
381,Enrolled,,UCI id=697 (DOI 10.24432/C5MC89),"pendiente (se asigna en Fase 3, semana 5)"
382,Enrolled,,UCI id=697 (DOI 10.24432/C5MC89),"pendiente (se asigna en Fase 3, semana 5)"
383,Graduate,0.0,UCI id=697 (DOI 10.24432/C5MC89),"pendiente (se asigna en Fase 3, semana 5)"
384,Graduate,0.0,UCI id=697 (DOI 10.24432/C5MC89),"pendiente (se asigna en Fase 3, semana 5)"
385,Graduate,0.0,UCI id=697 (DOI 10.24432/C5MC89),"pendiente (se asigna en Fase 3, semana 5)"
386,Graduate,0.0,UCI id=697 (DOI 10.24432/C5MC89),"pendiente (se asigna en Fase 3, semana 5)"
387,Graduate,0.0,UCI id=697 (DOI 10.24432/C5MC89),"pendiente (se asigna en Fase 3, semana 5)"
388,Enrolled,,UCI id=697 (DOI 10.24432/C5MC89),"pendiente (se asigna en Fase 3, semana 5)"
389,Graduate,0.0,UCI id=697 (DOI 10.24432/C5MC89),"pendiente (se asigna en Fase 3, semana 5)"
390,Enrolled,,UCI id=697 (DOI 10.24432/C5MC89),"pendiente (se asigna en Fase 3, semana 5)"
391,Enrolled,,UCI id=697 (DOI 10.24432/C5MC89),"pendiente (se asigna en Fase 3, semana 5)"
392,Dropout,1.0,UCI id=697 (DOI 10.24432/C5MC89),"pendiente (se asigna en Fase 3, semana 5)"
393,Dropout,1.0,UCI id=697 (DOI 10.24432/C5MC89),"pendiente (se asigna en Fase 3, semana 5)"
394,Graduate,0.0,UCI id=697 (DOI 10.24432/C5MC89),"pendiente (se asigna en Fase 3, semana 5)"
395,Graduate,0.0,UCI id=697 (DOI 10.24432/C5MC89),"pendiente (se asigna en Fase 3, semana 5)"
396,Graduate,0.0,UCI id=697 (DOI 10.24432/C5MC89),"pendiente (se asigna en Fase 3, semana 5)"
397,Graduate,0.0,UCI id=697 (DOI 10.24432/C5MC89),"pendiente (se asigna en Fase 3, semana 5)"
398,Dropout,1.0,UCI id=697 (DOI 10.24432/C5MC89),"pendiente (se asigna en Fase 3, semana 5)"
399,Dropout,1.0,UCI id=697 (DOI 10.24432/C5MC89),"pendiente (se asigna en Fase 3, semana 5)"
400,Enrolled,,UCI id=697 (DOI 10.24432/C5MC89),"pendiente (se asigna en Fase 3, semana 5)"
401,Enrolled,,UCI id=697 (DOI 10.24432/C5MC89),"pendiente (se asigna en Fase 3, semana 5)"
402,Enrolled,,UCI id=697 (DOI 10.24432/C5MC89),"pendiente (se asigna en Fase 3, semana 5)"
403,Enrolled,,UCI id=697 (DOI 10.24432/C5MC89),"pendiente (se asigna en Fase 3, semana 5)"
404,Graduate,0.0,UCI id=697 (DOI 10.24432/C5MC89),"pendiente (se asigna en Fase 3, semana 5)"
405,Graduate,0.0,UCI id=697 (DOI 10.24432/C5MC89),"pendiente (se asigna en Fase 3, semana 5)"
406,Graduate,0.0,UCI id=697 (DOI 10.24432/C5MC89),"pendiente (se asigna en Fase 3, semana 5)"
407,Graduate,0.0,UCI id=697 (DOI 10.24432/C5MC89),"pendiente (se asigna en Fase 3, semana 5)"
408,Graduate,0.0,UCI id=697 (DOI 10.24432/C5MC89),"pendiente (se asigna en Fase 3, semana 5)"
409,Dropout,1.0,UCI id=697 (DOI 10.24432/C5MC89),"pendiente (se asigna en Fase 3, semana 5)"
410,Graduate,0.0,UCI id=697 (DOI 10.24432/C5MC89),"pendiente (se asigna en Fase 3, semana 5)"
411,Graduate,0.0,UCI id=697 (DOI 10.24432/C5MC89),"pendiente (se asigna en Fase 3, semana 5)"
412,Graduate,0.0,UCI id=697 (DOI 10.24432/C5MC89),"pendiente (se asigna en Fase 3, semana 5)"
413,Graduate,0.0,UCI id=697 (DOI 10.24432/C5MC89),"pendiente (se asigna en Fase 3, semana 5)"
414,Graduate,0.0,UCI id=697 (DOI 10.24432/C5MC89),"pendiente (se asigna en Fase 3, semana 5)"
415,Graduate,0.0,UCI id=697 (DOI 10.24432/C5MC89),"pendiente (se asigna en Fase 3, semana 5)"
416,Graduate,0.0,UCI id=697 (DOI 10.24432/C5MC89),"pendiente (se asigna en Fase 3, semana 5)"
417,Dropout,1.0,UCI id=697 (DOI 10.24432/C5MC89),"pendiente (se asigna en Fase 3, semana 5)"
418,Graduate,0.0,UCI id=697 (DOI 10.24432/C5MC89),"pendiente (se asigna en Fase 3, semana 5)"
419,Dropout,1.0,UCI id=697 (DOI 10.24432/C5MC89),"pendiente (se asigna en Fase 3, semana 5)"
420,Graduate,0.0,UCI id=697 (DOI 10.24432/C5MC89),"pendiente (se asigna en Fase 3, semana 5)"
421,Graduate,0.0,UCI id=697 (DOI 10.24432/C5MC89),"pendiente (se asigna en Fase 3, semana 5)"
422,Dropout,1.0,UCI id=697 (DOI 10.24432/C5MC89),"pendiente (se asigna en Fase 3, semana 5)"
423,Graduate,0.0,UCI id=697 (DOI 10.24432/C5MC89),"pendiente (se asigna en Fase 3, semana 5)"
424,Graduate,0.0,UCI id=697 (DOI 10.24432/C5MC89),"pendiente (se asigna en Fase 3, semana 5)"
425,Graduate,0.0,UCI id=697 (DOI 10.24432/C5MC89),"pendiente (se asigna en Fase 3, semana 5)"
426,Graduate,0.0,UCI id=697 (DOI 10.24432/C5MC89),"pendiente (se asigna en Fase 3, semana 5)"
427,Enrolled,,UCI id=697 (DOI 10.24432/C5MC89),"pendiente (se asigna en Fase 3, semana 5)"
428,Dropout,1.0,UCI id=697 (DOI 10.24432/C5MC89),"pendiente (se asigna en Fase 3, semana 5)"
429,Graduate,0.0,UCI id=697 (DOI 10.24432/C5MC89),"pendiente (se asigna en Fase 3, semana 5)"
430,Graduate,0.0,UCI id=697 (DOI 10.24432/C5MC89),"pendiente (se asigna en Fase 3, semana 5)"
431,Graduate,0.0,UCI id=697 (DOI 10.24432/C5MC89),"pendiente (se asigna en Fase 3, semana 5)"
432,Graduate,0.0,UCI id=697 (DOI 10.24432/C5MC89),"pendiente (se asigna en Fase 3, semana 5)"
433,Dropout,1.0,UCI id=697 (DOI 10.24432/C5MC89),"pendiente (se asigna en Fase 3, semana 5)"
434,Graduate,0.0,UCI id=697 (DOI 10.24432/C5MC89),"pendiente (se asigna en Fase 3, semana 5)"
435,Graduate,0.0,UCI id=697 (DOI 10.24432/C5MC89),"pendiente (se asigna en Fase 3, semana 5)"
436,Enrolled,,UCI id=697 (DOI 10.24432/C5MC89),"pendiente (se asigna en Fase 3, semana 5)"
437,Graduate,0.0,UCI id=697 (DOI 10.24432/C5MC89),"pendiente (se asigna en Fase 3, semana 5)"
438,Dropout,1.0,UCI id=697 (DOI 10.24432/C5MC89),"pendiente (se asigna en Fase 3, semana 5)"
439,Graduate,0.0,UCI id=697 (DOI 10.24432/C5MC89),"pendiente (se asigna en Fase 3, semana 5)"
440,Enrolled,,UCI id=697 (DOI 10.24432/C5MC89),"pendiente (se asigna en Fase 3, semana 5)"
441,Enrolled,,UCI id=697 (DOI 10.24432/C5MC89),"pendiente (se asigna en Fase 3, semana 5)"
442,Graduate,0.0,UCI id=697 (DOI 10.24432/C5MC89),"pendiente (se asigna en Fase 3, semana 5)"
443,Graduate,0.0,UCI id=697 (DOI 10.24432/C5MC89),"pendiente (se asigna en Fase 3, semana 5)"
444,Graduate,0.0,UCI id=697 (DOI 10.24432/C5MC89),"pendiente (se asigna en Fase 3, semana 5)"
445,Graduate,0.0,UCI id=697 (DOI 10.24432/C5MC89),"pendiente (se asigna en Fase 3, semana 5)"
446,Graduate,0.0,UCI id=697 (DOI 10.24432/C5MC89),"pendiente (se asigna en Fase 3, semana 5)"
447,Dropout,1.0,UCI id=697 (DOI 10.24432/C5MC89),"pendiente (se asigna en Fase 3, semana 5)"
448,Graduate,0.0,UCI id=697 (DOI 10.24432/C5MC89),"pendiente (se asigna en Fase 3, semana 5)"
449,Enrolled,,UCI id=697 (DOI 10.24432/C5MC89),"pendiente (se asigna en Fase 3, semana 5)"
450,Graduate,0.0,UCI id=697 (DOI 10.24432/C5MC89),"pendiente (se asigna en Fase 3, semana 5)"
451,Graduate,0.0,UCI id=697 (DOI 10.24432/C5MC89),"pendiente (se asigna en Fase 3, semana 5)"
452,Graduate,0.0,UCI id=697 (DOI 10.24432/C5MC89),"pendiente (se asigna en Fase 3, semana 5)"
453,Graduate,0.0,UCI id=697 (DOI 10.24432/C5MC89),"pendiente (se asigna en Fase 3, semana 5)"
454,Enrolled,,UCI id=697 (DOI 10.24432/C5MC89),"pendiente (se asigna en Fase 3, semana 5)"
455,Graduate,0.0,UCI id=697 (DOI 10.24432/C5MC89),"pendiente (se asigna en Fase 3, semana 5)"
456,Dropout,1.0,UCI id=697 (DOI 10.24432/C5MC89),"pendiente (se asigna en Fase 3, semana 5)"
457,Dropout,1.0,UCI id=697 (DOI 10.24432/C5MC89),"pendiente (se asigna en Fase 3, semana 5)"
458,Graduate,0.0,UCI id=697 (DOI 10.24432/C5MC89),"pendiente (se asigna en Fase 3, semana 5)"
459,Graduate,0.0,UCI id=697 (DOI 10.24432/C5MC89),"pendiente (se asigna en Fase 3, semana 5)"
460,Graduate,0.0,UCI id=697 (DOI 10.24432/C5MC89),"pendiente (se asigna en Fase 3, semana 5)"
461,Graduate,0.0,UCI id=697 (DOI 10.24432/C5MC89),"pendiente (se asigna en Fase 3, semana 5)"
462,Graduate,0.0,UCI id=697 (DOI 10.24432/C5MC89),"pendiente (se asigna en Fase 3, semana 5)"
463,Graduate,0.0,UCI id=697 (DOI 10.24432/C5MC89),"pendiente (se asigna en Fase 3, semana 5)"
464,Enrolled,,UCI id=697 (DOI 10.24432/C5MC89),"pendiente (se asigna en Fase 3, semana 5)"
465,Dropout,1.0,UCI id=697 (DOI 10.24432/C5MC89),"pendiente (se asigna en Fase 3, semana 5)"
466,Enrolled,,UCI id=697 (DOI 10.24432/C5MC89),"pendiente (se asigna en Fase 3, semana 5)"
467,Graduate,0.0,UCI id=697 (DOI 10.24432/C5MC89),"pendiente (se asigna en Fase 3, semana 5)"
468,Graduate,0.0,UCI id=697 (DOI 10.24432/C5MC89),"pendiente (se asigna en Fase 3, semana 5)"
469,Graduate,0.0,UCI id=697 (DOI 10.24432/C5MC89),"pendiente (se asigna en Fase 3, semana 5)"
470,Graduate,0.0,UCI id=697 (DOI 10.24432/C5MC89),"pendiente (se asigna en Fase 3, semana 5)"
471,Graduate,0.0,UCI id=697 (DOI 10.24432/C5MC89),"pendiente (se asigna en Fase 3, semana 5)"
472,Dropout,1.0,UCI id=697 (DOI 10.24432/C5MC89),"pendiente (se asigna en Fase 3, semana 5)"
473,Graduate,0.0,UCI id=697 (DOI 10.24432/C5MC89),"pendiente (se asigna en Fase 3, semana 5)"
474,Dropout,1.0,UCI id=697 (DOI 10.24432/C5MC89),"pendiente (se asigna en Fase 3, semana 5)"
475,Graduate,0.0,UCI id=697 (DOI 10.24432/C5MC89),"pendiente (se asigna en Fase 3, semana 5)"
476,Dropout,1.0,UCI id=697 (DOI 10.24432/C5MC89),"pendiente (se asigna en Fase 3, semana 5)"
477,Dropout,1.0,UCI id=697 (DOI 10.24432/C5MC89),"pendiente (se asigna en Fase 3, semana 5)"
478,Graduate,0.0,UCI id=697 (DOI 10.24432/C5MC89),"pendiente (se asigna en Fase 3, semana 5)"
479,Enrolled,,UCI id=697 (DOI 10.24432/C5MC89),"pendiente (se asigna en Fase 3, semana 5)"
480,Graduate,0.0,UCI id=697 (DOI 10.24432/C5MC89),"pendiente (se asigna en Fase 3, semana 5)"
481,Graduate,0.0,UCI id=697 (DOI 10.24432/C5MC89),"pendiente (se asigna en Fase 3, semana 5)"
482,Dropout,1.0,UCI id=697 (DOI 10.24432/C5MC89),"pendiente (se asigna en Fase 3, semana 5)"
483,Enrolled,,UCI id=697 (DOI 10.24432/C5MC89),"pendiente (se asigna en Fase 3, semana 5)"
484,Graduate,0.0,UCI id=697 (DOI 10.24432/C5MC89),"pendiente (se asigna en Fase 3, semana 5)"
485,Graduate,0.0,UCI id=697 (DOI 10.24432/C5MC89),"pendiente (se asigna en Fase 3, semana 5)"
486,Dropout,1.0,UCI id=697 (DOI 10.24432/C5MC89),"pendiente (se asigna en Fase 3, semana 5)"
487,Dropout,1.0,UCI id=697 (DOI 10.24432/C5MC89),"pendiente (se asigna en Fase 3, semana 5)"
488,Graduate,0.0,UCI id=697 (DOI 10.24432/C5MC89),"pendiente (se asigna en Fase 3, semana 5)"
489,Graduate,0.0,UCI id=697 (DOI 10.24432/C5MC89),"pendiente (se asigna en Fase 3, semana 5)"
490,Graduate,0.0,UCI id=697 (DOI 10.24432/C5MC89),"pendiente (se asigna en Fase 3, semana 5)"
491,Graduate,0.0,UCI id=697 (DOI 10.24432/C5MC89),"pendiente (se asigna en Fase 3, semana 5)"
492,Graduate,0.0,UCI id=697 (DOI 10.24432/C5MC89),"pendiente (se asigna en Fase 3, semana 5)"
493,Enrolled,,UCI id=697 (DOI 10.24432/C5MC89),"pendiente (se asigna en Fase 3, semana 5)"
494,Enrolled,,UCI id=697 (DOI 10.24432/C5MC89),"pendiente (se asigna en Fase 3, semana 5)"
495,Dropout,1.0,UCI id=697 (DOI 10.24432/C5MC89),"pendiente (se asigna en Fase 3, semana 5)"
496,Dropout,1.0,UCI id=697 (DOI 10.24432/C5MC89),"pendiente (se asigna en Fase 3, semana 5)"
497,Graduate,0.0,UCI id=697 (DOI 10.24432/C5MC89),"pendiente (se asigna en Fase 3, semana 5)"
498,Graduate,0.0,UCI id=697 (DOI 10.24432/C5MC89),"pendiente (se asigna en Fase 3, semana 5)"
499,Graduate,0.0,UCI id=697 (DOI 10.24432/C5MC89),"pendiente (se asigna en Fase 3, semana 5)"
500,Enrolled,,UCI id=697 (DOI 10.24432/C5MC89),"pendiente (se asigna en Fase 3, semana 5)"
501,Graduate,0.0,UCI id=697 (DOI 10.24432/C5MC89),"pendiente (se asigna en Fase 3, semana 5)"
502,Enrolled,,UCI id=697 (DOI 10.24432/C5MC89),"pendiente (se asigna en Fase 3, semana 5)"
503,Dropout,1.0,UCI id=697 (DOI 10.24432/C5MC89),"pendiente (se asigna en Fase 3, semana 5)"
504,Graduate,0.0,UCI id=697 (DOI 10.24432/C5MC89),"pendiente (se asigna en Fase 3, semana 5)"
505,Enrolled,,UCI id=697 (DOI 10.24432/C5MC89),"pendiente (se asigna en Fase 3, semana 5)"
506,Enrolled,,UCI id=697 (DOI 10.24432/C5MC89),"pendiente (se asigna en Fase 3, semana 5)"
507,Graduate,0.0,UCI id=697 (DOI 10.24432/C5MC89),"pendiente (se asigna en Fase 3, semana 5)"
508,Dropout,1.0,UCI id=697 (DOI 10.24432/C5MC89),"pendiente (se asigna en Fase 3, semana 5)"
509,Dropout,1.0,UCI id=697 (DOI 10.24432/C5MC89),"pendiente (se asigna en Fase 3, semana 5)"
510,Enrolled,,UCI id=697 (DOI 10.24432/C5MC89),"pendiente (se asigna en Fase 3, semana 5)"
511,Dropout,1.0,UCI id=697 (DOI 10.24432/C5MC89),"pendiente (se asigna en Fase 3, semana 5)"
512,Graduate,0.0,UCI id=697 (DOI 10.24432/C5MC89),"pendiente (se asigna en Fase 3, semana 5)"
513,Dropout,1.0,UCI id=697 (DOI 10.24432/C5MC89),"pendiente (se asigna en Fase 3, semana 5)"
514,Dropout,1.0,UCI id=697 (DOI 10.24432/C5MC89),"pendiente (se asigna en Fase 3, semana 5)"
515,Dropout,1.0,UCI id=697 (DOI 10.24432/C5MC89),"pendiente (se asigna en Fase 3, semana 5)"
516,Graduate,0.0,UCI id=697 (DOI 10.24432/C5MC89),"pendiente (se asigna en Fase 3, semana 5)"
517,Dropout,1.0,UCI id=697 (DOI 10.24432/C5MC89),"pendiente (se asigna en Fase 3, semana 5)"
518,Dropout,1.0,UCI id=697 (DOI 10.24432/C5MC89),"pendiente (se asigna en Fase 3, semana 5)"
519,Dropout,1.0,UCI id=697 (DOI 10.24432/C5MC89),"pendiente (se asigna en Fase 3, semana 5)"
520,Graduate,0.0,UCI id=697 (DOI 10.24432/C5MC89),"pendiente (se asigna en Fase 3, semana 5)"
521,Graduate,0.0,UCI id=697 (DOI 10.24432/C5MC89),"pendiente (se asigna en Fase 3, semana 5)"
522,Graduate,0.0,UCI id=697 (DOI 10.24432/C5MC89),"pendiente (se asigna en Fase 3, semana 5)"
523,Graduate,0.0,UCI id=697 (DOI 10.24432/C5MC89),"pendiente (se asigna en Fase 3, semana 5)"
524,Dropout,1.0,UCI id=697 (DOI 10.24432/C5MC89),"pendiente (se asigna en Fase 3, semana 5)"
525,Dropout,1.0,UCI id=697 (DOI 10.24432/C5MC89),"pendiente (se asigna en Fase 3, semana 5)"
526,Enrolled,,UCI id=697 (DOI 10.24432/C5MC89),"pendiente (se asigna en Fase 3, semana 5)"
527,Graduate,0.0,UCI id=697 (DOI 10.24432/C5MC89),"pendiente (se asigna en Fase 3, semana 5)"
528,Dropout,1.0,UCI id=697 (DOI 10.24432/C5MC89),"pendiente (se asigna en Fase 3, semana 5)"
529,Dropout,1.0,UCI id=697 (DOI 10.24432/C5MC89),"pendiente (se asigna en Fase 3, semana 5)"
530,Enrolled,,UCI id=697 (DOI 10.24432/C5MC89),"pendiente (se asigna en Fase 3, semana 5)"
531,Dropout,1.0,UCI id=697 (DOI 10.24432/C5MC89),"pendiente (se asigna en Fase 3, semana 5)"
532,Graduate,0.0,UCI id=697 (DOI 10.24432/C5MC89),"pendiente (se asigna en Fase 3, semana 5)"
533,Dropout,1.0,UCI id=697 (DOI 10.24432/C5MC89),"pendiente (se asigna en Fase 3, semana 5)"
534,Graduate,0.0,UCI id=697 (DOI 10.24432/C5MC89),"pendiente (se asigna en Fase 3, semana 5)"
535,Graduate,0.0,UCI id=697 (DOI 10.24432/C5MC89),"pendiente (se asigna en Fase 3, semana 5)"
536,Dropout,1.0,UCI id=697 (DOI 10.24432/C5MC89),"pendiente (se asigna en Fase 3, semana 5)"
537,Graduate,0.0,UCI id=697 (DOI 10.24432/C5MC89),"pendiente (se asigna en Fase 3, semana 5)"
538,Graduate,0.0,UCI id=697 (DOI 10.24432/C5MC89),"pendiente (se asigna en Fase 3, semana 5)"
539,Dropout,1.0,UCI id=697 (DOI 10.24432/C5MC89),"pendiente (se asigna en Fase 3, semana 5)"
540,Graduate,0.0,UCI id=697 (DOI 10.24432/C5MC89),"pendiente (se asigna en Fase 3, semana 5)"
541,Enrolled,,UCI id=697 (DOI 10.24432/C5MC89),"pendiente (se asigna en Fase 3, semana 5)"
542,Graduate,0.0,UCI id=697 (DOI 10.24432/C5MC89),"pendiente (se asigna en Fase 3, semana 5)"
543,Graduate,0.0,UCI id=697 (DOI 10.24432/C5MC89),"pendiente (se asigna en Fase 3, semana 5)"
544,Enrolled,,UCI id=697 (DOI 10.24432/C5MC89),"pendiente (se asigna en Fase 3, semana 5)"
545,Enrolled,,UCI id=697 (DOI 10.24432/C5MC89),"pendiente (se asigna en Fase 3, semana 5)"
546,Enrolled,,UCI id=697 (DOI 10.24432/C5MC89),"pendiente (se asigna en Fase 3, semana 5)"
547,Enrolled,,UCI id=697 (DOI 10.24432/C5MC89),"pendiente (se asigna en Fase 3, semana 5)"
548,Enrolled,,UCI id=697 (DOI 10.24432/C5MC89),"pendiente (se asigna en Fase 3, semana 5)"
549,Graduate,0.0,UCI id=697 (DOI 10.24432/C5MC89),"pendiente (se asigna en Fase 3, semana 5)"
550,Dropout,1.0,UCI id=697 (DOI 10.24432/C5MC89),"pendiente (se asigna en Fase 3, semana 5)"
551,Dropout,1.0,UCI id=697 (DOI 10.24432/C5MC89),"pendiente (se asigna en Fase 3, semana 5)"
552,Dropout,1.0,UCI id=697 (DOI 10.24432/C5MC89),"pendiente (se asigna en Fase 3, semana 5)"
553,Dropout,1.0,UCI id=697 (DOI 10.24432/C5MC89),"pendiente (se asigna en Fase 3, semana 5)"
554,Dropout,1.0,UCI id=697 (DOI 10.24432/C5MC89),"pendiente (se asigna en Fase 3, semana 5)"
555,Dropout,1.0,UCI id=697 (DOI 10.24432/C5MC89),"pendiente (se asigna en Fase 3, semana 5)"
556,Enrolled,,UCI id=697 (DOI 10.24432/C5MC89),"pendiente (se asigna en Fase 3, semana 5)"
557,Graduate,0.0,UCI id=697 (DOI 10.24432/C5MC89),"pendiente (se asigna en Fase 3, semana 5)"
558,Enrolled,,UCI id=697 (DOI 10.24432/C5MC89),"pendiente (se asigna en Fase 3, semana 5)"
559,Graduate,0.0,UCI id=697 (DOI 10.24432/C5MC89),"pendiente (se asigna en Fase 3, semana 5)"
560,Graduate,0.0,UCI id=697 (DOI 10.24432/C5MC89),"pendiente (se asigna en Fase 3, semana 5)"
561,Enrolled,,UCI id=697 (DOI 10.24432/C5MC89),"pendiente (se asigna en Fase 3, semana 5)"
562,Dropout,1.0,UCI id=697 (DOI 10.24432/C5MC89),"pendiente (se asigna en Fase 3, semana 5)"
563,Graduate,0.0,UCI id=697 (DOI 10.24432/C5MC89),"pendiente (se asigna en Fase 3, semana 5)"
564,Graduate,0.0,UCI id=697 (DOI 10.24432/C5MC89),"pendiente (se asigna en Fase 3, semana 5)"
565,Graduate,0.0,UCI id=697 (DOI 10.24432/C5MC89),"pendiente (se asigna en Fase 3, semana 5)"
566,Dropout,1.0,UCI id=697 (DOI 10.24432/C5MC89),"pendiente (se asigna en Fase 3, semana 5)"
567,Dropout,1.0,UCI id=697 (DOI 10.24432/C5MC89),"pendiente (se asigna en Fase 3, semana 5)"
568,Graduate,0.0,UCI id=697 (DOI 10.24432/C5MC89),"pendiente (se asigna en Fase 3, semana 5)"
569,Graduate,0.0,UCI id=697 (DOI 10.24432/C5MC89),"pendiente (se asigna en Fase 3, semana 5)"
570,Graduate,0.0,UCI id=697 (DOI 10.24432/C5MC89),"pendiente (se asigna en Fase 3, semana 5)"
571,Dropout,1.0,UCI id=697 (DOI 10.24432/C5MC89),"pendiente (se asigna en Fase 3, semana 5)"
572,Dropout,1.0,UCI id=697 (DOI 10.24432/C5MC89),"pendiente (se asigna en Fase 3, semana 5)"
573,Enrolled,,UCI id=697 (DOI 10.24432/C5MC89),"pendiente (se asigna en Fase 3, semana 5)"
574,Graduate,0.0,UCI id=697 (DOI 10.24432/C5MC89),"pendiente (se asigna en Fase 3, semana 5)"
575,Dropout,1.0,UCI id=697 (DOI 10.24432/C5MC89),"pendiente (se asigna en Fase 3, semana 5)"
576,Graduate,0.0,UCI id=697 (DOI 10.24432/C5MC89),"pendiente (se asigna en Fase 3, semana 5)"
577,Enrolled,,UCI id=697 (DOI 10.24432/C5MC89),"pendiente (se asigna en Fase 3, semana 5)"
578,Graduate,0.0,UCI id=697 (DOI 10.24432/C5MC89),"pendiente (se asigna en Fase 3, semana 5)"
579,Graduate,0.0,UCI id=697 (DOI 10.24432/C5MC89),"pendiente (se asigna en Fase 3, semana 5)"
580,Dropout,1.0,UCI id=697 (DOI 10.24432/C5MC89),"pendiente (se asigna en Fase 3, semana 5)"
581,Graduate,0.0,UCI id=697 (DOI 10.24432/C5MC89),"pendiente (se asigna en Fase 3, semana 5)"
582,Enrolled,,UCI id=697 (DOI 10.24432/C5MC89),"pendiente (se asigna en Fase 3, semana 5)"
583,Graduate,0.0,UCI id=697 (DOI 10.24432/C5MC89),"pendiente (se asigna en Fase 3, semana 5)"
584,Graduate,0.0,UCI id=697 (DOI 10.24432/C5MC89),"pendiente (se asigna en Fase 3, semana 5)"
585,Graduate,0.0,UCI id=697 (DOI 10.24432/C5MC89),"pendiente (se asigna en Fase 3, semana 5)"
586,Graduate,0.0,UCI id=697 (DOI 10.24432/C5MC89),"pendiente (se asigna en Fase 3, semana 5)"
587,Graduate,0.0,UCI id=697 (DOI 10.24432/C5MC89),"pendiente (se asigna en Fase 3, semana 5)"
588,Graduate,0.0,UCI id=697 (DOI 10.24432/C5MC89),"pendiente (se asigna en Fase 3, semana 5)"
589,Graduate,0.0,UCI id=697 (DOI 10.24432/C5MC89),"pendiente (se asigna en Fase 3, semana 5)"
590,Graduate,0.0,UCI id=697 (DOI 10.24432/C5MC89),"pendiente (se asigna en Fase 3, semana 5)"
591,Enrolled,,UCI id=697 (DOI 10.24432/C5MC89),"pendiente (se asigna en Fase 3, semana 5)"
592,Graduate,0.0,UCI id=697 (DOI 10.24432/C5MC89),"pendiente (se asigna en Fase 3, semana 5)"
593,Enrolled,,UCI id=697 (DOI 10.24432/C5MC89),"pendiente (se asigna en Fase 3, semana 5)"
594,Enrolled,,UCI id=697 (DOI 10.24432/C5MC89),"pendiente (se asigna en Fase 3, semana 5)"
595,Dropout,1.0,UCI id=697 (DOI 10.24432/C5MC89),"pendiente (se asigna en Fase 3, semana 5)"
596,Dropout,1.0,UCI id=697 (DOI 10.24432/C5MC89),"pendiente (se asigna en Fase 3, semana 5)"
597,Dropout,1.0,UCI id=697 (DOI 10.24432/C5MC89),"pendiente (se asigna en Fase 3, semana 5)"
598,Graduate,0.0,UCI id=697 (DOI 10.24432/C5MC89),"pendiente (se asigna en Fase 3, semana 5)"
599,Graduate,0.0,UCI id=697 (DOI 10.24432/C5MC89),"pendiente (se asigna en Fase 3, semana 5)"
600,Dropout,1.0,UCI id=697 (DOI 10.24432/C5MC89),"pendiente (se asigna en Fase 3, semana 5)"
601,Dropout,1.0,UCI id=697 (DOI 10.24432/C5MC89),"pendiente (se asigna en Fase 3, semana 5)"
602,Graduate,0.0,UCI id=697 (DOI 10.24432/C5MC89),"pendiente (se asigna en Fase 3, semana 5)"
603,Graduate,0.0,UCI id=697 (DOI 10.24432/C5MC89),"pendiente (se asigna en Fase 3, semana 5)"
604,Graduate,0.0,UCI id=697 (DOI 10.24432/C5MC89),"pendiente (se asigna en Fase 3, semana 5)"
605,Dropout,1.0,UCI id=697 (DOI 10.24432/C5MC89),"pendiente (se asigna en Fase 3, semana 5)"
606,Dropout,1.0,UCI id=697 (DOI 10.24432/C5MC89),"pendiente (se asigna en Fase 3, semana 5)"
607,Graduate,0.0,UCI id=697 (DOI 10.24432/C5MC89),"pendiente (se asigna en Fase 3, semana 5)"
608,Dropout,1.0,UCI id=697 (DOI 10.24432/C5MC89),"pendiente (se asigna en Fase 3, semana 5)"
609,Enrolled,,UCI id=697 (DOI 10.24432/C5MC89),"pendiente (se asigna en Fase 3, semana 5)"
610,Graduate,0.0,UCI id=697 (DOI 10.24432/C5MC89),"pendiente (se asigna en Fase 3, semana 5)"
611,Graduate,0.0,UCI id=697 (DOI 10.24432/C5MC89),"pendiente (se asigna en Fase 3, semana 5)"
612,Graduate,0.0,UCI id=697 (DOI 10.24432/C5MC89),"pendiente (se asigna en Fase 3, semana 5)"
613,Enrolled,,UCI id=697 (DOI 10.24432/C5MC89),"pendiente (se asigna en Fase 3, semana 5)"
614,Graduate,0.0,UCI id=697 (DOI 10.24432/C5MC89),"pendiente (se asigna en Fase 3, semana 5)"
615,Graduate,0.0,UCI id=697 (DOI 10.24432/C5MC89),"pendiente (se asigna en Fase 3, semana 5)"
616,Graduate,0.0,UCI id=697 (DOI 10.24432/C5MC89),"pendiente (se asigna en Fase 3, semana 5)"
617,Graduate,0.0,UCI id=697 (DOI 10.24432/C5MC89),"pendiente (se asigna en Fase 3, semana 5)"
618,Graduate,0.0,UCI id=697 (DOI 10.24432/C5MC89),"pendiente (se asigna en Fase 3, semana 5)"
619,Enrolled,,UCI id=697 (DOI 10.24432/C5MC89),"pendiente (se asigna en Fase 3, semana 5)"
620,Graduate,0.0,UCI id=697 (DOI 10.24432/C5MC89),"pendiente (se asigna en Fase 3, semana 5)"
621,Dropout,1.0,UCI id=697 (DOI 10.24432/C5MC89),"pendiente (se asigna en Fase 3, semana 5)"
622,Dropout,1.0,UCI id=697 (DOI 10.24432/C5MC89),"pendiente (se asigna en Fase 3, semana 5)"
623,Graduate,0.0,UCI id=697 (DOI 10.24432/C5MC89),"pendiente (se asigna en Fase 3, semana 5)"
624,Dropout,1.0,UCI id=697 (DOI 10.24432/C5MC89),"pendiente (se asigna en Fase 3, semana 5)"
625,Dropout,1.0,UCI id=697 (DOI 10.24432/C5MC89),"pendiente (se asigna en Fase 3, semana 5)"
626,Graduate,0.0,UCI id=697 (DOI 10.24432/C5MC89),"pendiente (se asigna en Fase 3, semana 5)"
627,Graduate,0.0,UCI id=697 (DOI 10.24432/C5MC89),"pendiente (se asigna en Fase 3, semana 5)"
628,Graduate,0.0,UCI id=697 (DOI 10.24432/C5MC89),"pendiente (se asigna en Fase 3, semana 5)"
629,Graduate,0.0,UCI id=697 (DOI 10.24432/C5MC89),"pendiente (se asigna en Fase 3, semana 5)"
630,Graduate,0.0,UCI id=697 (DOI 10.24432/C5MC89),"pendiente (se asigna en Fase 3, semana 5)"
631,Enrolled,,UCI id=697 (DOI 10.24432/C5MC89),"pendiente (se asigna en Fase 3, semana 5)"
632,Graduate,0.0,UCI id=697 (DOI 10.24432/C5MC89),"pendiente (se asigna en Fase 3, semana 5)"
633,Graduate,0.0,UCI id=697 (DOI 10.24432/C5MC89),"pendiente (se asigna en Fase 3, semana 5)"
634,Graduate,0.0,UCI id=697 (DOI 10.24432/C5MC89),"pendiente (se asigna en Fase 3, semana 5)"
635,Graduate,0.0,UCI id=697 (DOI 10.24432/C5MC89),"pendiente (se asigna en Fase 3, semana 5)"
636,Graduate,0.0,UCI id=697 (DOI 10.24432/C5MC89),"pendiente (se asigna en Fase 3, semana 5)"
637,Enrolled,,UCI id=697 (DOI 10.24432/C5MC89),"pendiente (se asigna en Fase 3, semana 5)"
638,Graduate,0.0,UCI id=697 (DOI 10.24432/C5MC89),"pendiente (se asigna en Fase 3, semana 5)"
639,Dropout,1.0,UCI id=697 (DOI 10.24432/C5MC89),"pendiente (se asigna en Fase 3, semana 5)"
640,Dropout,1.0,UCI id=697 (DOI 10.24432/C5MC89),"pendiente (se asigna en Fase 3, semana 5)"
641,Enrolled,,UCI id=697 (DOI 10.24432/C5MC89),"pendiente (se asigna en Fase 3, semana 5)"
642,Enrolled,,UCI id=697 (DOI 10.24432/C5MC89),"pendiente (se asigna en Fase 3, semana 5)"
643,Enrolled,,UCI id=697 (DOI 10.24432/C5MC89),"pendiente (se asigna en Fase 3, semana 5)"
644,Dropout,1.0,UCI id=697 (DOI 10.24432/C5MC89),"pendiente (se asigna en Fase 3, semana 5)"
645,Enrolled,,UCI id=697 (DOI 10.24432/C5MC89),"pendiente (se asigna en Fase 3, semana 5)"
646,Enrolled,,UCI id=697 (DOI 10.24432/C5MC89),"pendiente (se asigna en Fase 3, semana 5)"
647,Graduate,0.0,UCI id=697 (DOI 10.24432/C5MC89),"pendiente (se asigna en Fase 3, semana 5)"
648,Graduate,0.0,UCI id=697 (DOI 10.24432/C5MC89),"pendiente (se asigna en Fase 3, semana 5)"
649,Graduate,0.0,UCI id=697 (DOI 10.24432/C5MC89),"pendiente (se asigna en Fase 3, semana 5)"
650,Graduate,0.0,UCI id=697 (DOI 10.24432/C5MC89),"pendiente (se asigna en Fase 3, semana 5)"
651,Enrolled,,UCI id=697 (DOI 10.24432/C5MC89),"pendiente (se asigna en Fase 3, semana 5)"
652,Graduate,0.0,UCI id=697 (DOI 10.24432/C5MC89),"pendiente (se asigna en Fase 3, semana 5)"
653,Graduate,0.0,UCI id=697 (DOI 10.24432/C5MC89),"pendiente (se asigna en Fase 3, semana 5)"
654,Graduate,0.0,UCI id=697 (DOI 10.24432/C5MC89),"pendiente (se asigna en Fase 3, semana 5)"
655,Enrolled,,UCI id=697 (DOI 10.24432/C5MC89),"pendiente (se asigna en Fase 3, semana 5)"
656,Enrolled,,UCI id=697 (DOI 10.24432/C5MC89),"pendiente (se asigna en Fase 3, semana 5)"
657,Graduate,0.0,UCI id=697 (DOI 10.24432/C5MC89),"pendiente (se asigna en Fase 3, semana 5)"
658,Graduate,0.0,UCI id=697 (DOI 10.24432/C5MC89),"pendiente (se asigna en Fase 3, semana 5)"
659,Dropout,1.0,UCI id=697 (DOI 10.24432/C5MC89),"pendiente (se asigna en Fase 3, semana 5)"
660,Graduate,0.0,UCI id=697 (DOI 10.24432/C5MC89),"pendiente (se asigna en Fase 3, semana 5)"
661,Enrolled,,UCI id=697 (DOI 10.24432/C5MC89),"pendiente (se asigna en Fase 3, semana 5)"
662,Graduate,0.0,UCI id=697 (DOI 10.24432/C5MC89),"pendiente (se asigna en Fase 3, semana 5)"
663,Graduate,0.0,UCI id=697 (DOI 10.24432/C5MC89),"pendiente (se asigna en Fase 3, semana 5)"
664,Graduate,0.0,UCI id=697 (DOI 10.24432/C5MC89),"pendiente (se asigna en Fase 3, semana 5)"
665,Graduate,0.0,UCI id=697 (DOI 10.24432/C5MC89),"pendiente (se asigna en Fase 3, semana 5)"
666,Dropout,1.0,UCI id=697 (DOI 10.24432/C5MC89),"pendiente (se asigna en Fase 3, semana 5)"
667,Graduate,0.0,UCI id=697 (DOI 10.24432/C5MC89),"pendiente (se asigna en Fase 3, semana 5)"
668,Dropout,1.0,UCI id=697 (DOI 10.24432/C5MC89),"pendiente (se asigna en Fase 3, semana 5)"
669,Graduate,0.0,UCI id=697 (DOI 10.24432/C5MC89),"pendiente (se asigna en Fase 3, semana 5)"
670,Graduate,0.0,UCI id=697 (DOI 10.24432/C5MC89),"pendiente (se asigna en Fase 3, semana 5)"
671,Dropout,1.0,UCI id=697 (DOI 10.24432/C5MC89),"pendiente (se asigna en Fase 3, semana 5)"
672,Graduate,0.0,UCI id=697 (DOI 10.24432/C5MC89),"pendiente (se asigna en Fase 3, semana 5)"
673,Graduate,0.0,UCI id=697 (DOI 10.24432/C5MC89),"pendiente (se asigna en Fase 3, semana 5)"
674,Graduate,0.0,UCI id=697 (DOI 10.24432/C5MC89),"pendiente (se asigna en Fase 3, semana 5)"
675,Dropout,1.0,UCI id=697 (DOI 10.24432/C5MC89),"pendiente (se asigna en Fase 3, semana 5)"
676,Graduate,0.0,UCI id=697 (DOI 10.24432/C5MC89),"pendiente (se asigna en Fase 3, semana 5)"
677,Enrolled,,UCI id=697 (DOI 10.24432/C5MC89),"pendiente (se asigna en Fase 3, semana 5)"
678,Dropout,1.0,UCI id=697 (DOI 10.24432/C5MC89),"pendiente (se asigna en Fase 3, semana 5)"
679,Graduate,0.0,UCI id=697 (DOI 10.24432/C5MC89),"pendiente (se asigna en Fase 3, semana 5)"
680,Graduate,0.0,UCI id=697 (DOI 10.24432/C5MC89),"pendiente (se asigna en Fase 3, semana 5)"
681,Graduate,0.0,UCI id=697 (DOI 10.24432/C5MC89),"pendiente (se asigna en Fase 3, semana 5)"
682,Dropout,1.0,UCI id=697 (DOI 10.24432/C5MC89),"pendiente (se asigna en Fase 3, semana 5)"
683,Dropout,1.0,UCI id=697 (DOI 10.24432/C5MC89),"pendiente (se asigna en Fase 3, semana 5)"
684,Graduate,0.0,UCI id=697 (DOI 10.24432/C5MC89),"pendiente (se asigna en Fase 3, semana 5)"
685,Graduate,0.0,UCI id=697 (DOI 10.24432/C5MC89),"pendiente (se asigna en Fase 3, semana 5)"
686,Dropout,1.0,UCI id=697 (DOI 10.24432/C5MC89),"pendiente (se asigna en Fase 3, semana 5)"
687,Graduate,0.0,UCI id=697 (DOI 10.24432/C5MC89),"pendiente (se asigna en Fase 3, semana 5)"
688,Graduate,0.0,UCI id=697 (DOI 10.24432/C5MC89),"pendiente (se asigna en Fase 3, semana 5)"
689,Dropout,1.0,UCI id=697 (DOI 10.24432/C5MC89),"pendiente (se asigna en Fase 3, semana 5)"
690,Dropout,1.0,UCI id=697 (DOI 10.24432/C5MC89),"pendiente (se asigna en Fase 3, semana 5)"
691,Graduate,0.0,UCI id=697 (DOI 10.24432/C5MC89),"pendiente (se asigna en Fase 3, semana 5)"
692,Enrolled,,UCI id=697 (DOI 10.24432/C5MC89),"pendiente (se asigna en Fase 3, semana 5)"
693,Dropout,1.0,UCI id=697 (DOI 10.24432/C5MC89),"pendiente (se asigna en Fase 3, semana 5)"
694,Graduate,0.0,UCI id=697 (DOI 10.24432/C5MC89),"pendiente (se asigna en Fase 3, semana 5)"
695,Dropout,1.0,UCI id=697 (DOI 10.24432/C5MC89),"pendiente (se asigna en Fase 3, semana 5)"
696,Graduate,0.0,UCI id=697 (DOI 10.24432/C5MC89),"pendiente (se asigna en Fase 3, semana 5)"
697,Enrolled,,UCI id=697 (DOI 10.24432/C5MC89),"pendiente (se asigna en Fase 3, semana 5)"
698,Graduate,0.0,UCI id=697 (DOI 10.24432/C5MC89),"pendiente (se asigna en Fase 3, semana 5)"
699,Dropout,1.0,UCI id=697 (DOI 10.24432/C5MC89),"pendiente (se asigna en Fase 3, semana 5)"
700,Enrolled,,UCI id=697 (DOI 10.24432/C5MC89),"pendiente (se asigna en Fase 3, semana 5)"
701,Dropout,1.0,UCI id=697 (DOI 10.24432/C5MC89),"pendiente (se asigna en Fase 3, semana 5)"
702,Dropout,1.0,UCI id=697 (DOI 10.24432/C5MC89),"pendiente (se asigna en Fase 3, semana 5)"
703,Dropout,1.0,UCI id=697 (DOI 10.24432/C5MC89),"pendiente (se asigna en Fase 3, semana 5)"
704,Graduate,0.0,UCI id=697 (DOI 10.24432/C5MC89),"pendiente (se asigna en Fase 3, semana 5)"
705,Dropout,1.0,UCI id=697 (DOI 10.24432/C5MC89),"pendiente (se asigna en Fase 3, semana 5)"
706,Graduate,0.0,UCI id=697 (DOI 10.24432/C5MC89),"pendiente (se asigna en Fase 3, semana 5)"
707,Graduate,0.0,UCI id=697 (DOI 10.24432/C5MC89),"pendiente (se asigna en Fase 3, semana 5)"
708,Graduate,0.0,UCI id=697 (DOI 10.24432/C5MC89),"pendiente (se asigna en Fase 3, semana 5)"
709,Dropout,1.0,UCI id=697 (DOI 10.24432/C5MC89),"pendiente (se asigna en Fase 3, semana 5)"
710,Dropout,1.0,UCI id=697 (DOI 10.24432/C5MC89),"pendiente (se asigna en Fase 3, semana 5)"
711,Dropout,1.0,UCI id=697 (DOI 10.24432/C5MC89),"pendiente (se asigna en Fase 3, semana 5)"
712,Graduate,0.0,UCI id=697 (DOI 10.24432/C5MC89),"pendiente (se asigna en Fase 3, semana 5)"
713,Graduate,0.0,UCI id=697 (DOI 10.24432/C5MC89),"pendiente (se asigna en Fase 3, semana 5)"
714,Graduate,0.0,UCI id=697 (DOI 10.24432/C5MC89),"pendiente (se asigna en Fase 3, semana 5)"
715,Graduate,0.0,UCI id=697 (DOI 10.24432/C5MC89),"pendiente (se asigna en Fase 3, semana 5)"
716,Dropout,1.0,UCI id=697 (DOI 10.24432/C5MC89),"pendiente (se asigna en Fase 3, semana 5)"
717,Dropout,1.0,UCI id=697 (DOI 10.24432/C5MC89),"pendiente (se asigna en Fase 3, semana 5)"
718,Enrolled,,UCI id=697 (DOI 10.24432/C5MC89),"pendiente (se asigna en Fase 3, semana 5)"
719,Enrolled,,UCI id=697 (DOI 10.24432/C5MC89),"pendiente (se asigna en Fase 3, semana 5)"
720,Dropout,1.0,UCI id=697 (DOI 10.24432/C5MC89),"pendiente (se asigna en Fase 3, semana 5)"
721,Enrolled,,UCI id=697 (DOI 10.24432/C5MC89),"pendiente (se asigna en Fase 3, semana 5)"
722,Graduate,0.0,UCI id=697 (DOI 10.24432/C5MC89),"pendiente (se asigna en Fase 3, semana 5)"
723,Dropout,1.0,UCI id=697 (DOI 10.24432/C5MC89),"pendiente (se asigna en Fase 3, semana 5)"
724,Dropout,1.0,UCI id=697 (DOI 10.24432/C5MC89),"pendiente (se asigna en Fase 3, semana 5)"
725,Graduate,0.0,UCI id=697 (DOI 10.24432/C5MC89),"pendiente (se asigna en Fase 3, semana 5)"
726,Graduate,0.0,UCI id=697 (DOI 10.24432/C5MC89),"pendiente (se asigna en Fase 3, semana 5)"
727,Dropout,1.0,UCI id=697 (DOI 10.24432/C5MC89),"pendiente (se asigna en Fase 3, semana 5)"
728,Graduate,0.0,UCI id=697 (DOI 10.24432/C5MC89),"pendiente (se asigna en Fase 3, semana 5)"
729,Enrolled,,UCI id=697 (DOI 10.24432/C5MC89),"pendiente (se asigna en Fase 3, semana 5)"
730,Dropout,1.0,UCI id=697 (DOI 10.24432/C5MC89),"pendiente (se asigna en Fase 3, semana 5)"
731,Graduate,0.0,UCI id=697 (DOI 10.24432/C5MC89),"pendiente (se asigna en Fase 3, semana 5)"
732,Graduate,0.0,UCI id=697 (DOI 10.24432/C5MC89),"pendiente (se asigna en Fase 3, semana 5)"
733,Graduate,0.0,UCI id=697 (DOI 10.24432/C5MC89),"pendiente (se asigna en Fase 3, semana 5)"
734,Dropout,1.0,UCI id=697 (DOI 10.24432/C5MC89),"pendiente (se asigna en Fase 3, semana 5)"
735,Graduate,0.0,UCI id=697 (DOI 10.24432/C5MC89),"pendiente (se asigna en Fase 3, semana 5)"
736,Enrolled,,UCI id=697 (DOI 10.24432/C5MC89),"pendiente (se asigna en Fase 3, semana 5)"
737,Dropout,1.0,UCI id=697 (DOI 10.24432/C5MC89),"pendiente (se asigna en Fase 3, semana 5)"
738,Enrolled,,UCI id=697 (DOI 10.24432/C5MC89),"pendiente (se asigna en Fase 3, semana 5)"
739,Dropout,1.0,UCI id=697 (DOI 10.24432/C5MC89),"pendiente (se asigna en Fase 3, semana 5)"
740,Dropout,1.0,UCI id=697 (DOI 10.24432/C5MC89),"pendiente (se asigna en Fase 3, semana 5)"
741,Graduate,0.0,UCI id=697 (DOI 10.24432/C5MC89),"pendiente (se asigna en Fase 3, semana 5)"
742,Dropout,1.0,UCI id=697 (DOI 10.24432/C5MC89),"pendiente (se asigna en Fase 3, semana 5)"
743,Dropout,1.0,UCI id=697 (DOI 10.24432/C5MC89),"pendiente (se asigna en Fase 3, semana 5)"
744,Graduate,0.0,UCI id=697 (DOI 10.24432/C5MC89),"pendiente (se asigna en Fase 3, semana 5)"
745,Dropout,1.0,UCI id=697 (DOI 10.24432/C5MC89),"pendiente (se asigna en Fase 3, semana 5)"
746,Dropout,1.0,UCI id=697 (DOI 10.24432/C5MC89),"pendiente (se asigna en Fase 3, semana 5)"
747,Graduate,0.0,UCI id=697 (DOI 10.24432/C5MC89),"pendiente (se asigna en Fase 3, semana 5)"
748,Dropout,1.0,UCI id=697 (DOI 10.24432/C5MC89),"pendiente (se asigna en Fase 3, semana 5)"
749,Graduate,0.0,UCI id=697 (DOI 10.24432/C5MC89),"pendiente (se asigna en Fase 3, semana 5)"
750,Graduate,0.0,UCI id=697 (DOI 10.24432/C5MC89),"pendiente (se asigna en Fase 3, semana 5)"
751,Graduate,0.0,UCI id=697 (DOI 10.24432/C5MC89),"pendiente (se asigna en Fase 3, semana 5)"
752,Graduate,0.0,UCI id=697 (DOI 10.24432/C5MC89),"pendiente (se asigna en Fase 3, semana 5)"
753,Dropout,1.0,UCI id=697 (DOI 10.24432/C5MC89),"pendiente (se asigna en Fase 3, semana 5)"
754,Graduate,0.0,UCI id=697 (DOI 10.24432/C5MC89),"pendiente (se asigna en Fase 3, semana 5)"
755,Dropout,1.0,UCI id=697 (DOI 10.24432/C5MC89),"pendiente (se asigna en Fase 3, semana 5)"
756,Dropout,1.0,UCI id=697 (DOI 10.24432/C5MC89),"pendiente (se asigna en Fase 3, semana 5)"
757,Dropout,1.0,UCI id=697 (DOI 10.24432/C5MC89),"pendiente (se asigna en Fase 3, semana 5)"
758,Graduate,0.0,UCI id=697 (DOI 10.24432/C5MC89),"pendiente (se asigna en Fase 3, semana 5)"
759,Graduate,0.0,UCI id=697 (DOI 10.24432/C5MC89),"pendiente (se asigna en Fase 3, semana 5)"
760,Graduate,0.0,UCI id=697 (DOI 10.24432/C5MC89),"pendiente (se asigna en Fase 3, semana 5)"
761,Enrolled,,UCI id=697 (DOI 10.24432/C5MC89),"pendiente (se asigna en Fase 3, semana 5)"
762,Graduate,0.0,UCI id=697 (DOI 10.24432/C5MC89),"pendiente (se asigna en Fase 3, semana 5)"
763,Enrolled,,UCI id=697 (DOI 10.24432/C5MC89),"pendiente (se asigna en Fase 3, semana 5)"
764,Graduate,0.0,UCI id=697 (DOI 10.24432/C5MC89),"pendiente (se asigna en Fase 3, semana 5)"
765,Enrolled,,UCI id=697 (DOI 10.24432/C5MC89),"pendiente (se asigna en Fase 3, semana 5)"
766,Enrolled,,UCI id=697 (DOI 10.24432/C5MC89),"pendiente (se asigna en Fase 3, semana 5)"
767,Graduate,0.0,UCI id=697 (DOI 10.24432/C5MC89),"pendiente (se asigna en Fase 3, semana 5)"
768,Graduate,0.0,UCI id=697 (DOI 10.24432/C5MC89),"pendiente (se asigna en Fase 3, semana 5)"
769,Graduate,0.0,UCI id=697 (DOI 10.24432/C5MC89),"pendiente (se asigna en Fase 3, semana 5)"
770,Graduate,0.0,UCI id=697 (DOI 10.24432/C5MC89),"pendiente (se asigna en Fase 3, semana 5)"
771,Dropout,1.0,UCI id=697 (DOI 10.24432/C5MC89),"pendiente (se asigna en Fase 3, semana 5)"
772,Enrolled,,UCI id=697 (DOI 10.24432/C5MC89),"pendiente (se asigna en Fase 3, semana 5)"
773,Graduate,0.0,UCI id=697 (DOI 10.24432/C5MC89),"pendiente (se asigna en Fase 3, semana 5)"
774,Enrolled,,UCI id=697 (DOI 10.24432/C5MC89),"pendiente (se asigna en Fase 3, semana 5)"
775,Dropout,1.0,UCI id=697 (DOI 10.24432/C5MC89),"pendiente (se asigna en Fase 3, semana 5)"
776,Graduate,0.0,UCI id=697 (DOI 10.24432/C5MC89),"pendiente (se asigna en Fase 3, semana 5)"
777,Dropout,1.0,UCI id=697 (DOI 10.24432/C5MC89),"pendiente (se asigna en Fase 3, semana 5)"
778,Enrolled,,UCI id=697 (DOI 10.24432/C5MC89),"pendiente (se asigna en Fase 3, semana 5)"
779,Graduate,0.0,UCI id=697 (DOI 10.24432/C5MC89),"pendiente (se asigna en Fase 3, semana 5)"
780,Graduate,0.0,UCI id=697 (DOI 10.24432/C5MC89),"pendiente (se asigna en Fase 3, semana 5)"
781,Dropout,1.0,UCI id=697 (DOI 10.24432/C5MC89),"pendiente (se asigna en Fase 3, semana 5)"
782,Graduate,0.0,UCI id=697 (DOI 10.24432/C5MC89),"pendiente (se asigna en Fase 3, semana 5)"
783,Enrolled,,UCI id=697 (DOI 10.24432/C5MC89),"pendiente (se asigna en Fase 3, semana 5)"
784,Graduate,0.0,UCI id=697 (DOI 10.24432/C5MC89),"pendiente (se asigna en Fase 3, semana 5)"
785,Graduate,0.0,UCI id=697 (DOI 10.24432/C5MC89),"pendiente (se asigna en Fase 3, semana 5)"
786,Graduate,0.0,UCI id=697 (DOI 10.24432/C5MC89),"pendiente (se asigna en Fase 3, semana 5)"
787,Graduate,0.0,UCI id=697 (DOI 10.24432/C5MC89),"pendiente (se asigna en Fase 3, semana 5)"
788,Dropout,1.0,UCI id=697 (DOI 10.24432/C5MC89),"pendiente (se asigna en Fase 3, semana 5)"
789,Graduate,0.0,UCI id=697 (DOI 10.24432/C5MC89),"pendiente (se asigna en Fase 3, semana 5)"
790,Graduate,0.0,UCI id=697 (DOI 10.24432/C5MC89),"pendiente (se asigna en Fase 3, semana 5)"
791,Dropout,1.0,UCI id=697 (DOI 10.24432/C5MC89),"pendiente (se asigna en Fase 3, semana 5)"
792,Graduate,0.0,UCI id=697 (DOI 10.24432/C5MC89),"pendiente (se asigna en Fase 3, semana 5)"
793,Graduate,0.0,UCI id=697 (DOI 10.24432/C5MC89),"pendiente (se asigna en Fase 3, semana 5)"
794,Graduate,0.0,UCI id=697 (DOI 10.24432/C5MC89),"pendiente (se asigna en Fase 3, semana 5)"
795,Graduate,0.0,UCI id=697 (DOI 10.24432/C5MC89),"pendiente (se asigna en Fase 3, semana 5)"
796,Graduate,0.0,UCI id=697 (DOI 10.24432/C5MC89),"pendiente (se asigna en Fase 3, semana 5)"
797,Graduate,0.0,UCI id=697 (DOI 10.24432/C5MC89),"pendiente (se asigna en Fase 3, semana 5)"
798,Graduate,0.0,UCI id=697 (DOI 10.24432/C5MC89),"pendiente (se asigna en Fase 3, semana 5)"
799,Enrolled,,UCI id=697 (DOI 10.24432/C5MC89),"pendiente (se asigna en Fase 3, semana 5)"
800,Enrolled,,UCI id=697 (DOI 10.24432/C5MC89),"pendiente (se asigna en Fase 3, semana 5)"
801,Dropout,1.0,UCI id=697 (DOI 10.24432/C5MC89),"pendiente (se asigna en Fase 3, semana 5)"
802,Graduate,0.0,UCI id=697 (DOI 10.24432/C5MC89),"pendiente (se asigna en Fase 3, semana 5)"
803,Graduate,0.0,UCI id=697 (DOI 10.24432/C5MC89),"pendiente (se asigna en Fase 3, semana 5)"
804,Graduate,0.0,UCI id=697 (DOI 10.24432/C5MC89),"pendiente (se asigna en Fase 3, semana 5)"
805,Enrolled,,UCI id=697 (DOI 10.24432/C5MC89),"pendiente (se asigna en Fase 3, semana 5)"
806,Graduate,0.0,UCI id=697 (DOI 10.24432/C5MC89),"pendiente (se asigna en Fase 3, semana 5)"
807,Enrolled,,UCI id=697 (DOI 10.24432/C5MC89),"pendiente (se asigna en Fase 3, semana 5)"
808,Dropout,1.0,UCI id=697 (DOI 10.24432/C5MC89),"pendiente (se asigna en Fase 3, semana 5)"
809,Enrolled,,UCI id=697 (DOI 10.24432/C5MC89),"pendiente (se asigna en Fase 3, semana 5)"
810,Dropout,1.0,UCI id=697 (DOI 10.24432/C5MC89),"pendiente (se asigna en Fase 3, semana 5)"
811,Graduate,0.0,UCI id=697 (DOI 10.24432/C5MC89),"pendiente (se asigna en Fase 3, semana 5)"
812,Graduate,0.0,UCI id=697 (DOI 10.24432/C5MC89),"pendiente (se asigna en Fase 3, semana 5)"
813,Graduate,0.0,UCI id=697 (DOI 10.24432/C5MC89),"pendiente (se asigna en Fase 3, semana 5)"
814,Graduate,0.0,UCI id=697 (DOI 10.24432/C5MC89),"pendiente (se asigna en Fase 3, semana 5)"
815,Enrolled,,UCI id=697 (DOI 10.24432/C5MC89),"pendiente (se asigna en Fase 3, semana 5)"
816,Enrolled,,UCI id=697 (DOI 10.24432/C5MC89),"pendiente (se asigna en Fase 3, semana 5)"
817,Graduate,0.0,UCI id=697 (DOI 10.24432/C5MC89),"pendiente (se asigna en Fase 3, semana 5)"
818,Enrolled,,UCI id=697 (DOI 10.24432/C5MC89),"pendiente (se asigna en Fase 3, semana 5)"
819,Graduate,0.0,UCI id=697 (DOI 10.24432/C5MC89),"pendiente (se asigna en Fase 3, semana 5)"
820,Graduate,0.0,UCI id=697 (DOI 10.24432/C5MC89),"pendiente (se asigna en Fase 3, semana 5)"
821,Graduate,0.0,UCI id=697 (DOI 10.24432/C5MC89),"pendiente (se asigna en Fase 3, semana 5)"
822,Enrolled,,UCI id=697 (DOI 10.24432/C5MC89),"pendiente (se asigna en Fase 3, semana 5)"
823,Graduate,0.0,UCI id=697 (DOI 10.24432/C5MC89),"pendiente (se asigna en Fase 3, semana 5)"
824,Graduate,0.0,UCI id=697 (DOI 10.24432/C5MC89),"pendiente (se asigna en Fase 3, semana 5)"
825,Graduate,0.0,UCI id=697 (DOI 10.24432/C5MC89),"pendiente (se asigna en Fase 3, semana 5)"
826,Dropout,1.0,UCI id=697 (DOI 10.24432/C5MC89),"pendiente (se asigna en Fase 3, semana 5)"
827,Graduate,0.0,UCI id=697 (DOI 10.24432/C5MC89),"pendiente (se asigna en Fase 3, semana 5)"
828,Graduate,0.0,UCI id=697 (DOI 10.24432/C5MC89),"pendiente (se asigna en Fase 3, semana 5)"
829,Dropout,1.0,UCI id=697 (DOI 10.24432/C5MC89),"pendiente (se asigna en Fase 3, semana 5)"
830,Dropout,1.0,UCI id=697 (DOI 10.24432/C5MC89),"pendiente (se asigna en Fase 3, semana 5)"
831,Dropout,1.0,UCI id=697 (DOI 10.24432/C5MC89),"pendiente (se asigna en Fase 3, semana 5)"
832,Enrolled,,UCI id=697 (DOI 10.24432/C5MC89),"pendiente (se asigna en Fase 3, semana 5)"
833,Dropout,1.0,UCI id=697 (DOI 10.24432/C5MC89),"pendiente (se asigna en Fase 3, semana 5)"
834,Dropout,1.0,UCI id=697 (DOI 10.24432/C5MC89),"pendiente (se asigna en Fase 3, semana 5)"
835,Enrolled,,UCI id=697 (DOI 10.24432/C5MC89),"pendiente (se asigna en Fase 3, semana 5)"
836,Dropout,1.0,UCI id=697 (DOI 10.24432/C5MC89),"pendiente (se asigna en Fase 3, semana 5)"
837,Enrolled,,UCI id=697 (DOI 10.24432/C5MC89),"pendiente (se asigna en Fase 3, semana 5)"
838,Dropout,1.0,UCI id=697 (DOI 10.24432/C5MC89),"pendiente (se asigna en Fase 3, semana 5)"
839,Graduate,0.0,UCI id=697 (DOI 10.24432/C5MC89),"pendiente (se asigna en Fase 3, semana 5)"
840,Dropout,1.0,UCI id=697 (DOI 10.24432/C5MC89),"pendiente (se asigna en Fase 3, semana 5)"
841,Enrolled,,UCI id=697 (DOI 10.24432/C5MC89),"pendiente (se asigna en Fase 3, semana 5)"
842,Dropout,1.0,UCI id=697 (DOI 10.24432/C5MC89),"pendiente (se asigna en Fase 3, semana 5)"
843,Graduate,0.0,UCI id=697 (DOI 10.24432/C5MC89),"pendiente (se asigna en Fase 3, semana 5)"
844,Graduate,0.0,UCI id=697 (DOI 10.24432/C5MC89),"pendiente (se asigna en Fase 3, semana 5)"
845,Dropout,1.0,UCI id=697 (DOI 10.24432/C5MC89),"pendiente (se asigna en Fase 3, semana 5)"
846,Graduate,0.0,UCI id=697 (DOI 10.24432/C5MC89),"pendiente (se asigna en Fase 3, semana 5)"
847,Graduate,0.0,UCI id=697 (DOI 10.24432/C5MC89),"pendiente (se asigna en Fase 3, semana 5)"
848,Enrolled,,UCI id=697 (DOI 10.24432/C5MC89),"pendiente (se asigna en Fase 3, semana 5)"
849,Graduate,0.0,UCI id=697 (DOI 10.24432/C5MC89),"pendiente (se asigna en Fase 3, semana 5)"
850,Graduate,0.0,UCI id=697 (DOI 10.24432/C5MC89),"pendiente (se asigna en Fase 3, semana 5)"
851,Enrolled,,UCI id=697 (DOI 10.24432/C5MC89),"pendiente (se asigna en Fase 3, semana 5)"
852,Graduate,0.0,UCI id=697 (DOI 10.24432/C5MC89),"pendiente (se asigna en Fase 3, semana 5)"
853,Graduate,0.0,UCI id=697 (DOI 10.24432/C5MC89),"pendiente (se asigna en Fase 3, semana 5)"
854,Enrolled,,UCI id=697 (DOI 10.24432/C5MC89),"pendiente (se asigna en Fase 3, semana 5)"
855,Dropout,1.0,UCI id=697 (DOI 10.24432/C5MC89),"pendiente (se asigna en Fase 3, semana 5)"
856,Dropout,1.0,UCI id=697 (DOI 10.24432/C5MC89),"pendiente (se asigna en Fase 3, semana 5)"
857,Dropout,1.0,UCI id=697 (DOI 10.24432/C5MC89),"pendiente (se asigna en Fase 3, semana 5)"
858,Dropout,1.0,UCI id=697 (DOI 10.24432/C5MC89),"pendiente (se asigna en Fase 3, semana 5)"
859,Dropout,1.0,UCI id=697 (DOI 10.24432/C5MC89),"pendiente (se asigna en Fase 3, semana 5)"
860,Dropout,1.0,UCI id=697 (DOI 10.24432/C5MC89),"pendiente (se asigna en Fase 3, semana 5)"
861,Dropout,1.0,UCI id=697 (DOI 10.24432/C5MC89),"pendiente (se asigna en Fase 3, semana 5)"
862,Dropout,1.0,UCI id=697 (DOI 10.24432/C5MC89),"pendiente (se asigna en Fase 3, semana 5)"
863,Dropout,1.0,UCI id=697 (DOI 10.24432/C5MC89),"pendiente (se asigna en Fase 3, semana 5)"
864,Dropout,1.0,UCI id=697 (DOI 10.24432/C5MC89),"pendiente (se asigna en Fase 3, semana 5)"
865,Graduate,0.0,UCI id=697 (DOI 10.24432/C5MC89),"pendiente (se asigna en Fase 3, semana 5)"
866,Dropout,1.0,UCI id=697 (DOI 10.24432/C5MC89),"pendiente (se asigna en Fase 3, semana 5)"
867,Dropout,1.0,UCI id=697 (DOI 10.24432/C5MC89),"pendiente (se asigna en Fase 3, semana 5)"
868,Graduate,0.0,UCI id=697 (DOI 10.24432/C5MC89),"pendiente (se asigna en Fase 3, semana 5)"
869,Graduate,0.0,UCI id=697 (DOI 10.24432/C5MC89),"pendiente (se asigna en Fase 3, semana 5)"
870,Graduate,0.0,UCI id=697 (DOI 10.24432/C5MC89),"pendiente (se asigna en Fase 3, semana 5)"
871,Dropout,1.0,UCI id=697 (DOI 10.24432/C5MC89),"pendiente (se asigna en Fase 3, semana 5)"
872,Graduate,0.0,UCI id=697 (DOI 10.24432/C5MC89),"pendiente (se asigna en Fase 3, semana 5)"
873,Enrolled,,UCI id=697 (DOI 10.24432/C5MC89),"pendiente (se asigna en Fase 3, semana 5)"
874,Graduate,0.0,UCI id=697 (DOI 10.24432/C5MC89),"pendiente (se asigna en Fase 3, semana 5)"
875,Graduate,0.0,UCI id=697 (DOI 10.24432/C5MC89),"pendiente (se asigna en Fase 3, semana 5)"
876,Dropout,1.0,UCI id=697 (DOI 10.24432/C5MC89),"pendiente (se asigna en Fase 3, semana 5)"
877,Dropout,1.0,UCI id=697 (DOI 10.24432/C5MC89),"pendiente (se asigna en Fase 3, semana 5)"
878,Graduate,0.0,UCI id=697 (DOI 10.24432/C5MC89),"pendiente (se asigna en Fase 3, semana 5)"
879,Dropout,1.0,UCI id=697 (DOI 10.24432/C5MC89),"pendiente (se asigna en Fase 3, semana 5)"
880,Graduate,0.0,UCI id=697 (DOI 10.24432/C5MC89),"pendiente (se asigna en Fase 3, semana 5)"
881,Graduate,0.0,UCI id=697 (DOI 10.24432/C5MC89),"pendiente (se asigna en Fase 3, semana 5)"
882,Dropout,1.0,UCI id=697 (DOI 10.24432/C5MC89),"pendiente (se asigna en Fase 3, semana 5)"
883,Dropout,1.0,UCI id=697 (DOI 10.24432/C5MC89),"pendiente (se asigna en Fase 3, semana 5)"
884,Graduate,0.0,UCI id=697 (DOI 10.24432/C5MC89),"pendiente (se asigna en Fase 3, semana 5)"
885,Graduate,0.0,UCI id=697 (DOI 10.24432/C5MC89),"pendiente (se asigna en Fase 3, semana 5)"
886,Graduate,0.0,UCI id=697 (DOI 10.24432/C5MC89),"pendiente (se asigna en Fase 3, semana 5)"
887,Graduate,0.0,UCI id=697 (DOI 10.24432/C5MC89),"pendiente (se asigna en Fase 3, semana 5)"
888,Graduate,0.0,UCI id=697 (DOI 10.24432/C5MC89),"pendiente (se asigna en Fase 3, semana 5)"
889,Graduate,0.0,UCI id=697 (DOI 10.24432/C5MC89),"pendiente (se asigna en Fase 3, semana 5)"
890,Graduate,0.0,UCI id=697 (DOI 10.24432/C5MC89),"pendiente (se asigna en Fase 3, semana 5)"
891,Dropout,1.0,UCI id=697 (DOI 10.24432/C5MC89),"pendiente (se asigna en Fase 3, semana 5)"
892,Graduate,0.0,UCI id=697 (DOI 10.24432/C5MC89),"pendiente (se asigna en Fase 3, semana 5)"
893,Dropout,1.0,UCI id=697 (DOI 10.24432/C5MC89),"pendiente (se asigna en Fase 3, semana 5)"
894,Graduate,0.0,UCI id=697 (DOI 10.24432/C5MC89),"pendiente (se asigna en Fase 3, semana 5)"
895,Dropout,1.0,UCI id=697 (DOI 10.24432/C5MC89),"pendiente (se asigna en Fase 3, semana 5)"
896,Graduate,0.0,UCI id=697 (DOI 10.24432/C5MC89),"pendiente (se asigna en Fase 3, semana 5)"
897,Graduate,0.0,UCI id=697 (DOI 10.24432/C5MC89),"pendiente (se asigna en Fase 3, semana 5)"
898,Enrolled,,UCI id=697 (DOI 10.24432/C5MC89),"pendiente (se asigna en Fase 3, semana 5)"
899,Graduate,0.0,UCI id=697 (DOI 10.24432/C5MC89),"pendiente (se asigna en Fase 3, semana 5)"
900,Dropout,1.0,UCI id=697 (DOI 10.24432/C5MC89),"pendiente (se asigna en Fase 3, semana 5)"
901,Graduate,0.0,UCI id=697 (DOI 10.24432/C5MC89),"pendiente (se asigna en Fase 3, semana 5)"
902,Graduate,0.0,UCI id=697 (DOI 10.24432/C5MC89),"pendiente (se asigna en Fase 3, semana 5)"
903,Graduate,0.0,UCI id=697 (DOI 10.24432/C5MC89),"pendiente (se asigna en Fase 3, semana 5)"
904,Dropout,1.0,UCI id=697 (DOI 10.24432/C5MC89),"pendiente (se asigna en Fase 3, semana 5)"
905,Graduate,0.0,UCI id=697 (DOI 10.24432/C5MC89),"pendiente (se asigna en Fase 3, semana 5)"
906,Dropout,1.0,UCI id=697 (DOI 10.24432/C5MC89),"pendiente (se asigna en Fase 3, semana 5)"
907,Graduate,0.0,UCI id=697 (DOI 10.24432/C5MC89),"pendiente (se asigna en Fase 3, semana 5)"
908,Enrolled,,UCI id=697 (DOI 10.24432/C5MC89),"pendiente (se asigna en Fase 3, semana 5)"
909,Dropout,1.0,UCI id=697 (DOI 10.24432/C5MC89),"pendiente (se asigna en Fase 3, semana 5)"
910,Graduate,0.0,UCI id=697 (DOI 10.24432/C5MC89),"pendiente (se asigna en Fase 3, semana 5)"
911,Graduate,0.0,UCI id=697 (DOI 10.24432/C5MC89),"pendiente (se asigna en Fase 3, semana 5)"
912,Dropout,1.0,UCI id=697 (DOI 10.24432/C5MC89),"pendiente (se asigna en Fase 3, semana 5)"
913,Graduate,0.0,UCI id=697 (DOI 10.24432/C5MC89),"pendiente (se asigna en Fase 3, semana 5)"
914,Dropout,1.0,UCI id=697 (DOI 10.24432/C5MC89),"pendiente (se asigna en Fase 3, semana 5)"
915,Graduate,0.0,UCI id=697 (DOI 10.24432/C5MC89),"pendiente (se asigna en Fase 3, semana 5)"
916,Dropout,1.0,UCI id=697 (DOI 10.24432/C5MC89),"pendiente (se asigna en Fase 3, semana 5)"
917,Dropout,1.0,UCI id=697 (DOI 10.24432/C5MC89),"pendiente (se asigna en Fase 3, semana 5)"
918,Graduate,0.0,UCI id=697 (DOI 10.24432/C5MC89),"pendiente (se asigna en Fase 3, semana 5)"
919,Graduate,0.0,UCI id=697 (DOI 10.24432/C5MC89),"pendiente (se asigna en Fase 3, semana 5)"
920,Graduate,0.0,UCI id=697 (DOI 10.24432/C5MC89),"pendiente (se asigna en Fase 3, semana 5)"
921,Graduate,0.0,UCI id=697 (DOI 10.24432/C5MC89),"pendiente (se asigna en Fase 3, semana 5)"
922,Dropout,1.0,UCI id=697 (DOI 10.24432/C5MC89),"pendiente (se asigna en Fase 3, semana 5)"
923,Dropout,1.0,UCI id=697 (DOI 10.24432/C5MC89),"pendiente (se asigna en Fase 3, semana 5)"
924,Enrolled,,UCI id=697 (DOI 10.24432/C5MC89),"pendiente (se asigna en Fase 3, semana 5)"
925,Graduate,0.0,UCI id=697 (DOI 10.24432/C5MC89),"pendiente (se asigna en Fase 3, semana 5)"
926,Dropout,1.0,UCI id=697 (DOI 10.24432/C5MC89),"pendiente (se asigna en Fase 3, semana 5)"
927,Enrolled,,UCI id=697 (DOI 10.24432/C5MC89),"pendiente (se asigna en Fase 3, semana 5)"
928,Enrolled,,UCI id=697 (DOI 10.24432/C5MC89),"pendiente (se asigna en Fase 3, semana 5)"
929,Dropout,1.0,UCI id=697 (DOI 10.24432/C5MC89),"pendiente (se asigna en Fase 3, semana 5)"
930,Enrolled,,UCI id=697 (DOI 10.24432/C5MC89),"pendiente (se asigna en Fase 3, semana 5)"
931,Graduate,0.0,UCI id=697 (DOI 10.24432/C5MC89),"pendiente (se asigna en Fase 3, semana 5)"
932,Graduate,0.0,UCI id=697 (DOI 10.24432/C5MC89),"pendiente (se asigna en Fase 3, semana 5)"
933,Dropout,1.0,UCI id=697 (DOI 10.24432/C5MC89),"pendiente (se asigna en Fase 3, semana 5)"
934,Enrolled,,UCI id=697 (DOI 10.24432/C5MC89),"pendiente (se asigna en Fase 3, semana 5)"
935,Graduate,0.0,UCI id=697 (DOI 10.24432/C5MC89),"pendiente (se asigna en Fase 3, semana 5)"
936,Dropout,1.0,UCI id=697 (DOI 10.24432/C5MC89),"pendiente (se asigna en Fase 3, semana 5)"
937,Enrolled,,UCI id=697 (DOI 10.24432/C5MC89),"pendiente (se asigna en Fase 3, semana 5)"
938,Enrolled,,UCI id=697 (DOI 10.24432/C5MC89),"pendiente (se asigna en Fase 3, semana 5)"
939,Dropout,1.0,UCI id=697 (DOI 10.24432/C5MC89),"pendiente (se asigna en Fase 3, semana 5)"
940,Graduate,0.0,UCI id=697 (DOI 10.24432/C5MC89),"pendiente (se asigna en Fase 3, semana 5)"
941,Graduate,0.0,UCI id=697 (DOI 10.24432/C5MC89),"pendiente (se asigna en Fase 3, semana 5)"
942,Enrolled,,UCI id=697 (DOI 10.24432/C5MC89),"pendiente (se asigna en Fase 3, semana 5)"
943,Dropout,1.0,UCI id=697 (DOI 10.24432/C5MC89),"pendiente (se asigna en Fase 3, semana 5)"
944,Graduate,0.0,UCI id=697 (DOI 10.24432/C5MC89),"pendiente (se asigna en Fase 3, semana 5)"
945,Graduate,0.0,UCI id=697 (DOI 10.24432/C5MC89),"pendiente (se asigna en Fase 3, semana 5)"
946,Graduate,0.0,UCI id=697 (DOI 10.24432/C5MC89),"pendiente (se asigna en Fase 3, semana 5)"
947,Dropout,1.0,UCI id=697 (DOI 10.24432/C5MC89),"pendiente (se asigna en Fase 3, semana 5)"
948,Graduate,0.0,UCI id=697 (DOI 10.24432/C5MC89),"pendiente (se asigna en Fase 3, semana 5)"
949,Dropout,1.0,UCI id=697 (DOI 10.24432/C5MC89),"pendiente (se asigna en Fase 3, semana 5)"
950,Graduate,0.0,UCI id=697 (DOI 10.24432/C5MC89),"pendiente (se asigna en Fase 3, semana 5)"
951,Dropout,1.0,UCI id=697 (DOI 10.24432/C5MC89),"pendiente (se asigna en Fase 3, semana 5)"
952,Graduate,0.0,UCI id=697 (DOI 10.24432/C5MC89),"pendiente (se asigna en Fase 3, semana 5)"
953,Dropout,1.0,UCI id=697 (DOI 10.24432/C5MC89),"pendiente (se asigna en Fase 3, semana 5)"
954,Dropout,1.0,UCI id=697 (DOI 10.24432/C5MC89),"pendiente (se asigna en Fase 3, semana 5)"
955,Dropout,1.0,UCI id=697 (DOI 10.24432/C5MC89),"pendiente (se asigna en Fase 3, semana 5)"
956,Graduate,0.0,UCI id=697 (DOI 10.24432/C5MC89),"pendiente (se asigna en Fase 3, semana 5)"
957,Graduate,0.0,UCI id=697 (DOI 10.24432/C5MC89),"pendiente (se asigna en Fase 3, semana 5)"
958,Graduate,0.0,UCI id=697 (DOI 10.24432/C5MC89),"pendiente (se asigna en Fase 3, semana 5)"
959,Dropout,1.0,UCI id=697 (DOI 10.24432/C5MC89),"pendiente (se asigna en Fase 3, semana 5)"
960,Dropout,1.0,UCI id=697 (DOI 10.24432/C5MC89),"pendiente (se asigna en Fase 3, semana 5)"
961,Graduate,0.0,UCI id=697 (DOI 10.24432/C5MC89),"pendiente (se asigna en Fase 3, semana 5)"
962,Graduate,0.0,UCI id=697 (DOI 10.24432/C5MC89),"pendiente (se asigna en Fase 3, semana 5)"
963,Enrolled,,UCI id=697 (DOI 10.24432/C5MC89),"pendiente (se asigna en Fase 3, semana 5)"
964,Graduate,0.0,UCI id=697 (DOI 10.24432/C5MC89),"pendiente (se asigna en Fase 3, semana 5)"
965,Graduate,0.0,UCI id=697 (DOI 10.24432/C5MC89),"pendiente (se asigna en Fase 3, semana 5)"
966,Dropout,1.0,UCI id=697 (DOI 10.24432/C5MC89),"pendiente (se asigna en Fase 3, semana 5)"
967,Dropout,1.0,UCI id=697 (DOI 10.24432/C5MC89),"pendiente (se asigna en Fase 3, semana 5)"
968,Dropout,1.0,UCI id=697 (DOI 10.24432/C5MC89),"pendiente (se asigna en Fase 3, semana 5)"
969,Enrolled,,UCI id=697 (DOI 10.24432/C5MC89),"pendiente (se asigna en Fase 3, semana 5)"
970,Graduate,0.0,UCI id=697 (DOI 10.24432/C5MC89),"pendiente (se asigna en Fase 3, semana 5)"
971,Dropout,1.0,UCI id=697 (DOI 10.24432/C5MC89),"pendiente (se asigna en Fase 3, semana 5)"
972,Dropout,1.0,UCI id=697 (DOI 10.24432/C5MC89),"pendiente (se asigna en Fase 3, semana 5)"
973,Graduate,0.0,UCI id=697 (DOI 10.24432/C5MC89),"pendiente (se asigna en Fase 3, semana 5)"
974,Graduate,0.0,UCI id=697 (DOI 10.24432/C5MC89),"pendiente (se asigna en Fase 3, semana 5)"
975,Enrolled,,UCI id=697 (DOI 10.24432/C5MC89),"pendiente (se asigna en Fase 3, semana 5)"
976,Graduate,0.0,UCI id=697 (DOI 10.24432/C5MC89),"pendiente (se asigna en Fase 3, semana 5)"
977,Graduate,0.0,UCI id=697 (DOI 10.24432/C5MC89),"pendiente (se asigna en Fase 3, semana 5)"
978,Dropout,1.0,UCI id=697 (DOI 10.24432/C5MC89),"pendiente (se asigna en Fase 3, semana 5)"
979,Graduate,0.0,UCI id=697 (DOI 10.24432/C5MC89),"pendiente (se asigna en Fase 3, semana 5)"
980,Dropout,1.0,UCI id=697 (DOI 10.24432/C5MC89),"pendiente (se asigna en Fase 3, semana 5)"
981,Enrolled,,UCI id=697 (DOI 10.24432/C5MC89),"pendiente (se asigna en Fase 3, semana 5)"
982,Graduate,0.0,UCI id=697 (DOI 10.24432/C5MC89),"pendiente (se asigna en Fase 3, semana 5)"
983,Enrolled,,UCI id=697 (DOI 10.24432/C5MC89),"pendiente (se asigna en Fase 3, semana 5)"
984,Dropout,1.0,UCI id=697 (DOI 10.24432/C5MC89),"pendiente (se asigna en Fase 3, semana 5)"
985,Graduate,0.0,UCI id=697 (DOI 10.24432/C5MC89),"pendiente (se asigna en Fase 3, semana 5)"
986,Graduate,0.0,UCI id=697 (DOI 10.24432/C5MC89),"pendiente (se asigna en Fase 3, semana 5)"
987,Dropout,1.0,UCI id=697 (DOI 10.24432/C5MC89),"pendiente (se asigna en Fase 3, semana 5)"
988,Dropout,1.0,UCI id=697 (DOI 10.24432/C5MC89),"pendiente (se asigna en Fase 3, semana 5)"
989,Dropout,1.0,UCI id=697 (DOI 10.24432/C5MC89),"pendiente (se asigna en Fase 3, semana 5)"
990,Graduate,0.0,UCI id=697 (DOI 10.24432/C5MC89),"pendiente (se asigna en Fase 3, semana 5)"
991,Graduate,0.0,UCI id=697 (DOI 10.24432/C5MC89),"pendiente (se asigna en Fase 3, semana 5)"
992,Dropout,1.0,UCI id=697 (DOI 10.24432/C5MC89),"pendiente (se asigna en Fase 3, semana 5)"
993,Graduate,0.0,UCI id=697 (DOI 10.24432/C5MC89),"pendiente (se asigna en Fase 3, semana 5)"
994,Graduate,0.0,UCI id=697 (DOI 10.24432/C5MC89),"pendiente (se asigna en Fase 3, semana 5)"
995,Graduate,0.0,UCI id=697 (DOI 10.24432/C5MC89),"pendiente (se asigna en Fase 3, semana 5)"
996,Enrolled,,UCI id=697 (DOI 10.24432/C5MC89),"pendiente (se asigna en Fase 3, semana 5)"
997,Enrolled,,UCI id=697 (DOI 10.24432/C5MC89),"pendiente (se asigna en Fase 3, semana 5)"
998,Graduate,0.0,UCI id=697 (DOI 10.24432/C5MC89),"pendiente (se asigna en Fase 3, semana 5)"
999,Dropout,1.0,UCI id=697 (DOI 10.24432/C5MC89),"pendiente (se asigna en Fase 3, semana 5)"
1000,Dropout,1.0,UCI id=697 (DOI 10.24432/C5MC89),"pendiente (se asigna en Fase 3, semana 5)"
1001,Dropout,1.0,UCI id=697 (DOI 10.24432/C5MC89),"pendiente (se asigna en Fase 3, semana 5)"
1002,Graduate,0.0,UCI id=697 (DOI 10.24432/C5MC89),"pendiente (se asigna en Fase 3, semana 5)"
1003,Graduate,0.0,UCI id=697 (DOI 10.24432/C5MC89),"pendiente (se asigna en Fase 3, semana 5)"
1004,Dropout,1.0,UCI id=697 (DOI 10.24432/C5MC89),"pendiente (se asigna en Fase 3, semana 5)"
1005,Graduate,0.0,UCI id=697 (DOI 10.24432/C5MC89),"pendiente (se asigna en Fase 3, semana 5)"
1006,Graduate,0.0,UCI id=697 (DOI 10.24432/C5MC89),"pendiente (se asigna en Fase 3, semana 5)"
1007,Graduate,0.0,UCI id=697 (DOI 10.24432/C5MC89),"pendiente (se asigna en Fase 3, semana 5)"
1008,Graduate,0.0,UCI id=697 (DOI 10.24432/C5MC89),"pendiente (se asigna en Fase 3, semana 5)"
1009,Graduate,0.0,UCI id=697 (DOI 10.24432/C5MC89),"pendiente (se asigna en Fase 3, semana 5)"
1010,Graduate,0.0,UCI id=697 (DOI 10.24432/C5MC89),"pendiente (se asigna en Fase 3, semana 5)"
1011,Graduate,0.0,UCI id=697 (DOI 10.24432/C5MC89),"pendiente (se asigna en Fase 3, semana 5)"
1012,Graduate,0.0,UCI id=697 (DOI 10.24432/C5MC89),"pendiente (se asigna en Fase 3, semana 5)"
1013,Dropout,1.0,UCI id=697 (DOI 10.24432/C5MC89),"pendiente (se asigna en Fase 3, semana 5)"
1014,Graduate,0.0,UCI id=697 (DOI 10.24432/C5MC89),"pendiente (se asigna en Fase 3, semana 5)"
1015,Graduate,0.0,UCI id=697 (DOI 10.24432/C5MC89),"pendiente (se asigna en Fase 3, semana 5)"
1016,Dropout,1.0,UCI id=697 (DOI 10.24432/C5MC89),"pendiente (se asigna en Fase 3, semana 5)"
1017,Graduate,0.0,UCI id=697 (DOI 10.24432/C5MC89),"pendiente (se asigna en Fase 3, semana 5)"
1018,Dropout,1.0,UCI id=697 (DOI 10.24432/C5MC89),"pendiente (se asigna en Fase 3, semana 5)"
1019,Graduate,0.0,UCI id=697 (DOI 10.24432/C5MC89),"pendiente (se asigna en Fase 3, semana 5)"
1020,Graduate,0.0,UCI id=697 (DOI 10.24432/C5MC89),"pendiente (se asigna en Fase 3, semana 5)"
1021,Graduate,0.0,UCI id=697 (DOI 10.24432/C5MC89),"pendiente (se asigna en Fase 3, semana 5)"
1022,Graduate,0.0,UCI id=697 (DOI 10.24432/C5MC89),"pendiente (se asigna en Fase 3, semana 5)"
1023,Graduate,0.0,UCI id=697 (DOI 10.24432/C5MC89),"pendiente (se asigna en Fase 3, semana 5)"
1024,Graduate,0.0,UCI id=697 (DOI 10.24432/C5MC89),"pendiente (se asigna en Fase 3, semana 5)"
1025,Dropout,1.0,UCI id=697 (DOI 10.24432/C5MC89),"pendiente (se asigna en Fase 3, semana 5)"
1026,Graduate,0.0,UCI id=697 (DOI 10.24432/C5MC89),"pendiente (se asigna en Fase 3, semana 5)"
1027,Graduate,0.0,UCI id=697 (DOI 10.24432/C5MC89),"pendiente (se asigna en Fase 3, semana 5)"
1028,Graduate,0.0,UCI id=697 (DOI 10.24432/C5MC89),"pendiente (se asigna en Fase 3, semana 5)"
1029,Graduate,0.0,UCI id=697 (DOI 10.24432/C5MC89),"pendiente (se asigna en Fase 3, semana 5)"
1030,Graduate,0.0,UCI id=697 (DOI 10.24432/C5MC89),"pendiente (se asigna en Fase 3, semana 5)"
1031,Enrolled,,UCI id=697 (DOI 10.24432/C5MC89),"pendiente (se asigna en Fase 3, semana 5)"
1032,Graduate,0.0,UCI id=697 (DOI 10.24432/C5MC89),"pendiente (se asigna en Fase 3, semana 5)"
1033,Graduate,0.0,UCI id=697 (DOI 10.24432/C5MC89),"pendiente (se asigna en Fase 3, semana 5)"
1034,Dropout,1.0,UCI id=697 (DOI 10.24432/C5MC89),"pendiente (se asigna en Fase 3, semana 5)"
1035,Enrolled,,UCI id=697 (DOI 10.24432/C5MC89),"pendiente (se asigna en Fase 3, semana 5)"
1036,Dropout,1.0,UCI id=697 (DOI 10.24432/C5MC89),"pendiente (se asigna en Fase 3, semana 5)"
1037,Graduate,0.0,UCI id=697 (DOI 10.24432/C5MC89),"pendiente (se asigna en Fase 3, semana 5)"
1038,Graduate,0.0,UCI id=697 (DOI 10.24432/C5MC89),"pendiente (se asigna en Fase 3, semana 5)"
1039,Enrolled,,UCI id=697 (DOI 10.24432/C5MC89),"pendiente (se asigna en Fase 3, semana 5)"
1040,Graduate,0.0,UCI id=697 (DOI 10.24432/C5MC89),"pendiente (se asigna en Fase 3, semana 5)"
1041,Graduate,0.0,UCI id=697 (DOI 10.24432/C5MC89),"pendiente (se asigna en Fase 3, semana 5)"
1042,Graduate,0.0,UCI id=697 (DOI 10.24432/C5MC89),"pendiente (se asigna en Fase 3, semana 5)"
1043,Graduate,0.0,UCI id=697 (DOI 10.24432/C5MC89),"pendiente (se asigna en Fase 3, semana 5)"
1044,Graduate,0.0,UCI id=697 (DOI 10.24432/C5MC89),"pendiente (se asigna en Fase 3, semana 5)"
1045,Dropout,1.0,UCI id=697 (DOI 10.24432/C5MC89),"pendiente (se asigna en Fase 3, semana 5)"
1046,Dropout,1.0,UCI id=697 (DOI 10.24432/C5MC89),"pendiente (se asigna en Fase 3, semana 5)"
1047,Graduate,0.0,UCI id=697 (DOI 10.24432/C5MC89),"pendiente (se asigna en Fase 3, semana 5)"
1048,Graduate,0.0,UCI id=697 (DOI 10.24432/C5MC89),"pendiente (se asigna en Fase 3, semana 5)"
1049,Graduate,0.0,UCI id=697 (DOI 10.24432/C5MC89),"pendiente (se asigna en Fase 3, semana 5)"
1050,Graduate,0.0,UCI id=697 (DOI 10.24432/C5MC89),"pendiente (se asigna en Fase 3, semana 5)"
1051,Graduate,0.0,UCI id=697 (DOI 10.24432/C5MC89),"pendiente (se asigna en Fase 3, semana 5)"
1052,Dropout,1.0,UCI id=697 (DOI 10.24432/C5MC89),"pendiente (se asigna en Fase 3, semana 5)"
1053,Graduate,0.0,UCI id=697 (DOI 10.24432/C5MC89),"pendiente (se asigna en Fase 3, semana 5)"
1054,Graduate,0.0,UCI id=697 (DOI 10.24432/C5MC89),"pendiente (se asigna en Fase 3, semana 5)"
1055,Graduate,0.0,UCI id=697 (DOI 10.24432/C5MC89),"pendiente (se asigna en Fase 3, semana 5)"
1056,Dropout,1.0,UCI id=697 (DOI 10.24432/C5MC89),"pendiente (se asigna en Fase 3, semana 5)"
1057,Graduate,0.0,UCI id=697 (DOI 10.24432/C5MC89),"pendiente (se asigna en Fase 3, semana 5)"
1058,Dropout,1.0,UCI id=697 (DOI 10.24432/C5MC89),"pendiente (se asigna en Fase 3, semana 5)"
1059,Graduate,0.0,UCI id=697 (DOI 10.24432/C5MC89),"pendiente (se asigna en Fase 3, semana 5)"
1060,Dropout,1.0,UCI id=697 (DOI 10.24432/C5MC89),"pendiente (se asigna en Fase 3, semana 5)"
1061,Dropout,1.0,UCI id=697 (DOI 10.24432/C5MC89),"pendiente (se asigna en Fase 3, semana 5)"
1062,Graduate,0.0,UCI id=697 (DOI 10.24432/C5MC89),"pendiente (se asigna en Fase 3, semana 5)"
1063,Graduate,0.0,UCI id=697 (DOI 10.24432/C5MC89),"pendiente (se asigna en Fase 3, semana 5)"
1064,Enrolled,,UCI id=697 (DOI 10.24432/C5MC89),"pendiente (se asigna en Fase 3, semana 5)"
1065,Dropout,1.0,UCI id=697 (DOI 10.24432/C5MC89),"pendiente (se asigna en Fase 3, semana 5)"
1066,Graduate,0.0,UCI id=697 (DOI 10.24432/C5MC89),"pendiente (se asigna en Fase 3, semana 5)"
1067,Graduate,0.0,UCI id=697 (DOI 10.24432/C5MC89),"pendiente (se asigna en Fase 3, semana 5)"
1068,Graduate,0.0,UCI id=697 (DOI 10.24432/C5MC89),"pendiente (se asigna en Fase 3, semana 5)"
1069,Graduate,0.0,UCI id=697 (DOI 10.24432/C5MC89),"pendiente (se asigna en Fase 3, semana 5)"
1070,Graduate,0.0,UCI id=697 (DOI 10.24432/C5MC89),"pendiente (se asigna en Fase 3, semana 5)"
1071,Graduate,0.0,UCI id=697 (DOI 10.24432/C5MC89),"pendiente (se asigna en Fase 3, semana 5)"
1072,Enrolled,,UCI id=697 (DOI 10.24432/C5MC89),"pendiente (se asigna en Fase 3, semana 5)"
1073,Graduate,0.0,UCI id=697 (DOI 10.24432/C5MC89),"pendiente (se asigna en Fase 3, semana 5)"
1074,Graduate,0.0,UCI id=697 (DOI 10.24432/C5MC89),"pendiente (se asigna en Fase 3, semana 5)"
1075,Graduate,0.0,UCI id=697 (DOI 10.24432/C5MC89),"pendiente (se asigna en Fase 3, semana 5)"
1076,Dropout,1.0,UCI id=697 (DOI 10.24432/C5MC89),"pendiente (se asigna en Fase 3, semana 5)"
1077,Dropout,1.0,UCI id=697 (DOI 10.24432/C5MC89),"pendiente (se asigna en Fase 3, semana 5)"
1078,Dropout,1.0,UCI id=697 (DOI 10.24432/C5MC89),"pendiente (se asigna en Fase 3, semana 5)"
1079,Graduate,0.0,UCI id=697 (DOI 10.24432/C5MC89),"pendiente (se asigna en Fase 3, semana 5)"
1080,Graduate,0.0,UCI id=697 (DOI 10.24432/C5MC89),"pendiente (se asigna en Fase 3, semana 5)"
1081,Graduate,0.0,UCI id=697 (DOI 10.24432/C5MC89),"pendiente (se asigna en Fase 3, semana 5)"
1082,Enrolled,,UCI id=697 (DOI 10.24432/C5MC89),"pendiente (se asigna en Fase 3, semana 5)"
1083,Graduate,0.0,UCI id=697 (DOI 10.24432/C5MC89),"pendiente (se asigna en Fase 3, semana 5)"
1084,Graduate,0.0,UCI id=697 (DOI 10.24432/C5MC89),"pendiente (se asigna en Fase 3, semana 5)"
1085,Dropout,1.0,UCI id=697 (DOI 10.24432/C5MC89),"pendiente (se asigna en Fase 3, semana 5)"
1086,Graduate,0.0,UCI id=697 (DOI 10.24432/C5MC89),"pendiente (se asigna en Fase 3, semana 5)"
1087,Graduate,0.0,UCI id=697 (DOI 10.24432/C5MC89),"pendiente (se asigna en Fase 3, semana 5)"
1088,Enrolled,,UCI id=697 (DOI 10.24432/C5MC89),"pendiente (se asigna en Fase 3, semana 5)"
1089,Enrolled,,UCI id=697 (DOI 10.24432/C5MC89),"pendiente (se asigna en Fase 3, semana 5)"
1090,Graduate,0.0,UCI id=697 (DOI 10.24432/C5MC89),"pendiente (se asigna en Fase 3, semana 5)"
1091,Dropout,1.0,UCI id=697 (DOI 10.24432/C5MC89),"pendiente (se asigna en Fase 3, semana 5)"
1092,Graduate,0.0,UCI id=697 (DOI 10.24432/C5MC89),"pendiente (se asigna en Fase 3, semana 5)"
1093,Dropout,1.0,UCI id=697 (DOI 10.24432/C5MC89),"pendiente (se asigna en Fase 3, semana 5)"
1094,Graduate,0.0,UCI id=697 (DOI 10.24432/C5MC89),"pendiente (se asigna en Fase 3, semana 5)"
1095,Dropout,1.0,UCI id=697 (DOI 10.24432/C5MC89),"pendiente (se asigna en Fase 3, semana 5)"
1096,Dropout,1.0,UCI id=697 (DOI 10.24432/C5MC89),"pendiente (se asigna en Fase 3, semana 5)"
1097,Graduate,0.0,UCI id=697 (DOI 10.24432/C5MC89),"pendiente (se asigna en Fase 3, semana 5)"
1098,Graduate,0.0,UCI id=697 (DOI 10.24432/C5MC89),"pendiente (se asigna en Fase 3, semana 5)"
1099,Graduate,0.0,UCI id=697 (DOI 10.24432/C5MC89),"pendiente (se asigna en Fase 3, semana 5)"
1100,Dropout,1.0,UCI id=697 (DOI 10.24432/C5MC89),"pendiente (se asigna en Fase 3, semana 5)"
1101,Dropout,1.0,UCI id=697 (DOI 10.24432/C5MC89),"pendiente (se asigna en Fase 3, semana 5)"
1102,Enrolled,,UCI id=697 (DOI 10.24432/C5MC89),"pendiente (se asigna en Fase 3, semana 5)"
1103,Enrolled,,UCI id=697 (DOI 10.24432/C5MC89),"pendiente (se asigna en Fase 3, semana 5)"
1104,Graduate,0.0,UCI id=697 (DOI 10.24432/C5MC89),"pendiente (se asigna en Fase 3, semana 5)"
1105,Dropout,1.0,UCI id=697 (DOI 10.24432/C5MC89),"pendiente (se asigna en Fase 3, semana 5)"
1106,Dropout,1.0,UCI id=697 (DOI 10.24432/C5MC89),"pendiente (se asigna en Fase 3, semana 5)"
1107,Graduate,0.0,UCI id=697 (DOI 10.24432/C5MC89),"pendiente (se asigna en Fase 3, semana 5)"
1108,Dropout,1.0,UCI id=697 (DOI 10.24432/C5MC89),"pendiente (se asigna en Fase 3, semana 5)"
1109,Graduate,0.0,UCI id=697 (DOI 10.24432/C5MC89),"pendiente (se asigna en Fase 3, semana 5)"
1110,Graduate,0.0,UCI id=697 (DOI 10.24432/C5MC89),"pendiente (se asigna en Fase 3, semana 5)"
1111,Graduate,0.0,UCI id=697 (DOI 10.24432/C5MC89),"pendiente (se asigna en Fase 3, semana 5)"
1112,Enrolled,,UCI id=697 (DOI 10.24432/C5MC89),"pendiente (se asigna en Fase 3, semana 5)"
1113,Enrolled,,UCI id=697 (DOI 10.24432/C5MC89),"pendiente (se asigna en Fase 3, semana 5)"
1114,Graduate,0.0,UCI id=697 (DOI 10.24432/C5MC89),"pendiente (se asigna en Fase 3, semana 5)"
1115,Graduate,0.0,UCI id=697 (DOI 10.24432/C5MC89),"pendiente (se asigna en Fase 3, semana 5)"
1116,Dropout,1.0,UCI id=697 (DOI 10.24432/C5MC89),"pendiente (se asigna en Fase 3, semana 5)"
1117,Graduate,0.0,UCI id=697 (DOI 10.24432/C5MC89),"pendiente (se asigna en Fase 3, semana 5)"
1118,Enrolled,,UCI id=697 (DOI 10.24432/C5MC89),"pendiente (se asigna en Fase 3, semana 5)"
1119,Graduate,0.0,UCI id=697 (DOI 10.24432/C5MC89),"pendiente (se asigna en Fase 3, semana 5)"
1120,Enrolled,,UCI id=697 (DOI 10.24432/C5MC89),"pendiente (se asigna en Fase 3, semana 5)"
1121,Graduate,0.0,UCI id=697 (DOI 10.24432/C5MC89),"pendiente (se asigna en Fase 3, semana 5)"
1122,Graduate,0.0,UCI id=697 (DOI 10.24432/C5MC89),"pendiente (se asigna en Fase 3, semana 5)"
1123,Graduate,0.0,UCI id=697 (DOI 10.24432/C5MC89),"pendiente (se asigna en Fase 3, semana 5)"
1124,Graduate,0.0,UCI id=697 (DOI 10.24432/C5MC89),"pendiente (se asigna en Fase 3, semana 5)"
1125,Graduate,0.0,UCI id=697 (DOI 10.24432/C5MC89),"pendiente (se asigna en Fase 3, semana 5)"
1126,Graduate,0.0,UCI id=697 (DOI 10.24432/C5MC89),"pendiente (se asigna en Fase 3, semana 5)"
1127,Graduate,0.0,UCI id=697 (DOI 10.24432/C5MC89),"pendiente (se asigna en Fase 3, semana 5)"
1128,Graduate,0.0,UCI id=697 (DOI 10.24432/C5MC89),"pendiente (se asigna en Fase 3, semana 5)"
1129,Graduate,0.0,UCI id=697 (DOI 10.24432/C5MC89),"pendiente (se asigna en Fase 3, semana 5)"
1130,Graduate,0.0,UCI id=697 (DOI 10.24432/C5MC89),"pendiente (se asigna en Fase 3, semana 5)"
1131,Graduate,0.0,UCI id=697 (DOI 10.24432/C5MC89),"pendiente (se asigna en Fase 3, semana 5)"
1132,Enrolled,,UCI id=697 (DOI 10.24432/C5MC89),"pendiente (se asigna en Fase 3, semana 5)"
1133,Graduate,0.0,UCI id=697 (DOI 10.24432/C5MC89),"pendiente (se asigna en Fase 3, semana 5)"
1134,Dropout,1.0,UCI id=697 (DOI 10.24432/C5MC89),"pendiente (se asigna en Fase 3, semana 5)"
1135,Dropout,1.0,UCI id=697 (DOI 10.24432/C5MC89),"pendiente (se asigna en Fase 3, semana 5)"
1136,Graduate,0.0,UCI id=697 (DOI 10.24432/C5MC89),"pendiente (se asigna en Fase 3, semana 5)"
1137,Dropout,1.0,UCI id=697 (DOI 10.24432/C5MC89),"pendiente (se asigna en Fase 3, semana 5)"
1138,Graduate,0.0,UCI id=697 (DOI 10.24432/C5MC89),"pendiente (se asigna en Fase 3, semana 5)"
1139,Graduate,0.0,UCI id=697 (DOI 10.24432/C5MC89),"pendiente (se asigna en Fase 3, semana 5)"
1140,Graduate,0.0,UCI id=697 (DOI 10.24432/C5MC89),"pendiente (se asigna en Fase 3, semana 5)"
1141,Enrolled,,UCI id=697 (DOI 10.24432/C5MC89),"pendiente (se asigna en Fase 3, semana 5)"
1142,Dropout,1.0,UCI id=697 (DOI 10.24432/C5MC89),"pendiente (se asigna en Fase 3, semana 5)"
1143,Graduate,0.0,UCI id=697 (DOI 10.24432/C5MC89),"pendiente (se asigna en Fase 3, semana 5)"
1144,Enrolled,,UCI id=697 (DOI 10.24432/C5MC89),"pendiente (se asigna en Fase 3, semana 5)"
1145,Graduate,0.0,UCI id=697 (DOI 10.24432/C5MC89),"pendiente (se asigna en Fase 3, semana 5)"
1146,Enrolled,,UCI id=697 (DOI 10.24432/C5MC89),"pendiente (se asigna en Fase 3, semana 5)"
1147,Graduate,0.0,UCI id=697 (DOI 10.24432/C5MC89),"pendiente (se asigna en Fase 3, semana 5)"
1148,Enrolled,,UCI id=697 (DOI 10.24432/C5MC89),"pendiente (se asigna en Fase 3, semana 5)"
1149,Graduate,0.0,UCI id=697 (DOI 10.24432/C5MC89),"pendiente (se asigna en Fase 3, semana 5)"
1150,Graduate,0.0,UCI id=697 (DOI 10.24432/C5MC89),"pendiente (se asigna en Fase 3, semana 5)"
1151,Dropout,1.0,UCI id=697 (DOI 10.24432/C5MC89),"pendiente (se asigna en Fase 3, semana 5)"
1152,Enrolled,,UCI id=697 (DOI 10.24432/C5MC89),"pendiente (se asigna en Fase 3, semana 5)"
1153,Enrolled,,UCI id=697 (DOI 10.24432/C5MC89),"pendiente (se asigna en Fase 3, semana 5)"
1154,Graduate,0.0,UCI id=697 (DOI 10.24432/C5MC89),"pendiente (se asigna en Fase 3, semana 5)"
1155,Enrolled,,UCI id=697 (DOI 10.24432/C5MC89),"pendiente (se asigna en Fase 3, semana 5)"
1156,Dropout,1.0,UCI id=697 (DOI 10.24432/C5MC89),"pendiente (se asigna en Fase 3, semana 5)"
1157,Graduate,0.0,UCI id=697 (DOI 10.24432/C5MC89),"pendiente (se asigna en Fase 3, semana 5)"
1158,Graduate,0.0,UCI id=697 (DOI 10.24432/C5MC89),"pendiente (se asigna en Fase 3, semana 5)"
1159,Graduate,0.0,UCI id=697 (DOI 10.24432/C5MC89),"pendiente (se asigna en Fase 3, semana 5)"
1160,Graduate,0.0,UCI id=697 (DOI 10.24432/C5MC89),"pendiente (se asigna en Fase 3, semana 5)"
1161,Enrolled,,UCI id=697 (DOI 10.24432/C5MC89),"pendiente (se asigna en Fase 3, semana 5)"
1162,Graduate,0.0,UCI id=697 (DOI 10.24432/C5MC89),"pendiente (se asigna en Fase 3, semana 5)"
1163,Graduate,0.0,UCI id=697 (DOI 10.24432/C5MC89),"pendiente (se asigna en Fase 3, semana 5)"
1164,Dropout,1.0,UCI id=697 (DOI 10.24432/C5MC89),"pendiente (se asigna en Fase 3, semana 5)"
1165,Graduate,0.0,UCI id=697 (DOI 10.24432/C5MC89),"pendiente (se asigna en Fase 3, semana 5)"
1166,Dropout,1.0,UCI id=697 (DOI 10.24432/C5MC89),"pendiente (se asigna en Fase 3, semana 5)"
1167,Graduate,0.0,UCI id=697 (DOI 10.24432/C5MC89),"pendiente (se asigna en Fase 3, semana 5)"
1168,Dropout,1.0,UCI id=697 (DOI 10.24432/C5MC89),"pendiente (se asigna en Fase 3, semana 5)"
1169,Graduate,0.0,UCI id=697 (DOI 10.24432/C5MC89),"pendiente (se asigna en Fase 3, semana 5)"
1170,Graduate,0.0,UCI id=697 (DOI 10.24432/C5MC89),"pendiente (se asigna en Fase 3, semana 5)"
1171,Graduate,0.0,UCI id=697 (DOI 10.24432/C5MC89),"pendiente (se asigna en Fase 3, semana 5)"
1172,Dropout,1.0,UCI id=697 (DOI 10.24432/C5MC89),"pendiente (se asigna en Fase 3, semana 5)"
1173,Enrolled,,UCI id=697 (DOI 10.24432/C5MC89),"pendiente (se asigna en Fase 3, semana 5)"
1174,Graduate,0.0,UCI id=697 (DOI 10.24432/C5MC89),"pendiente (se asigna en Fase 3, semana 5)"
1175,Dropout,1.0,UCI id=697 (DOI 10.24432/C5MC89),"pendiente (se asigna en Fase 3, semana 5)"
1176,Graduate,0.0,UCI id=697 (DOI 10.24432/C5MC89),"pendiente (se asigna en Fase 3, semana 5)"
1177,Graduate,0.0,UCI id=697 (DOI 10.24432/C5MC89),"pendiente (se asigna en Fase 3, semana 5)"
1178,Dropout,1.0,UCI id=697 (DOI 10.24432/C5MC89),"pendiente (se asigna en Fase 3, semana 5)"
1179,Graduate,0.0,UCI id=697 (DOI 10.24432/C5MC89),"pendiente (se asigna en Fase 3, semana 5)"
1180,Dropout,1.0,UCI id=697 (DOI 10.24432/C5MC89),"pendiente (se asigna en Fase 3, semana 5)"
1181,Graduate,0.0,UCI id=697 (DOI 10.24432/C5MC89),"pendiente (se asigna en Fase 3, semana 5)"
1182,Graduate,0.0,UCI id=697 (DOI 10.24432/C5MC89),"pendiente (se asigna en Fase 3, semana 5)"
1183,Dropout,1.0,UCI id=697 (DOI 10.24432/C5MC89),"pendiente (se asigna en Fase 3, semana 5)"
1184,Enrolled,,UCI id=697 (DOI 10.24432/C5MC89),"pendiente (se asigna en Fase 3, semana 5)"
1185,Graduate,0.0,UCI id=697 (DOI 10.24432/C5MC89),"pendiente (se asigna en Fase 3, semana 5)"
1186,Enrolled,,UCI id=697 (DOI 10.24432/C5MC89),"pendiente (se asigna en Fase 3, semana 5)"
1187,Dropout,1.0,UCI id=697 (DOI 10.24432/C5MC89),"pendiente (se asigna en Fase 3, semana 5)"
1188,Graduate,0.0,UCI id=697 (DOI 10.24432/C5MC89),"pendiente (se asigna en Fase 3, semana 5)"
1189,Graduate,0.0,UCI id=697 (DOI 10.24432/C5MC89),"pendiente (se asigna en Fase 3, semana 5)"
1190,Dropout,1.0,UCI id=697 (DOI 10.24432/C5MC89),"pendiente (se asigna en Fase 3, semana 5)"
1191,Graduate,0.0,UCI id=697 (DOI 10.24432/C5MC89),"pendiente (se asigna en Fase 3, semana 5)"
1192,Graduate,0.0,UCI id=697 (DOI 10.24432/C5MC89),"pendiente (se asigna en Fase 3, semana 5)"
1193,Graduate,0.0,UCI id=697 (DOI 10.24432/C5MC89),"pendiente (se asigna en Fase 3, semana 5)"
1194,Graduate,0.0,UCI id=697 (DOI 10.24432/C5MC89),"pendiente (se asigna en Fase 3, semana 5)"
1195,Enrolled,,UCI id=697 (DOI 10.24432/C5MC89),"pendiente (se asigna en Fase 3, semana 5)"
1196,Dropout,1.0,UCI id=697 (DOI 10.24432/C5MC89),"pendiente (se asigna en Fase 3, semana 5)"
1197,Dropout,1.0,UCI id=697 (DOI 10.24432/C5MC89),"pendiente (se asigna en Fase 3, semana 5)"
1198,Graduate,0.0,UCI id=697 (DOI 10.24432/C5MC89),"pendiente (se asigna en Fase 3, semana 5)"
1199,Graduate,0.0,UCI id=697 (DOI 10.24432/C5MC89),"pendiente (se asigna en Fase 3, semana 5)"
1200,Graduate,0.0,UCI id=697 (DOI 10.24432/C5MC89),"pendiente (se asigna en Fase 3, semana 5)"
1201,Graduate,0.0,UCI id=697 (DOI 10.24432/C5MC89),"pendiente (se asigna en Fase 3, semana 5)"
1202,Dropout,1.0,UCI id=697 (DOI 10.24432/C5MC89),"pendiente (se asigna en Fase 3, semana 5)"
1203,Graduate,0.0,UCI id=697 (DOI 10.24432/C5MC89),"pendiente (se asigna en Fase 3, semana 5)"
1204,Dropout,1.0,UCI id=697 (DOI 10.24432/C5MC89),"pendiente (se asigna en Fase 3, semana 5)"
1205,Graduate,0.0,UCI id=697 (DOI 10.24432/C5MC89),"pendiente (se asigna en Fase 3, semana 5)"
1206,Graduate,0.0,UCI id=697 (DOI 10.24432/C5MC89),"pendiente (se asigna en Fase 3, semana 5)"
1207,Enrolled,,UCI id=697 (DOI 10.24432/C5MC89),"pendiente (se asigna en Fase 3, semana 5)"
1208,Dropout,1.0,UCI id=697 (DOI 10.24432/C5MC89),"pendiente (se asigna en Fase 3, semana 5)"
1209,Dropout,1.0,UCI id=697 (DOI 10.24432/C5MC89),"pendiente (se asigna en Fase 3, semana 5)"
1210,Dropout,1.0,UCI id=697 (DOI 10.24432/C5MC89),"pendiente (se asigna en Fase 3, semana 5)"
1211,Enrolled,,UCI id=697 (DOI 10.24432/C5MC89),"pendiente (se asigna en Fase 3, semana 5)"
1212,Graduate,0.0,UCI id=697 (DOI 10.24432/C5MC89),"pendiente (se asigna en Fase 3, semana 5)"
1213,Graduate,0.0,UCI id=697 (DOI 10.24432/C5MC89),"pendiente (se asigna en Fase 3, semana 5)"
1214,Enrolled,,UCI id=697 (DOI 10.24432/C5MC89),"pendiente (se asigna en Fase 3, semana 5)"
1215,Graduate,0.0,UCI id=697 (DOI 10.24432/C5MC89),"pendiente (se asigna en Fase 3, semana 5)"
1216,Graduate,0.0,UCI id=697 (DOI 10.24432/C5MC89),"pendiente (se asigna en Fase 3, semana 5)"
1217,Graduate,0.0,UCI id=697 (DOI 10.24432/C5MC89),"pendiente (se asigna en Fase 3, semana 5)"
1218,Graduate,0.0,UCI id=697 (DOI 10.24432/C5MC89),"pendiente (se asigna en Fase 3, semana 5)"
1219,Graduate,0.0,UCI id=697 (DOI 10.24432/C5MC89),"pendiente (se asigna en Fase 3, semana 5)"
1220,Dropout,1.0,UCI id=697 (DOI 10.24432/C5MC89),"pendiente (se asigna en Fase 3, semana 5)"
1221,Graduate,0.0,UCI id=697 (DOI 10.24432/C5MC89),"pendiente (se asigna en Fase 3, semana 5)"
1222,Dropout,1.0,UCI id=697 (DOI 10.24432/C5MC89),"pendiente (se asigna en Fase 3, semana 5)"
1223,Graduate,0.0,UCI id=697 (DOI 10.24432/C5MC89),"pendiente (se asigna en Fase 3, semana 5)"
1224,Graduate,0.0,UCI id=697 (DOI 10.24432/C5MC89),"pendiente (se asigna en Fase 3, semana 5)"
1225,Graduate,0.0,UCI id=697 (DOI 10.24432/C5MC89),"pendiente (se asigna en Fase 3, semana 5)"
1226,Graduate,0.0,UCI id=697 (DOI 10.24432/C5MC89),"pendiente (se asigna en Fase 3, semana 5)"
1227,Graduate,0.0,UCI id=697 (DOI 10.24432/C5MC89),"pendiente (se asigna en Fase 3, semana 5)"
1228,Graduate,0.0,UCI id=697 (DOI 10.24432/C5MC89),"pendiente (se asigna en Fase 3, semana 5)"
1229,Enrolled,,UCI id=697 (DOI 10.24432/C5MC89),"pendiente (se asigna en Fase 3, semana 5)"
1230,Graduate,0.0,UCI id=697 (DOI 10.24432/C5MC89),"pendiente (se asigna en Fase 3, semana 5)"
1231,Graduate,0.0,UCI id=697 (DOI 10.24432/C5MC89),"pendiente (se asigna en Fase 3, semana 5)"
1232,Graduate,0.0,UCI id=697 (DOI 10.24432/C5MC89),"pendiente (se asigna en Fase 3, semana 5)"
1233,Graduate,0.0,UCI id=697 (DOI 10.24432/C5MC89),"pendiente (se asigna en Fase 3, semana 5)"
1234,Graduate,0.0,UCI id=697 (DOI 10.24432/C5MC89),"pendiente (se asigna en Fase 3, semana 5)"
1235,Dropout,1.0,UCI id=697 (DOI 10.24432/C5MC89),"pendiente (se asigna en Fase 3, semana 5)"
1236,Graduate,0.0,UCI id=697 (DOI 10.24432/C5MC89),"pendiente (se asigna en Fase 3, semana 5)"
1237,Dropout,1.0,UCI id=697 (DOI 10.24432/C5MC89),"pendiente (se asigna en Fase 3, semana 5)"
1238,Graduate,0.0,UCI id=697 (DOI 10.24432/C5MC89),"pendiente (se asigna en Fase 3, semana 5)"
1239,Dropout,1.0,UCI id=697 (DOI 10.24432/C5MC89),"pendiente (se asigna en Fase 3, semana 5)"
1240,Dropout,1.0,UCI id=697 (DOI 10.24432/C5MC89),"pendiente (se asigna en Fase 3, semana 5)"
1241,Dropout,1.0,UCI id=697 (DOI 10.24432/C5MC89),"pendiente (se asigna en Fase 3, semana 5)"
1242,Enrolled,,UCI id=697 (DOI 10.24432/C5MC89),"pendiente (se asigna en Fase 3, semana 5)"
1243,Graduate,0.0,UCI id=697 (DOI 10.24432/C5MC89),"pendiente (se asigna en Fase 3, semana 5)"
1244,Dropout,1.0,UCI id=697 (DOI 10.24432/C5MC89),"pendiente (se asigna en Fase 3, semana 5)"
1245,Dropout,1.0,UCI id=697 (DOI 10.24432/C5MC89),"pendiente (se asigna en Fase 3, semana 5)"
1246,Graduate,0.0,UCI id=697 (DOI 10.24432/C5MC89),"pendiente (se asigna en Fase 3, semana 5)"
1247,Dropout,1.0,UCI id=697 (DOI 10.24432/C5MC89),"pendiente (se asigna en Fase 3, semana 5)"
1248,Enrolled,,UCI id=697 (DOI 10.24432/C5MC89),"pendiente (se asigna en Fase 3, semana 5)"
1249,Dropout,1.0,UCI id=697 (DOI 10.24432/C5MC89),"pendiente (se asigna en Fase 3, semana 5)"
1250,Graduate,0.0,UCI id=697 (DOI 10.24432/C5MC89),"pendiente (se asigna en Fase 3, semana 5)"
1251,Graduate,0.0,UCI id=697 (DOI 10.24432/C5MC89),"pendiente (se asigna en Fase 3, semana 5)"
1252,Graduate,0.0,UCI id=697 (DOI 10.24432/C5MC89),"pendiente (se asigna en Fase 3, semana 5)"
1253,Graduate,0.0,UCI id=697 (DOI 10.24432/C5MC89),"pendiente (se asigna en Fase 3, semana 5)"
1254,Enrolled,,UCI id=697 (DOI 10.24432/C5MC89),"pendiente (se asigna en Fase 3, semana 5)"
1255,Dropout,1.0,UCI id=697 (DOI 10.24432/C5MC89),"pendiente (se asigna en Fase 3, semana 5)"
1256,Graduate,0.0,UCI id=697 (DOI 10.24432/C5MC89),"pendiente (se asigna en Fase 3, semana 5)"
1257,Graduate,0.0,UCI id=697 (DOI 10.24432/C5MC89),"pendiente (se asigna en Fase 3, semana 5)"
1258,Graduate,0.0,UCI id=697 (DOI 10.24432/C5MC89),"pendiente (se asigna en Fase 3, semana 5)"
1259,Graduate,0.0,UCI id=697 (DOI 10.24432/C5MC89),"pendiente (se asigna en Fase 3, semana 5)"
1260,Graduate,0.0,UCI id=697 (DOI 10.24432/C5MC89),"pendiente (se asigna en Fase 3, semana 5)"
1261,Dropout,1.0,UCI id=697 (DOI 10.24432/C5MC89),"pendiente (se asigna en Fase 3, semana 5)"
1262,Dropout,1.0,UCI id=697 (DOI 10.24432/C5MC89),"pendiente (se asigna en Fase 3, semana 5)"
1263,Graduate,0.0,UCI id=697 (DOI 10.24432/C5MC89),"pendiente (se asigna en Fase 3, semana 5)"
1264,Graduate,0.0,UCI id=697 (DOI 10.24432/C5MC89),"pendiente (se asigna en Fase 3, semana 5)"
1265,Graduate,0.0,UCI id=697 (DOI 10.24432/C5MC89),"pendiente (se asigna en Fase 3, semana 5)"
1266,Graduate,0.0,UCI id=697 (DOI 10.24432/C5MC89),"pendiente (se asigna en Fase 3, semana 5)"
1267,Graduate,0.0,UCI id=697 (DOI 10.24432/C5MC89),"pendiente (se asigna en Fase 3, semana 5)"
1268,Enrolled,,UCI id=697 (DOI 10.24432/C5MC89),"pendiente (se asigna en Fase 3, semana 5)"
1269,Dropout,1.0,UCI id=697 (DOI 10.24432/C5MC89),"pendiente (se asigna en Fase 3, semana 5)"
1270,Enrolled,,UCI id=697 (DOI 10.24432/C5MC89),"pendiente (se asigna en Fase 3, semana 5)"
1271,Graduate,0.0,UCI id=697 (DOI 10.24432/C5MC89),"pendiente (se asigna en Fase 3, semana 5)"
1272,Dropout,1.0,UCI id=697 (DOI 10.24432/C5MC89),"pendiente (se asigna en Fase 3, semana 5)"
1273,Dropout,1.0,UCI id=697 (DOI 10.24432/C5MC89),"pendiente (se asigna en Fase 3, semana 5)"
1274,Graduate,0.0,UCI id=697 (DOI 10.24432/C5MC89),"pendiente (se asigna en Fase 3, semana 5)"
1275,Graduate,0.0,UCI id=697 (DOI 10.24432/C5MC89),"pendiente (se asigna en Fase 3, semana 5)"
1276,Graduate,0.0,UCI id=697 (DOI 10.24432/C5MC89),"pendiente (se asigna en Fase 3, semana 5)"
1277,Dropout,1.0,UCI id=697 (DOI 10.24432/C5MC89),"pendiente (se asigna en Fase 3, semana 5)"
1278,Enrolled,,UCI id=697 (DOI 10.24432/C5MC89),"pendiente (se asigna en Fase 3, semana 5)"
1279,Graduate,0.0,UCI id=697 (DOI 10.24432/C5MC89),"pendiente (se asigna en Fase 3, semana 5)"
1280,Graduate,0.0,UCI id=697 (DOI 10.24432/C5MC89),"pendiente (se asigna en Fase 3, semana 5)"
1281,Graduate,0.0,UCI id=697 (DOI 10.24432/C5MC89),"pendiente (se asigna en Fase 3, semana 5)"
1282,Dropout,1.0,UCI id=697 (DOI 10.24432/C5MC89),"pendiente (se asigna en Fase 3, semana 5)"
1283,Graduate,0.0,UCI id=697 (DOI 10.24432/C5MC89),"pendiente (se asigna en Fase 3, semana 5)"
1284,Graduate,0.0,UCI id=697 (DOI 10.24432/C5MC89),"pendiente (se asigna en Fase 3, semana 5)"
1285,Dropout,1.0,UCI id=697 (DOI 10.24432/C5MC89),"pendiente (se asigna en Fase 3, semana 5)"
1286,Enrolled,,UCI id=697 (DOI 10.24432/C5MC89),"pendiente (se asigna en Fase 3, semana 5)"
1287,Graduate,0.0,UCI id=697 (DOI 10.24432/C5MC89),"pendiente (se asigna en Fase 3, semana 5)"
1288,Graduate,0.0,UCI id=697 (DOI 10.24432/C5MC89),"pendiente (se asigna en Fase 3, semana 5)"
1289,Graduate,0.0,UCI id=697 (DOI 10.24432/C5MC89),"pendiente (se asigna en Fase 3, semana 5)"
1290,Enrolled,,UCI id=697 (DOI 10.24432/C5MC89),"pendiente (se asigna en Fase 3, semana 5)"
1291,Graduate,0.0,UCI id=697 (DOI 10.24432/C5MC89),"pendiente (se asigna en Fase 3, semana 5)"
1292,Dropout,1.0,UCI id=697 (DOI 10.24432/C5MC89),"pendiente (se asigna en Fase 3, semana 5)"
1293,Graduate,0.0,UCI id=697 (DOI 10.24432/C5MC89),"pendiente (se asigna en Fase 3, semana 5)"
1294,Dropout,1.0,UCI id=697 (DOI 10.24432/C5MC89),"pendiente (se asigna en Fase 3, semana 5)"
1295,Dropout,1.0,UCI id=697 (DOI 10.24432/C5MC89),"pendiente (se asigna en Fase 3, semana 5)"
1296,Dropout,1.0,UCI id=697 (DOI 10.24432/C5MC89),"pendiente (se asigna en Fase 3, semana 5)"
1297,Dropout,1.0,UCI id=697 (DOI 10.24432/C5MC89),"pendiente (se asigna en Fase 3, semana 5)"
1298,Graduate,0.0,UCI id=697 (DOI 10.24432/C5MC89),"pendiente (se asigna en Fase 3, semana 5)"
1299,Enrolled,,UCI id=697 (DOI 10.24432/C5MC89),"pendiente (se asigna en Fase 3, semana 5)"
1300,Dropout,1.0,UCI id=697 (DOI 10.24432/C5MC89),"pendiente (se asigna en Fase 3, semana 5)"
1301,Dropout,1.0,UCI id=697 (DOI 10.24432/C5MC89),"pendiente (se asigna en Fase 3, semana 5)"
1302,Graduate,0.0,UCI id=697 (DOI 10.24432/C5MC89),"pendiente (se asigna en Fase 3, semana 5)"
1303,Graduate,0.0,UCI id=697 (DOI 10.24432/C5MC89),"pendiente (se asigna en Fase 3, semana 5)"
1304,Graduate,0.0,UCI id=697 (DOI 10.24432/C5MC89),"pendiente (se asigna en Fase 3, semana 5)"
1305,Graduate,0.0,UCI id=697 (DOI 10.24432/C5MC89),"pendiente (se asigna en Fase 3, semana 5)"
1306,Graduate,0.0,UCI id=697 (DOI 10.24432/C5MC89),"pendiente (se asigna en Fase 3, semana 5)"
1307,Graduate,0.0,UCI id=697 (DOI 10.24432/C5MC89),"pendiente (se asigna en Fase 3, semana 5)"
1308,Graduate,0.0,UCI id=697 (DOI 10.24432/C5MC89),"pendiente (se asigna en Fase 3, semana 5)"
1309,Graduate,0.0,UCI id=697 (DOI 10.24432/C5MC89),"pendiente (se asigna en Fase 3, semana 5)"
1310,Graduate,0.0,UCI id=697 (DOI 10.24432/C5MC89),"pendiente (se asigna en Fase 3, semana 5)"
1311,Graduate,0.0,UCI id=697 (DOI 10.24432/C5MC89),"pendiente (se asigna en Fase 3, semana 5)"
1312,Graduate,0.0,UCI id=697 (DOI 10.24432/C5MC89),"pendiente (se asigna en Fase 3, semana 5)"
1313,Dropout,1.0,UCI id=697 (DOI 10.24432/C5MC89),"pendiente (se asigna en Fase 3, semana 5)"
1314,Enrolled,,UCI id=697 (DOI 10.24432/C5MC89),"pendiente (se asigna en Fase 3, semana 5)"
1315,Graduate,0.0,UCI id=697 (DOI 10.24432/C5MC89),"pendiente (se asigna en Fase 3, semana 5)"
1316,Enrolled,,UCI id=697 (DOI 10.24432/C5MC89),"pendiente (se asigna en Fase 3, semana 5)"
1317,Dropout,1.0,UCI id=697 (DOI 10.24432/C5MC89),"pendiente (se asigna en Fase 3, semana 5)"
1318,Dropout,1.0,UCI id=697 (DOI 10.24432/C5MC89),"pendiente (se asigna en Fase 3, semana 5)"
1319,Graduate,0.0,UCI id=697 (DOI 10.24432/C5MC89),"pendiente (se asigna en Fase 3, semana 5)"
1320,Graduate,0.0,UCI id=697 (DOI 10.24432/C5MC89),"pendiente (se asigna en Fase 3, semana 5)"
1321,Enrolled,,UCI id=697 (DOI 10.24432/C5MC89),"pendiente (se asigna en Fase 3, semana 5)"
1322,Graduate,0.0,UCI id=697 (DOI 10.24432/C5MC89),"pendiente (se asigna en Fase 3, semana 5)"
1323,Graduate,0.0,UCI id=697 (DOI 10.24432/C5MC89),"pendiente (se asigna en Fase 3, semana 5)"
1324,Enrolled,,UCI id=697 (DOI 10.24432/C5MC89),"pendiente (se asigna en Fase 3, semana 5)"
1325,Graduate,0.0,UCI id=697 (DOI 10.24432/C5MC89),"pendiente (se asigna en Fase 3, semana 5)"
1326,Enrolled,,UCI id=697 (DOI 10.24432/C5MC89),"pendiente (se asigna en Fase 3, semana 5)"
1327,Dropout,1.0,UCI id=697 (DOI 10.24432/C5MC89),"pendiente (se asigna en Fase 3, semana 5)"
1328,Graduate,0.0,UCI id=697 (DOI 10.24432/C5MC89),"pendiente (se asigna en Fase 3, semana 5)"
1329,Enrolled,,UCI id=697 (DOI 10.24432/C5MC89),"pendiente (se asigna en Fase 3, semana 5)"
1330,Graduate,0.0,UCI id=697 (DOI 10.24432/C5MC89),"pendiente (se asigna en Fase 3, semana 5)"
1331,Graduate,0.0,UCI id=697 (DOI 10.24432/C5MC89),"pendiente (se asigna en Fase 3, semana 5)"
1332,Dropout,1.0,UCI id=697 (DOI 10.24432/C5MC89),"pendiente (se asigna en Fase 3, semana 5)"
1333,Enrolled,,UCI id=697 (DOI 10.24432/C5MC89),"pendiente (se asigna en Fase 3, semana 5)"
1334,Graduate,0.0,UCI id=697 (DOI 10.24432/C5MC89),"pendiente (se asigna en Fase 3, semana 5)"
1335,Enrolled,,UCI id=697 (DOI 10.24432/C5MC89),"pendiente (se asigna en Fase 3, semana 5)"
1336,Enrolled,,UCI id=697 (DOI 10.24432/C5MC89),"pendiente (se asigna en Fase 3, semana 5)"
1337,Enrolled,,UCI id=697 (DOI 10.24432/C5MC89),"pendiente (se asigna en Fase 3, semana 5)"
1338,Dropout,1.0,UCI id=697 (DOI 10.24432/C5MC89),"pendiente (se asigna en Fase 3, semana 5)"
1339,Graduate,0.0,UCI id=697 (DOI 10.24432/C5MC89),"pendiente (se asigna en Fase 3, semana 5)"
1340,Graduate,0.0,UCI id=697 (DOI 10.24432/C5MC89),"pendiente (se asigna en Fase 3, semana 5)"
1341,Graduate,0.0,UCI id=697 (DOI 10.24432/C5MC89),"pendiente (se asigna en Fase 3, semana 5)"
1342,Graduate,0.0,UCI id=697 (DOI 10.24432/C5MC89),"pendiente (se asigna en Fase 3, semana 5)"
1343,Graduate,0.0,UCI id=697 (DOI 10.24432/C5MC89),"pendiente (se asigna en Fase 3, semana 5)"
1344,Dropout,1.0,UCI id=697 (DOI 10.24432/C5MC89),"pendiente (se asigna en Fase 3, semana 5)"
1345,Graduate,0.0,UCI id=697 (DOI 10.24432/C5MC89),"pendiente (se asigna en Fase 3, semana 5)"
1346,Graduate,0.0,UCI id=697 (DOI 10.24432/C5MC89),"pendiente (se asigna en Fase 3, semana 5)"
1347,Enrolled,,UCI id=697 (DOI 10.24432/C5MC89),"pendiente (se asigna en Fase 3, semana 5)"
1348,Enrolled,,UCI id=697 (DOI 10.24432/C5MC89),"pendiente (se asigna en Fase 3, semana 5)"
1349,Graduate,0.0,UCI id=697 (DOI 10.24432/C5MC89),"pendiente (se asigna en Fase 3, semana 5)"
1350,Graduate,0.0,UCI id=697 (DOI 10.24432/C5MC89),"pendiente (se asigna en Fase 3, semana 5)"
1351,Graduate,0.0,UCI id=697 (DOI 10.24432/C5MC89),"pendiente (se asigna en Fase 3, semana 5)"
1352,Graduate,0.0,UCI id=697 (DOI 10.24432/C5MC89),"pendiente (se asigna en Fase 3, semana 5)"
1353,Dropout,1.0,UCI id=697 (DOI 10.24432/C5MC89),"pendiente (se asigna en Fase 3, semana 5)"
1354,Enrolled,,UCI id=697 (DOI 10.24432/C5MC89),"pendiente (se asigna en Fase 3, semana 5)"
1355,Enrolled,,UCI id=697 (DOI 10.24432/C5MC89),"pendiente (se asigna en Fase 3, semana 5)"
1356,Dropout,1.0,UCI id=697 (DOI 10.24432/C5MC89),"pendiente (se asigna en Fase 3, semana 5)"
1357,Dropout,1.0,UCI id=697 (DOI 10.24432/C5MC89),"pendiente (se asigna en Fase 3, semana 5)"
1358,Dropout,1.0,UCI id=697 (DOI 10.24432/C5MC89),"pendiente (se asigna en Fase 3, semana 5)"
1359,Dropout,1.0,UCI id=697 (DOI 10.24432/C5MC89),"pendiente (se asigna en Fase 3, semana 5)"
1360,Dropout,1.0,UCI id=697 (DOI 10.24432/C5MC89),"pendiente (se asigna en Fase 3, semana 5)"
1361,Graduate,0.0,UCI id=697 (DOI 10.24432/C5MC89),"pendiente (se asigna en Fase 3, semana 5)"
1362,Dropout,1.0,UCI id=697 (DOI 10.24432/C5MC89),"pendiente (se asigna en Fase 3, semana 5)"
1363,Graduate,0.0,UCI id=697 (DOI 10.24432/C5MC89),"pendiente (se asigna en Fase 3, semana 5)"
1364,Graduate,0.0,UCI id=697 (DOI 10.24432/C5MC89),"pendiente (se asigna en Fase 3, semana 5)"
1365,Dropout,1.0,UCI id=697 (DOI 10.24432/C5MC89),"pendiente (se asigna en Fase 3, semana 5)"
1366,Dropout,1.0,UCI id=697 (DOI 10.24432/C5MC89),"pendiente (se asigna en Fase 3, semana 5)"
1367,Graduate,0.0,UCI id=697 (DOI 10.24432/C5MC89),"pendiente (se asigna en Fase 3, semana 5)"
1368,Dropout,1.0,UCI id=697 (DOI 10.24432/C5MC89),"pendiente (se asigna en Fase 3, semana 5)"
1369,Graduate,0.0,UCI id=697 (DOI 10.24432/C5MC89),"pendiente (se asigna en Fase 3, semana 5)"
1370,Graduate,0.0,UCI id=697 (DOI 10.24432/C5MC89),"pendiente (se asigna en Fase 3, semana 5)"
1371,Graduate,0.0,UCI id=697 (DOI 10.24432/C5MC89),"pendiente (se asigna en Fase 3, semana 5)"
1372,Graduate,0.0,UCI id=697 (DOI 10.24432/C5MC89),"pendiente (se asigna en Fase 3, semana 5)"
1373,Graduate,0.0,UCI id=697 (DOI 10.24432/C5MC89),"pendiente (se asigna en Fase 3, semana 5)"
1374,Dropout,1.0,UCI id=697 (DOI 10.24432/C5MC89),"pendiente (se asigna en Fase 3, semana 5)"
1375,Dropout,1.0,UCI id=697 (DOI 10.24432/C5MC89),"pendiente (se asigna en Fase 3, semana 5)"
1376,Enrolled,,UCI id=697 (DOI 10.24432/C5MC89),"pendiente (se asigna en Fase 3, semana 5)"
1377,Graduate,0.0,UCI id=697 (DOI 10.24432/C5MC89),"pendiente (se asigna en Fase 3, semana 5)"
1378,Dropout,1.0,UCI id=697 (DOI 10.24432/C5MC89),"pendiente (se asigna en Fase 3, semana 5)"
1379,Dropout,1.0,UCI id=697 (DOI 10.24432/C5MC89),"pendiente (se asigna en Fase 3, semana 5)"
1380,Graduate,0.0,UCI id=697 (DOI 10.24432/C5MC89),"pendiente (se asigna en Fase 3, semana 5)"
1381,Dropout,1.0,UCI id=697 (DOI 10.24432/C5MC89),"pendiente (se asigna en Fase 3, semana 5)"
1382,Graduate,0.0,UCI id=697 (DOI 10.24432/C5MC89),"pendiente (se asigna en Fase 3, semana 5)"
1383,Graduate,0.0,UCI id=697 (DOI 10.24432/C5MC89),"pendiente (se asigna en Fase 3, semana 5)"
1384,Graduate,0.0,UCI id=697 (DOI 10.24432/C5MC89),"pendiente (se asigna en Fase 3, semana 5)"
1385,Dropout,1.0,UCI id=697 (DOI 10.24432/C5MC89),"pendiente (se asigna en Fase 3, semana 5)"
1386,Dropout,1.0,UCI id=697 (DOI 10.24432/C5MC89),"pendiente (se asigna en Fase 3, semana 5)"
1387,Graduate,0.0,UCI id=697 (DOI 10.24432/C5MC89),"pendiente (se asigna en Fase 3, semana 5)"
1388,Dropout,1.0,UCI id=697 (DOI 10.24432/C5MC89),"pendiente (se asigna en Fase 3, semana 5)"
1389,Enrolled,,UCI id=697 (DOI 10.24432/C5MC89),"pendiente (se asigna en Fase 3, semana 5)"
1390,Graduate,0.0,UCI id=697 (DOI 10.24432/C5MC89),"pendiente (se asigna en Fase 3, semana 5)"
1391,Graduate,0.0,UCI id=697 (DOI 10.24432/C5MC89),"pendiente (se asigna en Fase 3, semana 5)"
1392,Dropout,1.0,UCI id=697 (DOI 10.24432/C5MC89),"pendiente (se asigna en Fase 3, semana 5)"
1393,Graduate,0.0,UCI id=697 (DOI 10.24432/C5MC89),"pendiente (se asigna en Fase 3, semana 5)"
1394,Graduate,0.0,UCI id=697 (DOI 10.24432/C5MC89),"pendiente (se asigna en Fase 3, semana 5)"
1395,Graduate,0.0,UCI id=697 (DOI 10.24432/C5MC89),"pendiente (se asigna en Fase 3, semana 5)"
1396,Enrolled,,UCI id=697 (DOI 10.24432/C5MC89),"pendiente (se asigna en Fase 3, semana 5)"
1397,Graduate,0.0,UCI id=697 (DOI 10.24432/C5MC89),"pendiente (se asigna en Fase 3, semana 5)"
1398,Graduate,0.0,UCI id=697 (DOI 10.24432/C5MC89),"pendiente (se asigna en Fase 3, semana 5)"
1399,Graduate,0.0,UCI id=697 (DOI 10.24432/C5MC89),"pendiente (se asigna en Fase 3, semana 5)"
1400,Enrolled,,UCI id=697 (DOI 10.24432/C5MC89),"pendiente (se asigna en Fase 3, semana 5)"
1401,Graduate,0.0,UCI id=697 (DOI 10.24432/C5MC89),"pendiente (se asigna en Fase 3, semana 5)"
1402,Graduate,0.0,UCI id=697 (DOI 10.24432/C5MC89),"pendiente (se asigna en Fase 3, semana 5)"
1403,Graduate,0.0,UCI id=697 (DOI 10.24432/C5MC89),"pendiente (se asigna en Fase 3, semana 5)"
1404,Dropout,1.0,UCI id=697 (DOI 10.24432/C5MC89),"pendiente (se asigna en Fase 3, semana 5)"
1405,Dropout,1.0,UCI id=697 (DOI 10.24432/C5MC89),"pendiente (se asigna en Fase 3, semana 5)"
1406,Graduate,0.0,UCI id=697 (DOI 10.24432/C5MC89),"pendiente (se asigna en Fase 3, semana 5)"
1407,Enrolled,,UCI id=697 (DOI 10.24432/C5MC89),"pendiente (se asigna en Fase 3, semana 5)"
1408,Dropout,1.0,UCI id=697 (DOI 10.24432/C5MC89),"pendiente (se asigna en Fase 3, semana 5)"
1409,Graduate,0.0,UCI id=697 (DOI 10.24432/C5MC89),"pendiente (se asigna en Fase 3, semana 5)"
1410,Dropout,1.0,UCI id=697 (DOI 10.24432/C5MC89),"pendiente (se asigna en Fase 3, semana 5)"
1411,Graduate,0.0,UCI id=697 (DOI 10.24432/C5MC89),"pendiente (se asigna en Fase 3, semana 5)"
1412,Graduate,0.0,UCI id=697 (DOI 10.24432/C5MC89),"pendiente (se asigna en Fase 3, semana 5)"
1413,Enrolled,,UCI id=697 (DOI 10.24432/C5MC89),"pendiente (se asigna en Fase 3, semana 5)"
1414,Graduate,0.0,UCI id=697 (DOI 10.24432/C5MC89),"pendiente (se asigna en Fase 3, semana 5)"
1415,Graduate,0.0,UCI id=697 (DOI 10.24432/C5MC89),"pendiente (se asigna en Fase 3, semana 5)"
1416,Dropout,1.0,UCI id=697 (DOI 10.24432/C5MC89),"pendiente (se asigna en Fase 3, semana 5)"
1417,Graduate,0.0,UCI id=697 (DOI 10.24432/C5MC89),"pendiente (se asigna en Fase 3, semana 5)"
1418,Graduate,0.0,UCI id=697 (DOI 10.24432/C5MC89),"pendiente (se asigna en Fase 3, semana 5)"
1419,Dropout,1.0,UCI id=697 (DOI 10.24432/C5MC89),"pendiente (se asigna en Fase 3, semana 5)"
1420,Dropout,1.0,UCI id=697 (DOI 10.24432/C5MC89),"pendiente (se asigna en Fase 3, semana 5)"
1421,Enrolled,,UCI id=697 (DOI 10.24432/C5MC89),"pendiente (se asigna en Fase 3, semana 5)"
1422,Graduate,0.0,UCI id=697 (DOI 10.24432/C5MC89),"pendiente (se asigna en Fase 3, semana 5)"
1423,Graduate,0.0,UCI id=697 (DOI 10.24432/C5MC89),"pendiente (se asigna en Fase 3, semana 5)"
1424,Enrolled,,UCI id=697 (DOI 10.24432/C5MC89),"pendiente (se asigna en Fase 3, semana 5)"
1425,Graduate,0.0,UCI id=697 (DOI 10.24432/C5MC89),"pendiente (se asigna en Fase 3, semana 5)"
1426,Graduate,0.0,UCI id=697 (DOI 10.24432/C5MC89),"pendiente (se asigna en Fase 3, semana 5)"
1427,Enrolled,,UCI id=697 (DOI 10.24432/C5MC89),"pendiente (se asigna en Fase 3, semana 5)"
1428,Enrolled,,UCI id=697 (DOI 10.24432/C5MC89),"pendiente (se asigna en Fase 3, semana 5)"
1429,Graduate,0.0,UCI id=697 (DOI 10.24432/C5MC89),"pendiente (se asigna en Fase 3, semana 5)"
1430,Graduate,0.0,UCI id=697 (DOI 10.24432/C5MC89),"pendiente (se asigna en Fase 3, semana 5)"
1431,Dropout,1.0,UCI id=697 (DOI 10.24432/C5MC89),"pendiente (se asigna en Fase 3, semana 5)"
1432,Enrolled,,UCI id=697 (DOI 10.24432/C5MC89),"pendiente (se asigna en Fase 3, semana 5)"
1433,Graduate,0.0,UCI id=697 (DOI 10.24432/C5MC89),"pendiente (se asigna en Fase 3, semana 5)"
1434,Enrolled,,UCI id=697 (DOI 10.24432/C5MC89),"pendiente (se asigna en Fase 3, semana 5)"
1435,Dropout,1.0,UCI id=697 (DOI 10.24432/C5MC89),"pendiente (se asigna en Fase 3, semana 5)"
1436,Enrolled,,UCI id=697 (DOI 10.24432/C5MC89),"pendiente (se asigna en Fase 3, semana 5)"
1437,Graduate,0.0,UCI id=697 (DOI 10.24432/C5MC89),"pendiente (se asigna en Fase 3, semana 5)"
1438,Graduate,0.0,UCI id=697 (DOI 10.24432/C5MC89),"pendiente (se asigna en Fase 3, semana 5)"
1439,Graduate,0.0,UCI id=697 (DOI 10.24432/C5MC89),"pendiente (se asigna en Fase 3, semana 5)"
1440,Graduate,0.0,UCI id=697 (DOI 10.24432/C5MC89),"pendiente (se asigna en Fase 3, semana 5)"
1441,Graduate,0.0,UCI id=697 (DOI 10.24432/C5MC89),"pendiente (se asigna en Fase 3, semana 5)"
1442,Graduate,0.0,UCI id=697 (DOI 10.24432/C5MC89),"pendiente (se asigna en Fase 3, semana 5)"
1443,Dropout,1.0,UCI id=697 (DOI 10.24432/C5MC89),"pendiente (se asigna en Fase 3, semana 5)"
1444,Graduate,0.0,UCI id=697 (DOI 10.24432/C5MC89),"pendiente (se asigna en Fase 3, semana 5)"
1445,Dropout,1.0,UCI id=697 (DOI 10.24432/C5MC89),"pendiente (se asigna en Fase 3, semana 5)"
1446,Dropout,1.0,UCI id=697 (DOI 10.24432/C5MC89),"pendiente (se asigna en Fase 3, semana 5)"
1447,Dropout,1.0,UCI id=697 (DOI 10.24432/C5MC89),"pendiente (se asigna en Fase 3, semana 5)"
1448,Dropout,1.0,UCI id=697 (DOI 10.24432/C5MC89),"pendiente (se asigna en Fase 3, semana 5)"
1449,Graduate,0.0,UCI id=697 (DOI 10.24432/C5MC89),"pendiente (se asigna en Fase 3, semana 5)"
1450,Dropout,1.0,UCI id=697 (DOI 10.24432/C5MC89),"pendiente (se asigna en Fase 3, semana 5)"
1451,Graduate,0.0,UCI id=697 (DOI 10.24432/C5MC89),"pendiente (se asigna en Fase 3, semana 5)"
1452,Dropout,1.0,UCI id=697 (DOI 10.24432/C5MC89),"pendiente (se asigna en Fase 3, semana 5)"
1453,Graduate,0.0,UCI id=697 (DOI 10.24432/C5MC89),"pendiente (se asigna en Fase 3, semana 5)"
1454,Enrolled,,UCI id=697 (DOI 10.24432/C5MC89),"pendiente (se asigna en Fase 3, semana 5)"
1455,Dropout,1.0,UCI id=697 (DOI 10.24432/C5MC89),"pendiente (se asigna en Fase 3, semana 5)"
1456,Enrolled,,UCI id=697 (DOI 10.24432/C5MC89),"pendiente (se asigna en Fase 3, semana 5)"
1457,Enrolled,,UCI id=697 (DOI 10.24432/C5MC89),"pendiente (se asigna en Fase 3, semana 5)"
1458,Enrolled,,UCI id=697 (DOI 10.24432/C5MC89),"pendiente (se asigna en Fase 3, semana 5)"
1459,Dropout,1.0,UCI id=697 (DOI 10.24432/C5MC89),"pendiente (se asigna en Fase 3, semana 5)"
1460,Dropout,1.0,UCI id=697 (DOI 10.24432/C5MC89),"pendiente (se asigna en Fase 3, semana 5)"
1461,Graduate,0.0,UCI id=697 (DOI 10.24432/C5MC89),"pendiente (se asigna en Fase 3, semana 5)"
1462,Enrolled,,UCI id=697 (DOI 10.24432/C5MC89),"pendiente (se asigna en Fase 3, semana 5)"
1463,Dropout,1.0,UCI id=697 (DOI 10.24432/C5MC89),"pendiente (se asigna en Fase 3, semana 5)"
1464,Enrolled,,UCI id=697 (DOI 10.24432/C5MC89),"pendiente (se asigna en Fase 3, semana 5)"
1465,Graduate,0.0,UCI id=697 (DOI 10.24432/C5MC89),"pendiente (se asigna en Fase 3, semana 5)"
1466,Dropout,1.0,UCI id=697 (DOI 10.24432/C5MC89),"pendiente (se asigna en Fase 3, semana 5)"
1467,Enrolled,,UCI id=697 (DOI 10.24432/C5MC89),"pendiente (se asigna en Fase 3, semana 5)"
1468,Graduate,0.0,UCI id=697 (DOI 10.24432/C5MC89),"pendiente (se asigna en Fase 3, semana 5)"
1469,Graduate,0.0,UCI id=697 (DOI 10.24432/C5MC89),"pendiente (se asigna en Fase 3, semana 5)"
1470,Enrolled,,UCI id=697 (DOI 10.24432/C5MC89),"pendiente (se asigna en Fase 3, semana 5)"
1471,Enrolled,,UCI id=697 (DOI 10.24432/C5MC89),"pendiente (se asigna en Fase 3, semana 5)"
1472,Graduate,0.0,UCI id=697 (DOI 10.24432/C5MC89),"pendiente (se asigna en Fase 3, semana 5)"
1473,Dropout,1.0,UCI id=697 (DOI 10.24432/C5MC89),"pendiente (se asigna en Fase 3, semana 5)"
1474,Enrolled,,UCI id=697 (DOI 10.24432/C5MC89),"pendiente (se asigna en Fase 3, semana 5)"
1475,Graduate,0.0,UCI id=697 (DOI 10.24432/C5MC89),"pendiente (se asigna en Fase 3, semana 5)"
1476,Dropout,1.0,UCI id=697 (DOI 10.24432/C5MC89),"pendiente (se asigna en Fase 3, semana 5)"
1477,Graduate,0.0,UCI id=697 (DOI 10.24432/C5MC89),"pendiente (se asigna en Fase 3, semana 5)"
1478,Dropout,1.0,UCI id=697 (DOI 10.24432/C5MC89),"pendiente (se asigna en Fase 3, semana 5)"
1479,Dropout,1.0,UCI id=697 (DOI 10.24432/C5MC89),"pendiente (se asigna en Fase 3, semana 5)"
1480,Dropout,1.0,UCI id=697 (DOI 10.24432/C5MC89),"pendiente (se asigna en Fase 3, semana 5)"
1481,Graduate,0.0,UCI id=697 (DOI 10.24432/C5MC89),"pendiente (se asigna en Fase 3, semana 5)"
1482,Graduate,0.0,UCI id=697 (DOI 10.24432/C5MC89),"pendiente (se asigna en Fase 3, semana 5)"
1483,Graduate,0.0,UCI id=697 (DOI 10.24432/C5MC89),"pendiente (se asigna en Fase 3, semana 5)"
1484,Graduate,0.0,UCI id=697 (DOI 10.24432/C5MC89),"pendiente (se asigna en Fase 3, semana 5)"
1485,Graduate,0.0,UCI id=697 (DOI 10.24432/C5MC89),"pendiente (se asigna en Fase 3, semana 5)"
1486,Graduate,0.0,UCI id=697 (DOI 10.24432/C5MC89),"pendiente (se asigna en Fase 3, semana 5)"
1487,Enrolled,,UCI id=697 (DOI 10.24432/C5MC89),"pendiente (se asigna en Fase 3, semana 5)"
1488,Dropout,1.0,UCI id=697 (DOI 10.24432/C5MC89),"pendiente (se asigna en Fase 3, semana 5)"
1489,Graduate,0.0,UCI id=697 (DOI 10.24432/C5MC89),"pendiente (se asigna en Fase 3, semana 5)"
1490,Graduate,0.0,UCI id=697 (DOI 10.24432/C5MC89),"pendiente (se asigna en Fase 3, semana 5)"
1491,Graduate,0.0,UCI id=697 (DOI 10.24432/C5MC89),"pendiente (se asigna en Fase 3, semana 5)"
1492,Dropout,1.0,UCI id=697 (DOI 10.24432/C5MC89),"pendiente (se asigna en Fase 3, semana 5)"
1493,Graduate,0.0,UCI id=697 (DOI 10.24432/C5MC89),"pendiente (se asigna en Fase 3, semana 5)"
1494,Dropout,1.0,UCI id=697 (DOI 10.24432/C5MC89),"pendiente (se asigna en Fase 3, semana 5)"
1495,Graduate,0.0,UCI id=697 (DOI 10.24432/C5MC89),"pendiente (se asigna en Fase 3, semana 5)"
1496,Graduate,0.0,UCI id=697 (DOI 10.24432/C5MC89),"pendiente (se asigna en Fase 3, semana 5)"
1497,Graduate,0.0,UCI id=697 (DOI 10.24432/C5MC89),"pendiente (se asigna en Fase 3, semana 5)"
1498,Enrolled,,UCI id=697 (DOI 10.24432/C5MC89),"pendiente (se asigna en Fase 3, semana 5)"
1499,Graduate,0.0,UCI id=697 (DOI 10.24432/C5MC89),"pendiente (se asigna en Fase 3, semana 5)"
1500,Graduate,0.0,UCI id=697 (DOI 10.24432/C5MC89),"pendiente (se asigna en Fase 3, semana 5)"
1501,Dropout,1.0,UCI id=697 (DOI 10.24432/C5MC89),"pendiente (se asigna en Fase 3, semana 5)"
1502,Graduate,0.0,UCI id=697 (DOI 10.24432/C5MC89),"pendiente (se asigna en Fase 3, semana 5)"
1503,Enrolled,,UCI id=697 (DOI 10.24432/C5MC89),"pendiente (se asigna en Fase 3, semana 5)"
1504,Enrolled,,UCI id=697 (DOI 10.24432/C5MC89),"pendiente (se asigna en Fase 3, semana 5)"
1505,Dropout,1.0,UCI id=697 (DOI 10.24432/C5MC89),"pendiente (se asigna en Fase 3, semana 5)"
1506,Enrolled,,UCI id=697 (DOI 10.24432/C5MC89),"pendiente (se asigna en Fase 3, semana 5)"
1507,Graduate,0.0,UCI id=697 (DOI 10.24432/C5MC89),"pendiente (se asigna en Fase 3, semana 5)"
1508,Graduate,0.0,UCI id=697 (DOI 10.24432/C5MC89),"pendiente (se asigna en Fase 3, semana 5)"
1509,Dropout,1.0,UCI id=697 (DOI 10.24432/C5MC89),"pendiente (se asigna en Fase 3, semana 5)"
1510,Dropout,1.0,UCI id=697 (DOI 10.24432/C5MC89),"pendiente (se asigna en Fase 3, semana 5)"
1511,Enrolled,,UCI id=697 (DOI 10.24432/C5MC89),"pendiente (se asigna en Fase 3, semana 5)"
1512,Graduate,0.0,UCI id=697 (DOI 10.24432/C5MC89),"pendiente (se asigna en Fase 3, semana 5)"
1513,Graduate,0.0,UCI id=697 (DOI 10.24432/C5MC89),"pendiente (se asigna en Fase 3, semana 5)"
1514,Dropout,1.0,UCI id=697 (DOI 10.24432/C5MC89),"pendiente (se asigna en Fase 3, semana 5)"
1515,Graduate,0.0,UCI id=697 (DOI 10.24432/C5MC89),"pendiente (se asigna en Fase 3, semana 5)"
1516,Dropout,1.0,UCI id=697 (DOI 10.24432/C5MC89),"pendiente (se asigna en Fase 3, semana 5)"
1517,Graduate,0.0,UCI id=697 (DOI 10.24432/C5MC89),"pendiente (se asigna en Fase 3, semana 5)"
1518,Enrolled,,UCI id=697 (DOI 10.24432/C5MC89),"pendiente (se asigna en Fase 3, semana 5)"
1519,Dropout,1.0,UCI id=697 (DOI 10.24432/C5MC89),"pendiente (se asigna en Fase 3, semana 5)"
1520,Dropout,1.0,UCI id=697 (DOI 10.24432/C5MC89),"pendiente (se asigna en Fase 3, semana 5)"
1521,Graduate,0.0,UCI id=697 (DOI 10.24432/C5MC89),"pendiente (se asigna en Fase 3, semana 5)"
1522,Dropout,1.0,UCI id=697 (DOI 10.24432/C5MC89),"pendiente (se asigna en Fase 3, semana 5)"
1523,Dropout,1.0,UCI id=697 (DOI 10.24432/C5MC89),"pendiente (se asigna en Fase 3, semana 5)"
1524,Enrolled,,UCI id=697 (DOI 10.24432/C5MC89),"pendiente (se asigna en Fase 3, semana 5)"
1525,Graduate,0.0,UCI id=697 (DOI 10.24432/C5MC89),"pendiente (se asigna en Fase 3, semana 5)"
1526,Dropout,1.0,UCI id=697 (DOI 10.24432/C5MC89),"pendiente (se asigna en Fase 3, semana 5)"
1527,Graduate,0.0,UCI id=697 (DOI 10.24432/C5MC89),"pendiente (se asigna en Fase 3, semana 5)"
1528,Graduate,0.0,UCI id=697 (DOI 10.24432/C5MC89),"pendiente (se asigna en Fase 3, semana 5)"
1529,Dropout,1.0,UCI id=697 (DOI 10.24432/C5MC89),"pendiente (se asigna en Fase 3, semana 5)"
1530,Enrolled,,UCI id=697 (DOI 10.24432/C5MC89),"pendiente (se asigna en Fase 3, semana 5)"
1531,Graduate,0.0,UCI id=697 (DOI 10.24432/C5MC89),"pendiente (se asigna en Fase 3, semana 5)"
1532,Graduate,0.0,UCI id=697 (DOI 10.24432/C5MC89),"pendiente (se asigna en Fase 3, semana 5)"
1533,Enrolled,,UCI id=697 (DOI 10.24432/C5MC89),"pendiente (se asigna en Fase 3, semana 5)"
1534,Graduate,0.0,UCI id=697 (DOI 10.24432/C5MC89),"pendiente (se asigna en Fase 3, semana 5)"
1535,Enrolled,,UCI id=697 (DOI 10.24432/C5MC89),"pendiente (se asigna en Fase 3, semana 5)"
1536,Dropout,1.0,UCI id=697 (DOI 10.24432/C5MC89),"pendiente (se asigna en Fase 3, semana 5)"
1537,Graduate,0.0,UCI id=697 (DOI 10.24432/C5MC89),"pendiente (se asigna en Fase 3, semana 5)"
1538,Dropout,1.0,UCI id=697 (DOI 10.24432/C5MC89),"pendiente (se asigna en Fase 3, semana 5)"
1539,Dropout,1.0,UCI id=697 (DOI 10.24432/C5MC89),"pendiente (se asigna en Fase 3, semana 5)"
1540,Dropout,1.0,UCI id=697 (DOI 10.24432/C5MC89),"pendiente (se asigna en Fase 3, semana 5)"
1541,Dropout,1.0,UCI id=697 (DOI 10.24432/C5MC89),"pendiente (se asigna en Fase 3, semana 5)"
1542,Dropout,1.0,UCI id=697 (DOI 10.24432/C5MC89),"pendiente (se asigna en Fase 3, semana 5)"
1543,Dropout,1.0,UCI id=697 (DOI 10.24432/C5MC89),"pendiente (se asigna en Fase 3, semana 5)"
1544,Dropout,1.0,UCI id=697 (DOI 10.24432/C5MC89),"pendiente (se asigna en Fase 3, semana 5)"
1545,Graduate,0.0,UCI id=697 (DOI 10.24432/C5MC89),"pendiente (se asigna en Fase 3, semana 5)"
1546,Enrolled,,UCI id=697 (DOI 10.24432/C5MC89),"pendiente (se asigna en Fase 3, semana 5)"
1547,Dropout,1.0,UCI id=697 (DOI 10.24432/C5MC89),"pendiente (se asigna en Fase 3, semana 5)"
1548,Dropout,1.0,UCI id=697 (DOI 10.24432/C5MC89),"pendiente (se asigna en Fase 3, semana 5)"
1549,Dropout,1.0,UCI id=697 (DOI 10.24432/C5MC89),"pendiente (se asigna en Fase 3, semana 5)"
1550,Graduate,0.0,UCI id=697 (DOI 10.24432/C5MC89),"pendiente (se asigna en Fase 3, semana 5)"
1551,Graduate,0.0,UCI id=697 (DOI 10.24432/C5MC89),"pendiente (se asigna en Fase 3, semana 5)"
1552,Graduate,0.0,UCI id=697 (DOI 10.24432/C5MC89),"pendiente (se asigna en Fase 3, semana 5)"
1553,Graduate,0.0,UCI id=697 (DOI 10.24432/C5MC89),"pendiente (se asigna en Fase 3, semana 5)"
1554,Graduate,0.0,UCI id=697 (DOI 10.24432/C5MC89),"pendiente (se asigna en Fase 3, semana 5)"
1555,Graduate,0.0,UCI id=697 (DOI 10.24432/C5MC89),"pendiente (se asigna en Fase 3, semana 5)"
1556,Dropout,1.0,UCI id=697 (DOI 10.24432/C5MC89),"pendiente (se asigna en Fase 3, semana 5)"
1557,Enrolled,,UCI id=697 (DOI 10.24432/C5MC89),"pendiente (se asigna en Fase 3, semana 5)"
1558,Dropout,1.0,UCI id=697 (DOI 10.24432/C5MC89),"pendiente (se asigna en Fase 3, semana 5)"
1559,Graduate,0.0,UCI id=697 (DOI 10.24432/C5MC89),"pendiente (se asigna en Fase 3, semana 5)"
1560,Enrolled,,UCI id=697 (DOI 10.24432/C5MC89),"pendiente (se asigna en Fase 3, semana 5)"
1561,Enrolled,,UCI id=697 (DOI 10.24432/C5MC89),"pendiente (se asigna en Fase 3, semana 5)"
1562,Graduate,0.0,UCI id=697 (DOI 10.24432/C5MC89),"pendiente (se asigna en Fase 3, semana 5)"
1563,Enrolled,,UCI id=697 (DOI 10.24432/C5MC89),"pendiente (se asigna en Fase 3, semana 5)"
1564,Enrolled,,UCI id=697 (DOI 10.24432/C5MC89),"pendiente (se asigna en Fase 3, semana 5)"
1565,Graduate,0.0,UCI id=697 (DOI 10.24432/C5MC89),"pendiente (se asigna en Fase 3, semana 5)"
1566,Graduate,0.0,UCI id=697 (DOI 10.24432/C5MC89),"pendiente (se asigna en Fase 3, semana 5)"
1567,Graduate,0.0,UCI id=697 (DOI 10.24432/C5MC89),"pendiente (se asigna en Fase 3, semana 5)"
1568,Enrolled,,UCI id=697 (DOI 10.24432/C5MC89),"pendiente (se asigna en Fase 3, semana 5)"
1569,Dropout,1.0,UCI id=697 (DOI 10.24432/C5MC89),"pendiente (se asigna en Fase 3, semana 5)"
1570,Enrolled,,UCI id=697 (DOI 10.24432/C5MC89),"pendiente (se asigna en Fase 3, semana 5)"
1571,Dropout,1.0,UCI id=697 (DOI 10.24432/C5MC89),"pendiente (se asigna en Fase 3, semana 5)"
1572,Dropout,1.0,UCI id=697 (DOI 10.24432/C5MC89),"pendiente (se asigna en Fase 3, semana 5)"
1573,Dropout,1.0,UCI id=697 (DOI 10.24432/C5MC89),"pendiente (se asigna en Fase 3, semana 5)"
1574,Graduate,0.0,UCI id=697 (DOI 10.24432/C5MC89),"pendiente (se asigna en Fase 3, semana 5)"
1575,Graduate,0.0,UCI id=697 (DOI 10.24432/C5MC89),"pendiente (se asigna en Fase 3, semana 5)"
1576,Dropout,1.0,UCI id=697 (DOI 10.24432/C5MC89),"pendiente (se asigna en Fase 3, semana 5)"
1577,Enrolled,,UCI id=697 (DOI 10.24432/C5MC89),"pendiente (se asigna en Fase 3, semana 5)"
1578,Dropout,1.0,UCI id=697 (DOI 10.24432/C5MC89),"pendiente (se asigna en Fase 3, semana 5)"
1579,Enrolled,,UCI id=697 (DOI 10.24432/C5MC89),"pendiente (se asigna en Fase 3, semana 5)"
1580,Graduate,0.0,UCI id=697 (DOI 10.24432/C5MC89),"pendiente (se asigna en Fase 3, semana 5)"
1581,Enrolled,,UCI id=697 (DOI 10.24432/C5MC89),"pendiente (se asigna en Fase 3, semana 5)"
1582,Dropout,1.0,UCI id=697 (DOI 10.24432/C5MC89),"pendiente (se asigna en Fase 3, semana 5)"
1583,Dropout,1.0,UCI id=697 (DOI 10.24432/C5MC89),"pendiente (se asigna en Fase 3, semana 5)"
1584,Graduate,0.0,UCI id=697 (DOI 10.24432/C5MC89),"pendiente (se asigna en Fase 3, semana 5)"
1585,Graduate,0.0,UCI id=697 (DOI 10.24432/C5MC89),"pendiente (se asigna en Fase 3, semana 5)"
1586,Enrolled,,UCI id=697 (DOI 10.24432/C5MC89),"pendiente (se asigna en Fase 3, semana 5)"
1587,Enrolled,,UCI id=697 (DOI 10.24432/C5MC89),"pendiente (se asigna en Fase 3, semana 5)"
1588,Dropout,1.0,UCI id=697 (DOI 10.24432/C5MC89),"pendiente (se asigna en Fase 3, semana 5)"
1589,Graduate,0.0,UCI id=697 (DOI 10.24432/C5MC89),"pendiente (se asigna en Fase 3, semana 5)"
1590,Dropout,1.0,UCI id=697 (DOI 10.24432/C5MC89),"pendiente (se asigna en Fase 3, semana 5)"
1591,Dropout,1.0,UCI id=697 (DOI 10.24432/C5MC89),"pendiente (se asigna en Fase 3, semana 5)"
1592,Enrolled,,UCI id=697 (DOI 10.24432/C5MC89),"pendiente (se asigna en Fase 3, semana 5)"
1593,Dropout,1.0,UCI id=697 (DOI 10.24432/C5MC89),"pendiente (se asigna en Fase 3, semana 5)"
1594,Enrolled,,UCI id=697 (DOI 10.24432/C5MC89),"pendiente (se asigna en Fase 3, semana 5)"
1595,Enrolled,,UCI id=697 (DOI 10.24432/C5MC89),"pendiente (se asigna en Fase 3, semana 5)"
1596,Enrolled,,UCI id=697 (DOI 10.24432/C5MC89),"pendiente (se asigna en Fase 3, semana 5)"
1597,Graduate,0.0,UCI id=697 (DOI 10.24432/C5MC89),"pendiente (se asigna en Fase 3, semana 5)"
1598,Dropout,1.0,UCI id=697 (DOI 10.24432/C5MC89),"pendiente (se asigna en Fase 3, semana 5)"
1599,Dropout,1.0,UCI id=697 (DOI 10.24432/C5MC89),"pendiente (se asigna en Fase 3, semana 5)"
1600,Graduate,0.0,UCI id=697 (DOI 10.24432/C5MC89),"pendiente (se asigna en Fase 3, semana 5)"
1601,Enrolled,,UCI id=697 (DOI 10.24432/C5MC89),"pendiente (se asigna en Fase 3, semana 5)"
1602,Enrolled,,UCI id=697 (DOI 10.24432/C5MC89),"pendiente (se asigna en Fase 3, semana 5)"
1603,Graduate,0.0,UCI id=697 (DOI 10.24432/C5MC89),"pendiente (se asigna en Fase 3, semana 5)"
1604,Dropout,1.0,UCI id=697 (DOI 10.24432/C5MC89),"pendiente (se asigna en Fase 3, semana 5)"
1605,Enrolled,,UCI id=697 (DOI 10.24432/C5MC89),"pendiente (se asigna en Fase 3, semana 5)"
1606,Graduate,0.0,UCI id=697 (DOI 10.24432/C5MC89),"pendiente (se asigna en Fase 3, semana 5)"
1607,Graduate,0.0,UCI id=697 (DOI 10.24432/C5MC89),"pendiente (se asigna en Fase 3, semana 5)"
1608,Enrolled,,UCI id=697 (DOI 10.24432/C5MC89),"pendiente (se asigna en Fase 3, semana 5)"
1609,Graduate,0.0,UCI id=697 (DOI 10.24432/C5MC89),"pendiente (se asigna en Fase 3, semana 5)"
1610,Dropout,1.0,UCI id=697 (DOI 10.24432/C5MC89),"pendiente (se asigna en Fase 3, semana 5)"
1611,Enrolled,,UCI id=697 (DOI 10.24432/C5MC89),"pendiente (se asigna en Fase 3, semana 5)"
1612,Graduate,0.0,UCI id=697 (DOI 10.24432/C5MC89),"pendiente (se asigna en Fase 3, semana 5)"
1613,Dropout,1.0,UCI id=697 (DOI 10.24432/C5MC89),"pendiente (se asigna en Fase 3, semana 5)"
1614,Graduate,0.0,UCI id=697 (DOI 10.24432/C5MC89),"pendiente (se asigna en Fase 3, semana 5)"
1615,Dropout,1.0,UCI id=697 (DOI 10.24432/C5MC89),"pendiente (se asigna en Fase 3, semana 5)"
1616,Graduate,0.0,UCI id=697 (DOI 10.24432/C5MC89),"pendiente (se asigna en Fase 3, semana 5)"
1617,Dropout,1.0,UCI id=697 (DOI 10.24432/C5MC89),"pendiente (se asigna en Fase 3, semana 5)"
1618,Dropout,1.0,UCI id=697 (DOI 10.24432/C5MC89),"pendiente (se asigna en Fase 3, semana 5)"
1619,Graduate,0.0,UCI id=697 (DOI 10.24432/C5MC89),"pendiente (se asigna en Fase 3, semana 5)"
1620,Graduate,0.0,UCI id=697 (DOI 10.24432/C5MC89),"pendiente (se asigna en Fase 3, semana 5)"
1621,Graduate,0.0,UCI id=697 (DOI 10.24432/C5MC89),"pendiente (se asigna en Fase 3, semana 5)"
1622,Dropout,1.0,UCI id=697 (DOI 10.24432/C5MC89),"pendiente (se asigna en Fase 3, semana 5)"
1623,Dropout,1.0,UCI id=697 (DOI 10.24432/C5MC89),"pendiente (se asigna en Fase 3, semana 5)"
1624,Dropout,1.0,UCI id=697 (DOI 10.24432/C5MC89),"pendiente (se asigna en Fase 3, semana 5)"
1625,Dropout,1.0,UCI id=697 (DOI 10.24432/C5MC89),"pendiente (se asigna en Fase 3, semana 5)"
1626,Graduate,0.0,UCI id=697 (DOI 10.24432/C5MC89),"pendiente (se asigna en Fase 3, semana 5)"
1627,Dropout,1.0,UCI id=697 (DOI 10.24432/C5MC89),"pendiente (se asigna en Fase 3, semana 5)"
1628,Dropout,1.0,UCI id=697 (DOI 10.24432/C5MC89),"pendiente (se asigna en Fase 3, semana 5)"
1629,Dropout,1.0,UCI id=697 (DOI 10.24432/C5MC89),"pendiente (se asigna en Fase 3, semana 5)"
1630,Graduate,0.0,UCI id=697 (DOI 10.24432/C5MC89),"pendiente (se asigna en Fase 3, semana 5)"
1631,Dropout,1.0,UCI id=697 (DOI 10.24432/C5MC89),"pendiente (se asigna en Fase 3, semana 5)"
1632,Graduate,0.0,UCI id=697 (DOI 10.24432/C5MC89),"pendiente (se asigna en Fase 3, semana 5)"
1633,Enrolled,,UCI id=697 (DOI 10.24432/C5MC89),"pendiente (se asigna en Fase 3, semana 5)"
1634,Graduate,0.0,UCI id=697 (DOI 10.24432/C5MC89),"pendiente (se asigna en Fase 3, semana 5)"
1635,Graduate,0.0,UCI id=697 (DOI 10.24432/C5MC89),"pendiente (se asigna en Fase 3, semana 5)"
1636,Graduate,0.0,UCI id=697 (DOI 10.24432/C5MC89),"pendiente (se asigna en Fase 3, semana 5)"
1637,Graduate,0.0,UCI id=697 (DOI 10.24432/C5MC89),"pendiente (se asigna en Fase 3, semana 5)"
1638,Dropout,1.0,UCI id=697 (DOI 10.24432/C5MC89),"pendiente (se asigna en Fase 3, semana 5)"
1639,Graduate,0.0,UCI id=697 (DOI 10.24432/C5MC89),"pendiente (se asigna en Fase 3, semana 5)"
1640,Graduate,0.0,UCI id=697 (DOI 10.24432/C5MC89),"pendiente (se asigna en Fase 3, semana 5)"
1641,Graduate,0.0,UCI id=697 (DOI 10.24432/C5MC89),"pendiente (se asigna en Fase 3, semana 5)"
1642,Graduate,0.0,UCI id=697 (DOI 10.24432/C5MC89),"pendiente (se asigna en Fase 3, semana 5)"
1643,Graduate,0.0,UCI id=697 (DOI 10.24432/C5MC89),"pendiente (se asigna en Fase 3, semana 5)"
1644,Dropout,1.0,UCI id=697 (DOI 10.24432/C5MC89),"pendiente (se asigna en Fase 3, semana 5)"
1645,Dropout,1.0,UCI id=697 (DOI 10.24432/C5MC89),"pendiente (se asigna en Fase 3, semana 5)"
1646,Graduate,0.0,UCI id=697 (DOI 10.24432/C5MC89),"pendiente (se asigna en Fase 3, semana 5)"
1647,Graduate,0.0,UCI id=697 (DOI 10.24432/C5MC89),"pendiente (se asigna en Fase 3, semana 5)"
1648,Dropout,1.0,UCI id=697 (DOI 10.24432/C5MC89),"pendiente (se asigna en Fase 3, semana 5)"
1649,Graduate,0.0,UCI id=697 (DOI 10.24432/C5MC89),"pendiente (se asigna en Fase 3, semana 5)"
1650,Enrolled,,UCI id=697 (DOI 10.24432/C5MC89),"pendiente (se asigna en Fase 3, semana 5)"
1651,Graduate,0.0,UCI id=697 (DOI 10.24432/C5MC89),"pendiente (se asigna en Fase 3, semana 5)"
1652,Enrolled,,UCI id=697 (DOI 10.24432/C5MC89),"pendiente (se asigna en Fase 3, semana 5)"
1653,Graduate,0.0,UCI id=697 (DOI 10.24432/C5MC89),"pendiente (se asigna en Fase 3, semana 5)"
1654,Dropout,1.0,UCI id=697 (DOI 10.24432/C5MC89),"pendiente (se asigna en Fase 3, semana 5)"
1655,Graduate,0.0,UCI id=697 (DOI 10.24432/C5MC89),"pendiente (se asigna en Fase 3, semana 5)"
1656,Graduate,0.0,UCI id=697 (DOI 10.24432/C5MC89),"pendiente (se asigna en Fase 3, semana 5)"
1657,Enrolled,,UCI id=697 (DOI 10.24432/C5MC89),"pendiente (se asigna en Fase 3, semana 5)"
1658,Graduate,0.0,UCI id=697 (DOI 10.24432/C5MC89),"pendiente (se asigna en Fase 3, semana 5)"
1659,Enrolled,,UCI id=697 (DOI 10.24432/C5MC89),"pendiente (se asigna en Fase 3, semana 5)"
1660,Graduate,0.0,UCI id=697 (DOI 10.24432/C5MC89),"pendiente (se asigna en Fase 3, semana 5)"
1661,Graduate,0.0,UCI id=697 (DOI 10.24432/C5MC89),"pendiente (se asigna en Fase 3, semana 5)"
1662,Graduate,0.0,UCI id=697 (DOI 10.24432/C5MC89),"pendiente (se asigna en Fase 3, semana 5)"
1663,Graduate,0.0,UCI id=697 (DOI 10.24432/C5MC89),"pendiente (se asigna en Fase 3, semana 5)"
1664,Graduate,0.0,UCI id=697 (DOI 10.24432/C5MC89),"pendiente (se asigna en Fase 3, semana 5)"
1665,Enrolled,,UCI id=697 (DOI 10.24432/C5MC89),"pendiente (se asigna en Fase 3, semana 5)"
1666,Graduate,0.0,UCI id=697 (DOI 10.24432/C5MC89),"pendiente (se asigna en Fase 3, semana 5)"
1667,Graduate,0.0,UCI id=697 (DOI 10.24432/C5MC89),"pendiente (se asigna en Fase 3, semana 5)"
1668,Dropout,1.0,UCI id=697 (DOI 10.24432/C5MC89),"pendiente (se asigna en Fase 3, semana 5)"
1669,Graduate,0.0,UCI id=697 (DOI 10.24432/C5MC89),"pendiente (se asigna en Fase 3, semana 5)"
1670,Enrolled,,UCI id=697 (DOI 10.24432/C5MC89),"pendiente (se asigna en Fase 3, semana 5)"
1671,Graduate,0.0,UCI id=697 (DOI 10.24432/C5MC89),"pendiente (se asigna en Fase 3, semana 5)"
1672,Dropout,1.0,UCI id=697 (DOI 10.24432/C5MC89),"pendiente (se asigna en Fase 3, semana 5)"
1673,Graduate,0.0,UCI id=697 (DOI 10.24432/C5MC89),"pendiente (se asigna en Fase 3, semana 5)"
1674,Graduate,0.0,UCI id=697 (DOI 10.24432/C5MC89),"pendiente (se asigna en Fase 3, semana 5)"
1675,Dropout,1.0,UCI id=697 (DOI 10.24432/C5MC89),"pendiente (se asigna en Fase 3, semana 5)"
1676,Dropout,1.0,UCI id=697 (DOI 10.24432/C5MC89),"pendiente (se asigna en Fase 3, semana 5)"
1677,Graduate,0.0,UCI id=697 (DOI 10.24432/C5MC89),"pendiente (se asigna en Fase 3, semana 5)"
1678,Graduate,0.0,UCI id=697 (DOI 10.24432/C5MC89),"pendiente (se asigna en Fase 3, semana 5)"
1679,Dropout,1.0,UCI id=697 (DOI 10.24432/C5MC89),"pendiente (se asigna en Fase 3, semana 5)"
1680,Enrolled,,UCI id=697 (DOI 10.24432/C5MC89),"pendiente (se asigna en Fase 3, semana 5)"
1681,Enrolled,,UCI id=697 (DOI 10.24432/C5MC89),"pendiente (se asigna en Fase 3, semana 5)"
1682,Dropout,1.0,UCI id=697 (DOI 10.24432/C5MC89),"pendiente (se asigna en Fase 3, semana 5)"
1683,Dropout,1.0,UCI id=697 (DOI 10.24432/C5MC89),"pendiente (se asigna en Fase 3, semana 5)"
1684,Graduate,0.0,UCI id=697 (DOI 10.24432/C5MC89),"pendiente (se asigna en Fase 3, semana 5)"
1685,Graduate,0.0,UCI id=697 (DOI 10.24432/C5MC89),"pendiente (se asigna en Fase 3, semana 5)"
1686,Graduate,0.0,UCI id=697 (DOI 10.24432/C5MC89),"pendiente (se asigna en Fase 3, semana 5)"
1687,Dropout,1.0,UCI id=697 (DOI 10.24432/C5MC89),"pendiente (se asigna en Fase 3, semana 5)"
1688,Enrolled,,UCI id=697 (DOI 10.24432/C5MC89),"pendiente (se asigna en Fase 3, semana 5)"
1689,Dropout,1.0,UCI id=697 (DOI 10.24432/C5MC89),"pendiente (se asigna en Fase 3, semana 5)"
1690,Dropout,1.0,UCI id=697 (DOI 10.24432/C5MC89),"pendiente (se asigna en Fase 3, semana 5)"
1691,Dropout,1.0,UCI id=697 (DOI 10.24432/C5MC89),"pendiente (se asigna en Fase 3, semana 5)"
1692,Graduate,0.0,UCI id=697 (DOI 10.24432/C5MC89),"pendiente (se asigna en Fase 3, semana 5)"
1693,Enrolled,,UCI id=697 (DOI 10.24432/C5MC89),"pendiente (se asigna en Fase 3, semana 5)"
1694,Dropout,1.0,UCI id=697 (DOI 10.24432/C5MC89),"pendiente (se asigna en Fase 3, semana 5)"
1695,Graduate,0.0,UCI id=697 (DOI 10.24432/C5MC89),"pendiente (se asigna en Fase 3, semana 5)"
1696,Graduate,0.0,UCI id=697 (DOI 10.24432/C5MC89),"pendiente (se asigna en Fase 3, semana 5)"
1697,Dropout,1.0,UCI id=697 (DOI 10.24432/C5MC89),"pendiente (se asigna en Fase 3, semana 5)"
1698,Dropout,1.0,UCI id=697 (DOI 10.24432/C5MC89),"pendiente (se asigna en Fase 3, semana 5)"
1699,Dropout,1.0,UCI id=697 (DOI 10.24432/C5MC89),"pendiente (se asigna en Fase 3, semana 5)"
1700,Graduate,0.0,UCI id=697 (DOI 10.24432/C5MC89),"pendiente (se asigna en Fase 3, semana 5)"
1701,Graduate,0.0,UCI id=697 (DOI 10.24432/C5MC89),"pendiente (se asigna en Fase 3, semana 5)"
1702,Dropout,1.0,UCI id=697 (DOI 10.24432/C5MC89),"pendiente (se asigna en Fase 3, semana 5)"
1703,Graduate,0.0,UCI id=697 (DOI 10.24432/C5MC89),"pendiente (se asigna en Fase 3, semana 5)"
1704,Graduate,0.0,UCI id=697 (DOI 10.24432/C5MC89),"pendiente (se asigna en Fase 3, semana 5)"
1705,Enrolled,,UCI id=697 (DOI 10.24432/C5MC89),"pendiente (se asigna en Fase 3, semana 5)"
1706,Dropout,1.0,UCI id=697 (DOI 10.24432/C5MC89),"pendiente (se asigna en Fase 3, semana 5)"
1707,Enrolled,,UCI id=697 (DOI 10.24432/C5MC89),"pendiente (se asigna en Fase 3, semana 5)"
1708,Dropout,1.0,UCI id=697 (DOI 10.24432/C5MC89),"pendiente (se asigna en Fase 3, semana 5)"
1709,Graduate,0.0,UCI id=697 (DOI 10.24432/C5MC89),"pendiente (se asigna en Fase 3, semana 5)"
1710,Enrolled,,UCI id=697 (DOI 10.24432/C5MC89),"pendiente (se asigna en Fase 3, semana 5)"
1711,Graduate,0.0,UCI id=697 (DOI 10.24432/C5MC89),"pendiente (se asigna en Fase 3, semana 5)"
1712,Dropout,1.0,UCI id=697 (DOI 10.24432/C5MC89),"pendiente (se asigna en Fase 3, semana 5)"
1713,Enrolled,,UCI id=697 (DOI 10.24432/C5MC89),"pendiente (se asigna en Fase 3, semana 5)"
1714,Graduate,0.0,UCI id=697 (DOI 10.24432/C5MC89),"pendiente (se asigna en Fase 3, semana 5)"
1715,Graduate,0.0,UCI id=697 (DOI 10.24432/C5MC89),"pendiente (se asigna en Fase 3, semana 5)"
1716,Graduate,0.0,UCI id=697 (DOI 10.24432/C5MC89),"pendiente (se asigna en Fase 3, semana 5)"
1717,Enrolled,,UCI id=697 (DOI 10.24432/C5MC89),"pendiente (se asigna en Fase 3, semana 5)"
1718,Dropout,1.0,UCI id=697 (DOI 10.24432/C5MC89),"pendiente (se asigna en Fase 3, semana 5)"
1719,Dropout,1.0,UCI id=697 (DOI 10.24432/C5MC89),"pendiente (se asigna en Fase 3, semana 5)"
1720,Graduate,0.0,UCI id=697 (DOI 10.24432/C5MC89),"pendiente (se asigna en Fase 3, semana 5)"
1721,Graduate,0.0,UCI id=697 (DOI 10.24432/C5MC89),"pendiente (se asigna en Fase 3, semana 5)"
1722,Graduate,0.0,UCI id=697 (DOI 10.24432/C5MC89),"pendiente (se asigna en Fase 3, semana 5)"
1723,Graduate,0.0,UCI id=697 (DOI 10.24432/C5MC89),"pendiente (se asigna en Fase 3, semana 5)"
1724,Graduate,0.0,UCI id=697 (DOI 10.24432/C5MC89),"pendiente (se asigna en Fase 3, semana 5)"
1725,Dropout,1.0,UCI id=697 (DOI 10.24432/C5MC89),"pendiente (se asigna en Fase 3, semana 5)"
1726,Graduate,0.0,UCI id=697 (DOI 10.24432/C5MC89),"pendiente (se asigna en Fase 3, semana 5)"
1727,Enrolled,,UCI id=697 (DOI 10.24432/C5MC89),"pendiente (se asigna en Fase 3, semana 5)"
1728,Dropout,1.0,UCI id=697 (DOI 10.24432/C5MC89),"pendiente (se asigna en Fase 3, semana 5)"
1729,Graduate,0.0,UCI id=697 (DOI 10.24432/C5MC89),"pendiente (se asigna en Fase 3, semana 5)"
1730,Graduate,0.0,UCI id=697 (DOI 10.24432/C5MC89),"pendiente (se asigna en Fase 3, semana 5)"
1731,Dropout,1.0,UCI id=697 (DOI 10.24432/C5MC89),"pendiente (se asigna en Fase 3, semana 5)"
1732,Dropout,1.0,UCI id=697 (DOI 10.24432/C5MC89),"pendiente (se asigna en Fase 3, semana 5)"
1733,Enrolled,,UCI id=697 (DOI 10.24432/C5MC89),"pendiente (se asigna en Fase 3, semana 5)"
1734,Dropout,1.0,UCI id=697 (DOI 10.24432/C5MC89),"pendiente (se asigna en Fase 3, semana 5)"
1735,Graduate,0.0,UCI id=697 (DOI 10.24432/C5MC89),"pendiente (se asigna en Fase 3, semana 5)"
1736,Graduate,0.0,UCI id=697 (DOI 10.24432/C5MC89),"pendiente (se asigna en Fase 3, semana 5)"
1737,Enrolled,,UCI id=697 (DOI 10.24432/C5MC89),"pendiente (se asigna en Fase 3, semana 5)"
1738,Graduate,0.0,UCI id=697 (DOI 10.24432/C5MC89),"pendiente (se asigna en Fase 3, semana 5)"
1739,Dropout,1.0,UCI id=697 (DOI 10.24432/C5MC89),"pendiente (se asigna en Fase 3, semana 5)"
1740,Dropout,1.0,UCI id=697 (DOI 10.24432/C5MC89),"pendiente (se asigna en Fase 3, semana 5)"
1741,Enrolled,,UCI id=697 (DOI 10.24432/C5MC89),"pendiente (se asigna en Fase 3, semana 5)"
1742,Dropout,1.0,UCI id=697 (DOI 10.24432/C5MC89),"pendiente (se asigna en Fase 3, semana 5)"
1743,Dropout,1.0,UCI id=697 (DOI 10.24432/C5MC89),"pendiente (se asigna en Fase 3, semana 5)"
1744,Dropout,1.0,UCI id=697 (DOI 10.24432/C5MC89),"pendiente (se asigna en Fase 3, semana 5)"
1745,Dropout,1.0,UCI id=697 (DOI 10.24432/C5MC89),"pendiente (se asigna en Fase 3, semana 5)"
1746,Dropout,1.0,UCI id=697 (DOI 10.24432/C5MC89),"pendiente (se asigna en Fase 3, semana 5)"
1747,Dropout,1.0,UCI id=697 (DOI 10.24432/C5MC89),"pendiente (se asigna en Fase 3, semana 5)"
1748,Dropout,1.0,UCI id=697 (DOI 10.24432/C5MC89),"pendiente (se asigna en Fase 3, semana 5)"
1749,Dropout,1.0,UCI id=697 (DOI 10.24432/C5MC89),"pendiente (se asigna en Fase 3, semana 5)"
1750,Enrolled,,UCI id=697 (DOI 10.24432/C5MC89),"pendiente (se asigna en Fase 3, semana 5)"
1751,Graduate,0.0,UCI id=697 (DOI 10.24432/C5MC89),"pendiente (se asigna en Fase 3, semana 5)"
1752,Enrolled,,UCI id=697 (DOI 10.24432/C5MC89),"pendiente (se asigna en Fase 3, semana 5)"
1753,Enrolled,,UCI id=697 (DOI 10.24432/C5MC89),"pendiente (se asigna en Fase 3, semana 5)"
1754,Dropout,1.0,UCI id=697 (DOI 10.24432/C5MC89),"pendiente (se asigna en Fase 3, semana 5)"
1755,Enrolled,,UCI id=697 (DOI 10.24432/C5MC89),"pendiente (se asigna en Fase 3, semana 5)"
1756,Enrolled,,UCI id=697 (DOI 10.24432/C5MC89),"pendiente (se asigna en Fase 3, semana 5)"
1757,Dropout,1.0,UCI id=697 (DOI 10.24432/C5MC89),"pendiente (se asigna en Fase 3, semana 5)"
1758,Graduate,0.0,UCI id=697 (DOI 10.24432/C5MC89),"pendiente (se asigna en Fase 3, semana 5)"
1759,Graduate,0.0,UCI id=697 (DOI 10.24432/C5MC89),"pendiente (se asigna en Fase 3, semana 5)"
1760,Graduate,0.0,UCI id=697 (DOI 10.24432/C5MC89),"pendiente (se asigna en Fase 3, semana 5)"
1761,Dropout,1.0,UCI id=697 (DOI 10.24432/C5MC89),"pendiente (se asigna en Fase 3, semana 5)"
1762,Graduate,0.0,UCI id=697 (DOI 10.24432/C5MC89),"pendiente (se asigna en Fase 3, semana 5)"
1763,Graduate,0.0,UCI id=697 (DOI 10.24432/C5MC89),"pendiente (se asigna en Fase 3, semana 5)"
1764,Graduate,0.0,UCI id=697 (DOI 10.24432/C5MC89),"pendiente (se asigna en Fase 3, semana 5)"
1765,Dropout,1.0,UCI id=697 (DOI 10.24432/C5MC89),"pendiente (se asigna en Fase 3, semana 5)"
1766,Dropout,1.0,UCI id=697 (DOI 10.24432/C5MC89),"pendiente (se asigna en Fase 3, semana 5)"
1767,Enrolled,,UCI id=697 (DOI 10.24432/C5MC89),"pendiente (se asigna en Fase 3, semana 5)"
1768,Dropout,1.0,UCI id=697 (DOI 10.24432/C5MC89),"pendiente (se asigna en Fase 3, semana 5)"
1769,Enrolled,,UCI id=697 (DOI 10.24432/C5MC89),"pendiente (se asigna en Fase 3, semana 5)"
1770,Enrolled,,UCI id=697 (DOI 10.24432/C5MC89),"pendiente (se asigna en Fase 3, semana 5)"
1771,Enrolled,,UCI id=697 (DOI 10.24432/C5MC89),"pendiente (se asigna en Fase 3, semana 5)"
1772,Graduate,0.0,UCI id=697 (DOI 10.24432/C5MC89),"pendiente (se asigna en Fase 3, semana 5)"
1773,Enrolled,,UCI id=697 (DOI 10.24432/C5MC89),"pendiente (se asigna en Fase 3, semana 5)"
1774,Enrolled,,UCI id=697 (DOI 10.24432/C5MC89),"pendiente (se asigna en Fase 3, semana 5)"
1775,Dropout,1.0,UCI id=697 (DOI 10.24432/C5MC89),"pendiente (se asigna en Fase 3, semana 5)"
1776,Graduate,0.0,UCI id=697 (DOI 10.24432/C5MC89),"pendiente (se asigna en Fase 3, semana 5)"
1777,Dropout,1.0,UCI id=697 (DOI 10.24432/C5MC89),"pendiente (se asigna en Fase 3, semana 5)"
1778,Graduate,0.0,UCI id=697 (DOI 10.24432/C5MC89),"pendiente (se asigna en Fase 3, semana 5)"
1779,Graduate,0.0,UCI id=697 (DOI 10.24432/C5MC89),"pendiente (se asigna en Fase 3, semana 5)"
1780,Enrolled,,UCI id=697 (DOI 10.24432/C5MC89),"pendiente (se asigna en Fase 3, semana 5)"
1781,Graduate,0.0,UCI id=697 (DOI 10.24432/C5MC89),"pendiente (se asigna en Fase 3, semana 5)"
1782,Dropout,1.0,UCI id=697 (DOI 10.24432/C5MC89),"pendiente (se asigna en Fase 3, semana 5)"
1783,Enrolled,,UCI id=697 (DOI 10.24432/C5MC89),"pendiente (se asigna en Fase 3, semana 5)"
1784,Dropout,1.0,UCI id=697 (DOI 10.24432/C5MC89),"pendiente (se asigna en Fase 3, semana 5)"
1785,Enrolled,,UCI id=697 (DOI 10.24432/C5MC89),"pendiente (se asigna en Fase 3, semana 5)"
1786,Dropout,1.0,UCI id=697 (DOI 10.24432/C5MC89),"pendiente (se asigna en Fase 3, semana 5)"
1787,Graduate,0.0,UCI id=697 (DOI 10.24432/C5MC89),"pendiente (se asigna en Fase 3, semana 5)"
1788,Dropout,1.0,UCI id=697 (DOI 10.24432/C5MC89),"pendiente (se asigna en Fase 3, semana 5)"
1789,Graduate,0.0,UCI id=697 (DOI 10.24432/C5MC89),"pendiente (se asigna en Fase 3, semana 5)"
1790,Graduate,0.0,UCI id=697 (DOI 10.24432/C5MC89),"pendiente (se asigna en Fase 3, semana 5)"
1791,Dropout,1.0,UCI id=697 (DOI 10.24432/C5MC89),"pendiente (se asigna en Fase 3, semana 5)"
1792,Dropout,1.0,UCI id=697 (DOI 10.24432/C5MC89),"pendiente (se asigna en Fase 3, semana 5)"
1793,Dropout,1.0,UCI id=697 (DOI 10.24432/C5MC89),"pendiente (se asigna en Fase 3, semana 5)"
1794,Enrolled,,UCI id=697 (DOI 10.24432/C5MC89),"pendiente (se asigna en Fase 3, semana 5)"
1795,Graduate,0.0,UCI id=697 (DOI 10.24432/C5MC89),"pendiente (se asigna en Fase 3, semana 5)"
1796,Graduate,0.0,UCI id=697 (DOI 10.24432/C5MC89),"pendiente (se asigna en Fase 3, semana 5)"
1797,Dropout,1.0,UCI id=697 (DOI 10.24432/C5MC89),"pendiente (se asigna en Fase 3, semana 5)"
1798,Dropout,1.0,UCI id=697 (DOI 10.24432/C5MC89),"pendiente (se asigna en Fase 3, semana 5)"
1799,Dropout,1.0,UCI id=697 (DOI 10.24432/C5MC89),"pendiente (se asigna en Fase 3, semana 5)"
1800,Dropout,1.0,UCI id=697 (DOI 10.24432/C5MC89),"pendiente (se asigna en Fase 3, semana 5)"
1801,Graduate,0.0,UCI id=697 (DOI 10.24432/C5MC89),"pendiente (se asigna en Fase 3, semana 5)"
1802,Graduate,0.0,UCI id=697 (DOI 10.24432/C5MC89),"pendiente (se asigna en Fase 3, semana 5)"
1803,Dropout,1.0,UCI id=697 (DOI 10.24432/C5MC89),"pendiente (se asigna en Fase 3, semana 5)"
1804,Dropout,1.0,UCI id=697 (DOI 10.24432/C5MC89),"pendiente (se asigna en Fase 3, semana 5)"
1805,Dropout,1.0,UCI id=697 (DOI 10.24432/C5MC89),"pendiente (se asigna en Fase 3, semana 5)"
1806,Enrolled,,UCI id=697 (DOI 10.24432/C5MC89),"pendiente (se asigna en Fase 3, semana 5)"
1807,Dropout,1.0,UCI id=697 (DOI 10.24432/C5MC89),"pendiente (se asigna en Fase 3, semana 5)"
1808,Enrolled,,UCI id=697 (DOI 10.24432/C5MC89),"pendiente (se asigna en Fase 3, semana 5)"
1809,Graduate,0.0,UCI id=697 (DOI 10.24432/C5MC89),"pendiente (se asigna en Fase 3, semana 5)"
1810,Graduate,0.0,UCI id=697 (DOI 10.24432/C5MC89),"pendiente (se asigna en Fase 3, semana 5)"
1811,Graduate,0.0,UCI id=697 (DOI 10.24432/C5MC89),"pendiente (se asigna en Fase 3, semana 5)"
1812,Dropout,1.0,UCI id=697 (DOI 10.24432/C5MC89),"pendiente (se asigna en Fase 3, semana 5)"
1813,Graduate,0.0,UCI id=697 (DOI 10.24432/C5MC89),"pendiente (se asigna en Fase 3, semana 5)"
1814,Dropout,1.0,UCI id=697 (DOI 10.24432/C5MC89),"pendiente (se asigna en Fase 3, semana 5)"
1815,Enrolled,,UCI id=697 (DOI 10.24432/C5MC89),"pendiente (se asigna en Fase 3, semana 5)"
1816,Graduate,0.0,UCI id=697 (DOI 10.24432/C5MC89),"pendiente (se asigna en Fase 3, semana 5)"
1817,Graduate,0.0,UCI id=697 (DOI 10.24432/C5MC89),"pendiente (se asigna en Fase 3, semana 5)"
1818,Dropout,1.0,UCI id=697 (DOI 10.24432/C5MC89),"pendiente (se asigna en Fase 3, semana 5)"
1819,Dropout,1.0,UCI id=697 (DOI 10.24432/C5MC89),"pendiente (se asigna en Fase 3, semana 5)"
1820,Enrolled,,UCI id=697 (DOI 10.24432/C5MC89),"pendiente (se asigna en Fase 3, semana 5)"
1821,Enrolled,,UCI id=697 (DOI 10.24432/C5MC89),"pendiente (se asigna en Fase 3, semana 5)"
1822,Enrolled,,UCI id=697 (DOI 10.24432/C5MC89),"pendiente (se asigna en Fase 3, semana 5)"
1823,Dropout,1.0,UCI id=697 (DOI 10.24432/C5MC89),"pendiente (se asigna en Fase 3, semana 5)"
1824,Graduate,0.0,UCI id=697 (DOI 10.24432/C5MC89),"pendiente (se asigna en Fase 3, semana 5)"
1825,Graduate,0.0,UCI id=697 (DOI 10.24432/C5MC89),"pendiente (se asigna en Fase 3, semana 5)"
1826,Graduate,0.0,UCI id=697 (DOI 10.24432/C5MC89),"pendiente (se asigna en Fase 3, semana 5)"
1827,Enrolled,,UCI id=697 (DOI 10.24432/C5MC89),"pendiente (se asigna en Fase 3, semana 5)"
1828,Dropout,1.0,UCI id=697 (DOI 10.24432/C5MC89),"pendiente (se asigna en Fase 3, semana 5)"
1829,Enrolled,,UCI id=697 (DOI 10.24432/C5MC89),"pendiente (se asigna en Fase 3, semana 5)"
1830,Dropout,1.0,UCI id=697 (DOI 10.24432/C5MC89),"pendiente (se asigna en Fase 3, semana 5)"
1831,Graduate,0.0,UCI id=697 (DOI 10.24432/C5MC89),"pendiente (se asigna en Fase 3, semana 5)"
1832,Graduate,0.0,UCI id=697 (DOI 10.24432/C5MC89),"pendiente (se asigna en Fase 3, semana 5)"
1833,Dropout,1.0,UCI id=697 (DOI 10.24432/C5MC89),"pendiente (se asigna en Fase 3, semana 5)"
1834,Graduate,0.0,UCI id=697 (DOI 10.24432/C5MC89),"pendiente (se asigna en Fase 3, semana 5)"
1835,Graduate,0.0,UCI id=697 (DOI 10.24432/C5MC89),"pendiente (se asigna en Fase 3, semana 5)"
1836,Graduate,0.0,UCI id=697 (DOI 10.24432/C5MC89),"pendiente (se asigna en Fase 3, semana 5)"
1837,Enrolled,,UCI id=697 (DOI 10.24432/C5MC89),"pendiente (se asigna en Fase 3, semana 5)"
1838,Graduate,0.0,UCI id=697 (DOI 10.24432/C5MC89),"pendiente (se asigna en Fase 3, semana 5)"
1839,Graduate,0.0,UCI id=697 (DOI 10.24432/C5MC89),"pendiente (se asigna en Fase 3, semana 5)"
1840,Dropout,1.0,UCI id=697 (DOI 10.24432/C5MC89),"pendiente (se asigna en Fase 3, semana 5)"
1841,Dropout,1.0,UCI id=697 (DOI 10.24432/C5MC89),"pendiente (se asigna en Fase 3, semana 5)"
1842,Graduate,0.0,UCI id=697 (DOI 10.24432/C5MC89),"pendiente (se asigna en Fase 3, semana 5)"
1843,Enrolled,,UCI id=697 (DOI 10.24432/C5MC89),"pendiente (se asigna en Fase 3, semana 5)"
1844,Graduate,0.0,UCI id=697 (DOI 10.24432/C5MC89),"pendiente (se asigna en Fase 3, semana 5)"
1845,Dropout,1.0,UCI id=697 (DOI 10.24432/C5MC89),"pendiente (se asigna en Fase 3, semana 5)"
1846,Dropout,1.0,UCI id=697 (DOI 10.24432/C5MC89),"pendiente (se asigna en Fase 3, semana 5)"
1847,Dropout,1.0,UCI id=697 (DOI 10.24432/C5MC89),"pendiente (se asigna en Fase 3, semana 5)"
1848,Graduate,0.0,UCI id=697 (DOI 10.24432/C5MC89),"pendiente (se asigna en Fase 3, semana 5)"
1849,Enrolled,,UCI id=697 (DOI 10.24432/C5MC89),"pendiente (se asigna en Fase 3, semana 5)"
1850,Dropout,1.0,UCI id=697 (DOI 10.24432/C5MC89),"pendiente (se asigna en Fase 3, semana 5)"
1851,Dropout,1.0,UCI id=697 (DOI 10.24432/C5MC89),"pendiente (se asigna en Fase 3, semana 5)"
1852,Graduate,0.0,UCI id=697 (DOI 10.24432/C5MC89),"pendiente (se asigna en Fase 3, semana 5)"
1853,Graduate,0.0,UCI id=697 (DOI 10.24432/C5MC89),"pendiente (se asigna en Fase 3, semana 5)"
1854,Dropout,1.0,UCI id=697 (DOI 10.24432/C5MC89),"pendiente (se asigna en Fase 3, semana 5)"
1855,Dropout,1.0,UCI id=697 (DOI 10.24432/C5MC89),"pendiente (se asigna en Fase 3, semana 5)"
1856,Graduate,0.0,UCI id=697 (DOI 10.24432/C5MC89),"pendiente (se asigna en Fase 3, semana 5)"
1857,Graduate,0.0,UCI id=697 (DOI 10.24432/C5MC89),"pendiente (se asigna en Fase 3, semana 5)"
1858,Graduate,0.0,UCI id=697 (DOI 10.24432/C5MC89),"pendiente (se asigna en Fase 3, semana 5)"
1859,Enrolled,,UCI id=697 (DOI 10.24432/C5MC89),"pendiente (se asigna en Fase 3, semana 5)"
1860,Dropout,1.0,UCI id=697 (DOI 10.24432/C5MC89),"pendiente (se asigna en Fase 3, semana 5)"
1861,Enrolled,,UCI id=697 (DOI 10.24432/C5MC89),"pendiente (se asigna en Fase 3, semana 5)"
1862,Dropout,1.0,UCI id=697 (DOI 10.24432/C5MC89),"pendiente (se asigna en Fase 3, semana 5)"
1863,Graduate,0.0,UCI id=697 (DOI 10.24432/C5MC89),"pendiente (se asigna en Fase 3, semana 5)"
1864,Dropout,1.0,UCI id=697 (DOI 10.24432/C5MC89),"pendiente (se asigna en Fase 3, semana 5)"
1865,Graduate,0.0,UCI id=697 (DOI 10.24432/C5MC89),"pendiente (se asigna en Fase 3, semana 5)"
1866,Dropout,1.0,UCI id=697 (DOI 10.24432/C5MC89),"pendiente (se asigna en Fase 3, semana 5)"
1867,Dropout,1.0,UCI id=697 (DOI 10.24432/C5MC89),"pendiente (se asigna en Fase 3, semana 5)"
1868,Graduate,0.0,UCI id=697 (DOI 10.24432/C5MC89),"pendiente (se asigna en Fase 3, semana 5)"
1869,Graduate,0.0,UCI id=697 (DOI 10.24432/C5MC89),"pendiente (se asigna en Fase 3, semana 5)"
1870,Dropout,1.0,UCI id=697 (DOI 10.24432/C5MC89),"pendiente (se asigna en Fase 3, semana 5)"
1871,Dropout,1.0,UCI id=697 (DOI 10.24432/C5MC89),"pendiente (se asigna en Fase 3, semana 5)"
1872,Graduate,0.0,UCI id=697 (DOI 10.24432/C5MC89),"pendiente (se asigna en Fase 3, semana 5)"
1873,Dropout,1.0,UCI id=697 (DOI 10.24432/C5MC89),"pendiente (se asigna en Fase 3, semana 5)"
1874,Graduate,0.0,UCI id=697 (DOI 10.24432/C5MC89),"pendiente (se asigna en Fase 3, semana 5)"
1875,Graduate,0.0,UCI id=697 (DOI 10.24432/C5MC89),"pendiente (se asigna en Fase 3, semana 5)"
1876,Dropout,1.0,UCI id=697 (DOI 10.24432/C5MC89),"pendiente (se asigna en Fase 3, semana 5)"
1877,Dropout,1.0,UCI id=697 (DOI 10.24432/C5MC89),"pendiente (se asigna en Fase 3, semana 5)"
1878,Dropout,1.0,UCI id=697 (DOI 10.24432/C5MC89),"pendiente (se asigna en Fase 3, semana 5)"
1879,Graduate,0.0,UCI id=697 (DOI 10.24432/C5MC89),"pendiente (se asigna en Fase 3, semana 5)"
1880,Enrolled,,UCI id=697 (DOI 10.24432/C5MC89),"pendiente (se asigna en Fase 3, semana 5)"
1881,Dropout,1.0,UCI id=697 (DOI 10.24432/C5MC89),"pendiente (se asigna en Fase 3, semana 5)"
1882,Dropout,1.0,UCI id=697 (DOI 10.24432/C5MC89),"pendiente (se asigna en Fase 3, semana 5)"
1883,Graduate,0.0,UCI id=697 (DOI 10.24432/C5MC89),"pendiente (se asigna en Fase 3, semana 5)"
1884,Enrolled,,UCI id=697 (DOI 10.24432/C5MC89),"pendiente (se asigna en Fase 3, semana 5)"
1885,Graduate,0.0,UCI id=697 (DOI 10.24432/C5MC89),"pendiente (se asigna en Fase 3, semana 5)"
1886,Dropout,1.0,UCI id=697 (DOI 10.24432/C5MC89),"pendiente (se asigna en Fase 3, semana 5)"
1887,Dropout,1.0,UCI id=697 (DOI 10.24432/C5MC89),"pendiente (se asigna en Fase 3, semana 5)"
1888,Graduate,0.0,UCI id=697 (DOI 10.24432/C5MC89),"pendiente (se asigna en Fase 3, semana 5)"
1889,Graduate,0.0,UCI id=697 (DOI 10.24432/C5MC89),"pendiente (se asigna en Fase 3, semana 5)"
1890,Graduate,0.0,UCI id=697 (DOI 10.24432/C5MC89),"pendiente (se asigna en Fase 3, semana 5)"
1891,Graduate,0.0,UCI id=697 (DOI 10.24432/C5MC89),"pendiente (se asigna en Fase 3, semana 5)"
1892,Dropout,1.0,UCI id=697 (DOI 10.24432/C5MC89),"pendiente (se asigna en Fase 3, semana 5)"
1893,Enrolled,,UCI id=697 (DOI 10.24432/C5MC89),"pendiente (se asigna en Fase 3, semana 5)"
1894,Graduate,0.0,UCI id=697 (DOI 10.24432/C5MC89),"pendiente (se asigna en Fase 3, semana 5)"
1895,Enrolled,,UCI id=697 (DOI 10.24432/C5MC89),"pendiente (se asigna en Fase 3, semana 5)"
1896,Enrolled,,UCI id=697 (DOI 10.24432/C5MC89),"pendiente (se asigna en Fase 3, semana 5)"
1897,Dropout,1.0,UCI id=697 (DOI 10.24432/C5MC89),"pendiente (se asigna en Fase 3, semana 5)"
1898,Graduate,0.0,UCI id=697 (DOI 10.24432/C5MC89),"pendiente (se asigna en Fase 3, semana 5)"
1899,Graduate,0.0,UCI id=697 (DOI 10.24432/C5MC89),"pendiente (se asigna en Fase 3, semana 5)"
1900,Graduate,0.0,UCI id=697 (DOI 10.24432/C5MC89),"pendiente (se asigna en Fase 3, semana 5)"
1901,Graduate,0.0,UCI id=697 (DOI 10.24432/C5MC89),"pendiente (se asigna en Fase 3, semana 5)"
1902,Graduate,0.0,UCI id=697 (DOI 10.24432/C5MC89),"pendiente (se asigna en Fase 3, semana 5)"
1903,Graduate,0.0,UCI id=697 (DOI 10.24432/C5MC89),"pendiente (se asigna en Fase 3, semana 5)"
1904,Graduate,0.0,UCI id=697 (DOI 10.24432/C5MC89),"pendiente (se asigna en Fase 3, semana 5)"
1905,Graduate,0.0,UCI id=697 (DOI 10.24432/C5MC89),"pendiente (se asigna en Fase 3, semana 5)"
1906,Graduate,0.0,UCI id=697 (DOI 10.24432/C5MC89),"pendiente (se asigna en Fase 3, semana 5)"
1907,Graduate,0.0,UCI id=697 (DOI 10.24432/C5MC89),"pendiente (se asigna en Fase 3, semana 5)"
1908,Enrolled,,UCI id=697 (DOI 10.24432/C5MC89),"pendiente (se asigna en Fase 3, semana 5)"
1909,Graduate,0.0,UCI id=697 (DOI 10.24432/C5MC89),"pendiente (se asigna en Fase 3, semana 5)"
1910,Graduate,0.0,UCI id=697 (DOI 10.24432/C5MC89),"pendiente (se asigna en Fase 3, semana 5)"
1911,Graduate,0.0,UCI id=697 (DOI 10.24432/C5MC89),"pendiente (se asigna en Fase 3, semana 5)"
1912,Graduate,0.0,UCI id=697 (DOI 10.24432/C5MC89),"pendiente (se asigna en Fase 3, semana 5)"
1913,Dropout,1.0,UCI id=697 (DOI 10.24432/C5MC89),"pendiente (se asigna en Fase 3, semana 5)"
1914,Graduate,0.0,UCI id=697 (DOI 10.24432/C5MC89),"pendiente (se asigna en Fase 3, semana 5)"
1915,Graduate,0.0,UCI id=697 (DOI 10.24432/C5MC89),"pendiente (se asigna en Fase 3, semana 5)"
1916,Graduate,0.0,UCI id=697 (DOI 10.24432/C5MC89),"pendiente (se asigna en Fase 3, semana 5)"
1917,Graduate,0.0,UCI id=697 (DOI 10.24432/C5MC89),"pendiente (se asigna en Fase 3, semana 5)"
1918,Graduate,0.0,UCI id=697 (DOI 10.24432/C5MC89),"pendiente (se asigna en Fase 3, semana 5)"
1919,Enrolled,,UCI id=697 (DOI 10.24432/C5MC89),"pendiente (se asigna en Fase 3, semana 5)"
1920,Enrolled,,UCI id=697 (DOI 10.24432/C5MC89),"pendiente (se asigna en Fase 3, semana 5)"
1921,Graduate,0.0,UCI id=697 (DOI 10.24432/C5MC89),"pendiente (se asigna en Fase 3, semana 5)"
1922,Enrolled,,UCI id=697 (DOI 10.24432/C5MC89),"pendiente (se asigna en Fase 3, semana 5)"
1923,Graduate,0.0,UCI id=697 (DOI 10.24432/C5MC89),"pendiente (se asigna en Fase 3, semana 5)"
1924,Dropout,1.0,UCI id=697 (DOI 10.24432/C5MC89),"pendiente (se asigna en Fase 3, semana 5)"
1925,Graduate,0.0,UCI id=697 (DOI 10.24432/C5MC89),"pendiente (se asigna en Fase 3, semana 5)"
1926,Graduate,0.0,UCI id=697 (DOI 10.24432/C5MC89),"pendiente (se asigna en Fase 3, semana 5)"
1927,Graduate,0.0,UCI id=697 (DOI 10.24432/C5MC89),"pendiente (se asigna en Fase 3, semana 5)"
1928,Enrolled,,UCI id=697 (DOI 10.24432/C5MC89),"pendiente (se asigna en Fase 3, semana 5)"
1929,Graduate,0.0,UCI id=697 (DOI 10.24432/C5MC89),"pendiente (se asigna en Fase 3, semana 5)"
1930,Graduate,0.0,UCI id=697 (DOI 10.24432/C5MC89),"pendiente (se asigna en Fase 3, semana 5)"
1931,Graduate,0.0,UCI id=697 (DOI 10.24432/C5MC89),"pendiente (se asigna en Fase 3, semana 5)"
1932,Graduate,0.0,UCI id=697 (DOI 10.24432/C5MC89),"pendiente (se asigna en Fase 3, semana 5)"
1933,Graduate,0.0,UCI id=697 (DOI 10.24432/C5MC89),"pendiente (se asigna en Fase 3, semana 5)"
1934,Graduate,0.0,UCI id=697 (DOI 10.24432/C5MC89),"pendiente (se asigna en Fase 3, semana 5)"
1935,Graduate,0.0,UCI id=697 (DOI 10.24432/C5MC89),"pendiente (se asigna en Fase 3, semana 5)"
1936,Graduate,0.0,UCI id=697 (DOI 10.24432/C5MC89),"pendiente (se asigna en Fase 3, semana 5)"
1937,Graduate,0.0,UCI id=697 (DOI 10.24432/C5MC89),"pendiente (se asigna en Fase 3, semana 5)"
1938,Dropout,1.0,UCI id=697 (DOI 10.24432/C5MC89),"pendiente (se asigna en Fase 3, semana 5)"
1939,Graduate,0.0,UCI id=697 (DOI 10.24432/C5MC89),"pendiente (se asigna en Fase 3, semana 5)"
1940,Graduate,0.0,UCI id=697 (DOI 10.24432/C5MC89),"pendiente (se asigna en Fase 3, semana 5)"
1941,Graduate,0.0,UCI id=697 (DOI 10.24432/C5MC89),"pendiente (se asigna en Fase 3, semana 5)"
1942,Graduate,0.0,UCI id=697 (DOI 10.24432/C5MC89),"pendiente (se asigna en Fase 3, semana 5)"
1943,Graduate,0.0,UCI id=697 (DOI 10.24432/C5MC89),"pendiente (se asigna en Fase 3, semana 5)"
1944,Dropout,1.0,UCI id=697 (DOI 10.24432/C5MC89),"pendiente (se asigna en Fase 3, semana 5)"
1945,Graduate,0.0,UCI id=697 (DOI 10.24432/C5MC89),"pendiente (se asigna en Fase 3, semana 5)"
1946,Graduate,0.0,UCI id=697 (DOI 10.24432/C5MC89),"pendiente (se asigna en Fase 3, semana 5)"
1947,Graduate,0.0,UCI id=697 (DOI 10.24432/C5MC89),"pendiente (se asigna en Fase 3, semana 5)"
1948,Graduate,0.0,UCI id=697 (DOI 10.24432/C5MC89),"pendiente (se asigna en Fase 3, semana 5)"
1949,Graduate,0.0,UCI id=697 (DOI 10.24432/C5MC89),"pendiente (se asigna en Fase 3, semana 5)"
1950,Dropout,1.0,UCI id=697 (DOI 10.24432/C5MC89),"pendiente (se asigna en Fase 3, semana 5)"
1951,Dropout,1.0,UCI id=697 (DOI 10.24432/C5MC89),"pendiente (se asigna en Fase 3, semana 5)"
1952,Dropout,1.0,UCI id=697 (DOI 10.24432/C5MC89),"pendiente (se asigna en Fase 3, semana 5)"
1953,Graduate,0.0,UCI id=697 (DOI 10.24432/C5MC89),"pendiente (se asigna en Fase 3, semana 5)"
1954,Enrolled,,UCI id=697 (DOI 10.24432/C5MC89),"pendiente (se asigna en Fase 3, semana 5)"
1955,Graduate,0.0,UCI id=697 (DOI 10.24432/C5MC89),"pendiente (se asigna en Fase 3, semana 5)"
1956,Enrolled,,UCI id=697 (DOI 10.24432/C5MC89),"pendiente (se asigna en Fase 3, semana 5)"
1957,Graduate,0.0,UCI id=697 (DOI 10.24432/C5MC89),"pendiente (se asigna en Fase 3, semana 5)"
1958,Dropout,1.0,UCI id=697 (DOI 10.24432/C5MC89),"pendiente (se asigna en Fase 3, semana 5)"
1959,Enrolled,,UCI id=697 (DOI 10.24432/C5MC89),"pendiente (se asigna en Fase 3, semana 5)"
1960,Graduate,0.0,UCI id=697 (DOI 10.24432/C5MC89),"pendiente (se asigna en Fase 3, semana 5)"
1961,Enrolled,,UCI id=697 (DOI 10.24432/C5MC89),"pendiente (se asigna en Fase 3, semana 5)"
1962,Graduate,0.0,UCI id=697 (DOI 10.24432/C5MC89),"pendiente (se asigna en Fase 3, semana 5)"
1963,Graduate,0.0,UCI id=697 (DOI 10.24432/C5MC89),"pendiente (se asigna en Fase 3, semana 5)"
1964,Graduate,0.0,UCI id=697 (DOI 10.24432/C5MC89),"pendiente (se asigna en Fase 3, semana 5)"
1965,Graduate,0.0,UCI id=697 (DOI 10.24432/C5MC89),"pendiente (se asigna en Fase 3, semana 5)"
1966,Graduate,0.0,UCI id=697 (DOI 10.24432/C5MC89),"pendiente (se asigna en Fase 3, semana 5)"
1967,Enrolled,,UCI id=697 (DOI 10.24432/C5MC89),"pendiente (se asigna en Fase 3, semana 5)"
1968,Enrolled,,UCI id=697 (DOI 10.24432/C5MC89),"pendiente (se asigna en Fase 3, semana 5)"
1969,Graduate,0.0,UCI id=697 (DOI 10.24432/C5MC89),"pendiente (se asigna en Fase 3, semana 5)"
1970,Enrolled,,UCI id=697 (DOI 10.24432/C5MC89),"pendiente (se asigna en Fase 3, semana 5)"
1971,Graduate,0.0,UCI id=697 (DOI 10.24432/C5MC89),"pendiente (se asigna en Fase 3, semana 5)"
1972,Dropout,1.0,UCI id=697 (DOI 10.24432/C5MC89),"pendiente (se asigna en Fase 3, semana 5)"
1973,Graduate,0.0,UCI id=697 (DOI 10.24432/C5MC89),"pendiente (se asigna en Fase 3, semana 5)"
1974,Graduate,0.0,UCI id=697 (DOI 10.24432/C5MC89),"pendiente (se asigna en Fase 3, semana 5)"
1975,Dropout,1.0,UCI id=697 (DOI 10.24432/C5MC89),"pendiente (se asigna en Fase 3, semana 5)"
1976,Enrolled,,UCI id=697 (DOI 10.24432/C5MC89),"pendiente (se asigna en Fase 3, semana 5)"
1977,Graduate,0.0,UCI id=697 (DOI 10.24432/C5MC89),"pendiente (se asigna en Fase 3, semana 5)"
1978,Enrolled,,UCI id=697 (DOI 10.24432/C5MC89),"pendiente (se asigna en Fase 3, semana 5)"
1979,Graduate,0.0,UCI id=697 (DOI 10.24432/C5MC89),"pendiente (se asigna en Fase 3, semana 5)"
1980,Graduate,0.0,UCI id=697 (DOI 10.24432/C5MC89),"pendiente (se asigna en Fase 3, semana 5)"
1981,Graduate,0.0,UCI id=697 (DOI 10.24432/C5MC89),"pendiente (se asigna en Fase 3, semana 5)"
1982,Graduate,0.0,UCI id=697 (DOI 10.24432/C5MC89),"pendiente (se asigna en Fase 3, semana 5)"
1983,Graduate,0.0,UCI id=697 (DOI 10.24432/C5MC89),"pendiente (se asigna en Fase 3, semana 5)"
1984,Graduate,0.0,UCI id=697 (DOI 10.24432/C5MC89),"pendiente (se asigna en Fase 3, semana 5)"
1985,Graduate,0.0,UCI id=697 (DOI 10.24432/C5MC89),"pendiente (se asigna en Fase 3, semana 5)"
1986,Graduate,0.0,UCI id=697 (DOI 10.24432/C5MC89),"pendiente (se asigna en Fase 3, semana 5)"
1987,Enrolled,,UCI id=697 (DOI 10.24432/C5MC89),"pendiente (se asigna en Fase 3, semana 5)"
1988,Graduate,0.0,UCI id=697 (DOI 10.24432/C5MC89),"pendiente (se asigna en Fase 3, semana 5)"
1989,Enrolled,,UCI id=697 (DOI 10.24432/C5MC89),"pendiente (se asigna en Fase 3, semana 5)"
1990,Graduate,0.0,UCI id=697 (DOI 10.24432/C5MC89),"pendiente (se asigna en Fase 3, semana 5)"
1991,Dropout,1.0,UCI id=697 (DOI 10.24432/C5MC89),"pendiente (se asigna en Fase 3, semana 5)"
1992,Enrolled,,UCI id=697 (DOI 10.24432/C5MC89),"pendiente (se asigna en Fase 3, semana 5)"
1993,Graduate,0.0,UCI id=697 (DOI 10.24432/C5MC89),"pendiente (se asigna en Fase 3, semana 5)"
1994,Dropout,1.0,UCI id=697 (DOI 10.24432/C5MC89),"pendiente (se asigna en Fase 3, semana 5)"
1995,Graduate,0.0,UCI id=697 (DOI 10.24432/C5MC89),"pendiente (se asigna en Fase 3, semana 5)"
1996,Graduate,0.0,UCI id=697 (DOI 10.24432/C5MC89),"pendiente (se asigna en Fase 3, semana 5)"
1997,Graduate,0.0,UCI id=697 (DOI 10.24432/C5MC89),"pendiente (se asigna en Fase 3, semana 5)"
1998,Dropout,1.0,UCI id=697 (DOI 10.24432/C5MC89),"pendiente (se asigna en Fase 3, semana 5)"
1999,Graduate,0.0,UCI id=697 (DOI 10.24432/C5MC89),"pendiente (se asigna en Fase 3, semana 5)"
2000,Dropout,1.0,UCI id=697 (DOI 10.24432/C5MC89),"pendiente (se asigna en Fase 3, semana 5)"
2001,Dropout,1.0,UCI id=697 (DOI 10.24432/C5MC89),"pendiente (se asigna en Fase 3, semana 5)"
2002,Graduate,0.0,UCI id=697 (DOI 10.24432/C5MC89),"pendiente (se asigna en Fase 3, semana 5)"
2003,Dropout,1.0,UCI id=697 (DOI 10.24432/C5MC89),"pendiente (se asigna en Fase 3, semana 5)"
2004,Dropout,1.0,UCI id=697 (DOI 10.24432/C5MC89),"pendiente (se asigna en Fase 3, semana 5)"
2005,Graduate,0.0,UCI id=697 (DOI 10.24432/C5MC89),"pendiente (se asigna en Fase 3, semana 5)"
2006,Graduate,0.0,UCI id=697 (DOI 10.24432/C5MC89),"pendiente (se asigna en Fase 3, semana 5)"
2007,Graduate,0.0,UCI id=697 (DOI 10.24432/C5MC89),"pendiente (se asigna en Fase 3, semana 5)"
2008,Graduate,0.0,UCI id=697 (DOI 10.24432/C5MC89),"pendiente (se asigna en Fase 3, semana 5)"
2009,Dropout,1.0,UCI id=697 (DOI 10.24432/C5MC89),"pendiente (se asigna en Fase 3, semana 5)"
2010,Graduate,0.0,UCI id=697 (DOI 10.24432/C5MC89),"pendiente (se asigna en Fase 3, semana 5)"
2011,Graduate,0.0,UCI id=697 (DOI 10.24432/C5MC89),"pendiente (se asigna en Fase 3, semana 5)"
2012,Dropout,1.0,UCI id=697 (DOI 10.24432/C5MC89),"pendiente (se asigna en Fase 3, semana 5)"
2013,Dropout,1.0,UCI id=697 (DOI 10.24432/C5MC89),"pendiente (se asigna en Fase 3, semana 5)"
2014,Dropout,1.0,UCI id=697 (DOI 10.24432/C5MC89),"pendiente (se asigna en Fase 3, semana 5)"
2015,Graduate,0.0,UCI id=697 (DOI 10.24432/C5MC89),"pendiente (se asigna en Fase 3, semana 5)"
2016,Graduate,0.0,UCI id=697 (DOI 10.24432/C5MC89),"pendiente (se asigna en Fase 3, semana 5)"
2017,Graduate,0.0,UCI id=697 (DOI 10.24432/C5MC89),"pendiente (se asigna en Fase 3, semana 5)"
2018,Enrolled,,UCI id=697 (DOI 10.24432/C5MC89),"pendiente (se asigna en Fase 3, semana 5)"
2019,Graduate,0.0,UCI id=697 (DOI 10.24432/C5MC89),"pendiente (se asigna en Fase 3, semana 5)"
2020,Dropout,1.0,UCI id=697 (DOI 10.24432/C5MC89),"pendiente (se asigna en Fase 3, semana 5)"
2021,Dropout,1.0,UCI id=697 (DOI 10.24432/C5MC89),"pendiente (se asigna en Fase 3, semana 5)"
2022,Dropout,1.0,UCI id=697 (DOI 10.24432/C5MC89),"pendiente (se asigna en Fase 3, semana 5)"
2023,Graduate,0.0,UCI id=697 (DOI 10.24432/C5MC89),"pendiente (se asigna en Fase 3, semana 5)"
2024,Enrolled,,UCI id=697 (DOI 10.24432/C5MC89),"pendiente (se asigna en Fase 3, semana 5)"
2025,Graduate,0.0,UCI id=697 (DOI 10.24432/C5MC89),"pendiente (se asigna en Fase 3, semana 5)"
2026,Graduate,0.0,UCI id=697 (DOI 10.24432/C5MC89),"pendiente (se asigna en Fase 3, semana 5)"
2027,Enrolled,,UCI id=697 (DOI 10.24432/C5MC89),"pendiente (se asigna en Fase 3, semana 5)"
2028,Graduate,0.0,UCI id=697 (DOI 10.24432/C5MC89),"pendiente (se asigna en Fase 3, semana 5)"
2029,Graduate,0.0,UCI id=697 (DOI 10.24432/C5MC89),"pendiente (se asigna en Fase 3, semana 5)"
2030,Graduate,0.0,UCI id=697 (DOI 10.24432/C5MC89),"pendiente (se asigna en Fase 3, semana 5)"
2031,Dropout,1.0,UCI id=697 (DOI 10.24432/C5MC89),"pendiente (se asigna en Fase 3, semana 5)"
2032,Graduate,0.0,UCI id=697 (DOI 10.24432/C5MC89),"pendiente (se asigna en Fase 3, semana 5)"
2033,Dropout,1.0,UCI id=697 (DOI 10.24432/C5MC89),"pendiente (se asigna en Fase 3, semana 5)"
2034,Graduate,0.0,UCI id=697 (DOI 10.24432/C5MC89),"pendiente (se asigna en Fase 3, semana 5)"
2035,Enrolled,,UCI id=697 (DOI 10.24432/C5MC89),"pendiente (se asigna en Fase 3, semana 5)"
2036,Dropout,1.0,UCI id=697 (DOI 10.24432/C5MC89),"pendiente (se asigna en Fase 3, semana 5)"
2037,Dropout,1.0,UCI id=697 (DOI 10.24432/C5MC89),"pendiente (se asigna en Fase 3, semana 5)"
2038,Graduate,0.0,UCI id=697 (DOI 10.24432/C5MC89),"pendiente (se asigna en Fase 3, semana 5)"
2039,Graduate,0.0,UCI id=697 (DOI 10.24432/C5MC89),"pendiente (se asigna en Fase 3, semana 5)"
2040,Dropout,1.0,UCI id=697 (DOI 10.24432/C5MC89),"pendiente (se asigna en Fase 3, semana 5)"
2041,Graduate,0.0,UCI id=697 (DOI 10.24432/C5MC89),"pendiente (se asigna en Fase 3, semana 5)"
2042,Graduate,0.0,UCI id=697 (DOI 10.24432/C5MC89),"pendiente (se asigna en Fase 3, semana 5)"
2043,Graduate,0.0,UCI id=697 (DOI 10.24432/C5MC89),"pendiente (se asigna en Fase 3, semana 5)"
2044,Graduate,0.0,UCI id=697 (DOI 10.24432/C5MC89),"pendiente (se asigna en Fase 3, semana 5)"
2045,Graduate,0.0,UCI id=697 (DOI 10.24432/C5MC89),"pendiente (se asigna en Fase 3, semana 5)"
2046,Dropout,1.0,UCI id=697 (DOI 10.24432/C5MC89),"pendiente (se asigna en Fase 3, semana 5)"
2047,Dropout,1.0,UCI id=697 (DOI 10.24432/C5MC89),"pendiente (se asigna en Fase 3, semana 5)"
2048,Graduate,0.0,UCI id=697 (DOI 10.24432/C5MC89),"pendiente (se asigna en Fase 3, semana 5)"
2049,Graduate,0.0,UCI id=697 (DOI 10.24432/C5MC89),"pendiente (se asigna en Fase 3, semana 5)"
2050,Graduate,0.0,UCI id=697 (DOI 10.24432/C5MC89),"pendiente (se asigna en Fase 3, semana 5)"
2051,Graduate,0.0,UCI id=697 (DOI 10.24432/C5MC89),"pendiente (se asigna en Fase 3, semana 5)"
2052,Dropout,1.0,UCI id=697 (DOI 10.24432/C5MC89),"pendiente (se asigna en Fase 3, semana 5)"
2053,Enrolled,,UCI id=697 (DOI 10.24432/C5MC89),"pendiente (se asigna en Fase 3, semana 5)"
2054,Graduate,0.0,UCI id=697 (DOI 10.24432/C5MC89),"pendiente (se asigna en Fase 3, semana 5)"
2055,Graduate,0.0,UCI id=697 (DOI 10.24432/C5MC89),"pendiente (se asigna en Fase 3, semana 5)"
2056,Graduate,0.0,UCI id=697 (DOI 10.24432/C5MC89),"pendiente (se asigna en Fase 3, semana 5)"
2057,Enrolled,,UCI id=697 (DOI 10.24432/C5MC89),"pendiente (se asigna en Fase 3, semana 5)"
2058,Graduate,0.0,UCI id=697 (DOI 10.24432/C5MC89),"pendiente (se asigna en Fase 3, semana 5)"
2059,Dropout,1.0,UCI id=697 (DOI 10.24432/C5MC89),"pendiente (se asigna en Fase 3, semana 5)"
2060,Graduate,0.0,UCI id=697 (DOI 10.24432/C5MC89),"pendiente (se asigna en Fase 3, semana 5)"
2061,Graduate,0.0,UCI id=697 (DOI 10.24432/C5MC89),"pendiente (se asigna en Fase 3, semana 5)"
2062,Graduate,0.0,UCI id=697 (DOI 10.24432/C5MC89),"pendiente (se asigna en Fase 3, semana 5)"
2063,Graduate,0.0,UCI id=697 (DOI 10.24432/C5MC89),"pendiente (se asigna en Fase 3, semana 5)"
2064,Graduate,0.0,UCI id=697 (DOI 10.24432/C5MC89),"pendiente (se asigna en Fase 3, semana 5)"
2065,Graduate,0.0,UCI id=697 (DOI 10.24432/C5MC89),"pendiente (se asigna en Fase 3, semana 5)"
2066,Graduate,0.0,UCI id=697 (DOI 10.24432/C5MC89),"pendiente (se asigna en Fase 3, semana 5)"
2067,Graduate,0.0,UCI id=697 (DOI 10.24432/C5MC89),"pendiente (se asigna en Fase 3, semana 5)"
2068,Enrolled,,UCI id=697 (DOI 10.24432/C5MC89),"pendiente (se asigna en Fase 3, semana 5)"
2069,Dropout,1.0,UCI id=697 (DOI 10.24432/C5MC89),"pendiente (se asigna en Fase 3, semana 5)"
2070,Graduate,0.0,UCI id=697 (DOI 10.24432/C5MC89),"pendiente (se asigna en Fase 3, semana 5)"
2071,Graduate,0.0,UCI id=697 (DOI 10.24432/C5MC89),"pendiente (se asigna en Fase 3, semana 5)"
2072,Graduate,0.0,UCI id=697 (DOI 10.24432/C5MC89),"pendiente (se asigna en Fase 3, semana 5)"
2073,Graduate,0.0,UCI id=697 (DOI 10.24432/C5MC89),"pendiente (se asigna en Fase 3, semana 5)"
2074,Graduate,0.0,UCI id=697 (DOI 10.24432/C5MC89),"pendiente (se asigna en Fase 3, semana 5)"
2075,Graduate,0.0,UCI id=697 (DOI 10.24432/C5MC89),"pendiente (se asigna en Fase 3, semana 5)"
2076,Graduate,0.0,UCI id=697 (DOI 10.24432/C5MC89),"pendiente (se asigna en Fase 3, semana 5)"
2077,Graduate,0.0,UCI id=697 (DOI 10.24432/C5MC89),"pendiente (se asigna en Fase 3, semana 5)"
2078,Graduate,0.0,UCI id=697 (DOI 10.24432/C5MC89),"pendiente (se asigna en Fase 3, semana 5)"
2079,Graduate,0.0,UCI id=697 (DOI 10.24432/C5MC89),"pendiente (se asigna en Fase 3, semana 5)"
2080,Graduate,0.0,UCI id=697 (DOI 10.24432/C5MC89),"pendiente (se asigna en Fase 3, semana 5)"
2081,Graduate,0.0,UCI id=697 (DOI 10.24432/C5MC89),"pendiente (se asigna en Fase 3, semana 5)"
2082,Graduate,0.0,UCI id=697 (DOI 10.24432/C5MC89),"pendiente (se asigna en Fase 3, semana 5)"
2083,Graduate,0.0,UCI id=697 (DOI 10.24432/C5MC89),"pendiente (se asigna en Fase 3, semana 5)"
2084,Graduate,0.0,UCI id=697 (DOI 10.24432/C5MC89),"pendiente (se asigna en Fase 3, semana 5)"
2085,Dropout,1.0,UCI id=697 (DOI 10.24432/C5MC89),"pendiente (se asigna en Fase 3, semana 5)"
2086,Dropout,1.0,UCI id=697 (DOI 10.24432/C5MC89),"pendiente (se asigna en Fase 3, semana 5)"
2087,Dropout,1.0,UCI id=697 (DOI 10.24432/C5MC89),"pendiente (se asigna en Fase 3, semana 5)"
2088,Graduate,0.0,UCI id=697 (DOI 10.24432/C5MC89),"pendiente (se asigna en Fase 3, semana 5)"
2089,Dropout,1.0,UCI id=697 (DOI 10.24432/C5MC89),"pendiente (se asigna en Fase 3, semana 5)"
2090,Graduate,0.0,UCI id=697 (DOI 10.24432/C5MC89),"pendiente (se asigna en Fase 3, semana 5)"
2091,Enrolled,,UCI id=697 (DOI 10.24432/C5MC89),"pendiente (se asigna en Fase 3, semana 5)"
2092,Graduate,0.0,UCI id=697 (DOI 10.24432/C5MC89),"pendiente (se asigna en Fase 3, semana 5)"
2093,Graduate,0.0,UCI id=697 (DOI 10.24432/C5MC89),"pendiente (se asigna en Fase 3, semana 5)"
2094,Dropout,1.0,UCI id=697 (DOI 10.24432/C5MC89),"pendiente (se asigna en Fase 3, semana 5)"
2095,Graduate,0.0,UCI id=697 (DOI 10.24432/C5MC89),"pendiente (se asigna en Fase 3, semana 5)"
2096,Dropout,1.0,UCI id=697 (DOI 10.24432/C5MC89),"pendiente (se asigna en Fase 3, semana 5)"
2097,Graduate,0.0,UCI id=697 (DOI 10.24432/C5MC89),"pendiente (se asigna en Fase 3, semana 5)"
2098,Graduate,0.0,UCI id=697 (DOI 10.24432/C5MC89),"pendiente (se asigna en Fase 3, semana 5)"
2099,Dropout,1.0,UCI id=697 (DOI 10.24432/C5MC89),"pendiente (se asigna en Fase 3, semana 5)"
2100,Enrolled,,UCI id=697 (DOI 10.24432/C5MC89),"pendiente (se asigna en Fase 3, semana 5)"
2101,Graduate,0.0,UCI id=697 (DOI 10.24432/C5MC89),"pendiente (se asigna en Fase 3, semana 5)"
2102,Graduate,0.0,UCI id=697 (DOI 10.24432/C5MC89),"pendiente (se asigna en Fase 3, semana 5)"
2103,Dropout,1.0,UCI id=697 (DOI 10.24432/C5MC89),"pendiente (se asigna en Fase 3, semana 5)"
2104,Graduate,0.0,UCI id=697 (DOI 10.24432/C5MC89),"pendiente (se asigna en Fase 3, semana 5)"
2105,Enrolled,,UCI id=697 (DOI 10.24432/C5MC89),"pendiente (se asigna en Fase 3, semana 5)"
2106,Enrolled,,UCI id=697 (DOI 10.24432/C5MC89),"pendiente (se asigna en Fase 3, semana 5)"
2107,Graduate,0.0,UCI id=697 (DOI 10.24432/C5MC89),"pendiente (se asigna en Fase 3, semana 5)"
2108,Enrolled,,UCI id=697 (DOI 10.24432/C5MC89),"pendiente (se asigna en Fase 3, semana 5)"
2109,Graduate,0.0,UCI id=697 (DOI 10.24432/C5MC89),"pendiente (se asigna en Fase 3, semana 5)"
2110,Enrolled,,UCI id=697 (DOI 10.24432/C5MC89),"pendiente (se asigna en Fase 3, semana 5)"
2111,Graduate,0.0,UCI id=697 (DOI 10.24432/C5MC89),"pendiente (se asigna en Fase 3, semana 5)"
2112,Graduate,0.0,UCI id=697 (DOI 10.24432/C5MC89),"pendiente (se asigna en Fase 3, semana 5)"
2113,Graduate,0.0,UCI id=697 (DOI 10.24432/C5MC89),"pendiente (se asigna en Fase 3, semana 5)"
2114,Dropout,1.0,UCI id=697 (DOI 10.24432/C5MC89),"pendiente (se asigna en Fase 3, semana 5)"
2115,Dropout,1.0,UCI id=697 (DOI 10.24432/C5MC89),"pendiente (se asigna en Fase 3, semana 5)"
2116,Graduate,0.0,UCI id=697 (DOI 10.24432/C5MC89),"pendiente (se asigna en Fase 3, semana 5)"
2117,Dropout,1.0,UCI id=697 (DOI 10.24432/C5MC89),"pendiente (se asigna en Fase 3, semana 5)"
2118,Graduate,0.0,UCI id=697 (DOI 10.24432/C5MC89),"pendiente (se asigna en Fase 3, semana 5)"
2119,Enrolled,,UCI id=697 (DOI 10.24432/C5MC89),"pendiente (se asigna en Fase 3, semana 5)"
2120,Dropout,1.0,UCI id=697 (DOI 10.24432/C5MC89),"pendiente (se asigna en Fase 3, semana 5)"
2121,Graduate,0.0,UCI id=697 (DOI 10.24432/C5MC89),"pendiente (se asigna en Fase 3, semana 5)"
2122,Graduate,0.0,UCI id=697 (DOI 10.24432/C5MC89),"pendiente (se asigna en Fase 3, semana 5)"
2123,Dropout,1.0,UCI id=697 (DOI 10.24432/C5MC89),"pendiente (se asigna en Fase 3, semana 5)"
2124,Graduate,0.0,UCI id=697 (DOI 10.24432/C5MC89),"pendiente (se asigna en Fase 3, semana 5)"
2125,Dropout,1.0,UCI id=697 (DOI 10.24432/C5MC89),"pendiente (se asigna en Fase 3, semana 5)"
2126,Dropout,1.0,UCI id=697 (DOI 10.24432/C5MC89),"pendiente (se asigna en Fase 3, semana 5)"
2127,Dropout,1.0,UCI id=697 (DOI 10.24432/C5MC89),"pendiente (se asigna en Fase 3, semana 5)"
2128,Dropout,1.0,UCI id=697 (DOI 10.24432/C5MC89),"pendiente (se asigna en Fase 3, semana 5)"
2129,Graduate,0.0,UCI id=697 (DOI 10.24432/C5MC89),"pendiente (se asigna en Fase 3, semana 5)"
2130,Enrolled,,UCI id=697 (DOI 10.24432/C5MC89),"pendiente (se asigna en Fase 3, semana 5)"
2131,Graduate,0.0,UCI id=697 (DOI 10.24432/C5MC89),"pendiente (se asigna en Fase 3, semana 5)"
2132,Graduate,0.0,UCI id=697 (DOI 10.24432/C5MC89),"pendiente (se asigna en Fase 3, semana 5)"
2133,Graduate,0.0,UCI id=697 (DOI 10.24432/C5MC89),"pendiente (se asigna en Fase 3, semana 5)"
2134,Graduate,0.0,UCI id=697 (DOI 10.24432/C5MC89),"pendiente (se asigna en Fase 3, semana 5)"
2135,Dropout,1.0,UCI id=697 (DOI 10.24432/C5MC89),"pendiente (se asigna en Fase 3, semana 5)"
2136,Graduate,0.0,UCI id=697 (DOI 10.24432/C5MC89),"pendiente (se asigna en Fase 3, semana 5)"
2137,Graduate,0.0,UCI id=697 (DOI 10.24432/C5MC89),"pendiente (se asigna en Fase 3, semana 5)"
2138,Graduate,0.0,UCI id=697 (DOI 10.24432/C5MC89),"pendiente (se asigna en Fase 3, semana 5)"
2139,Dropout,1.0,UCI id=697 (DOI 10.24432/C5MC89),"pendiente (se asigna en Fase 3, semana 5)"
2140,Enrolled,,UCI id=697 (DOI 10.24432/C5MC89),"pendiente (se asigna en Fase 3, semana 5)"
2141,Graduate,0.0,UCI id=697 (DOI 10.24432/C5MC89),"pendiente (se asigna en Fase 3, semana 5)"
2142,Graduate,0.0,UCI id=697 (DOI 10.24432/C5MC89),"pendiente (se asigna en Fase 3, semana 5)"
2143,Graduate,0.0,UCI id=697 (DOI 10.24432/C5MC89),"pendiente (se asigna en Fase 3, semana 5)"
2144,Graduate,0.0,UCI id=697 (DOI 10.24432/C5MC89),"pendiente (se asigna en Fase 3, semana 5)"
2145,Enrolled,,UCI id=697 (DOI 10.24432/C5MC89),"pendiente (se asigna en Fase 3, semana 5)"
2146,Graduate,0.0,UCI id=697 (DOI 10.24432/C5MC89),"pendiente (se asigna en Fase 3, semana 5)"
2147,Graduate,0.0,UCI id=697 (DOI 10.24432/C5MC89),"pendiente (se asigna en Fase 3, semana 5)"
2148,Graduate,0.0,UCI id=697 (DOI 10.24432/C5MC89),"pendiente (se asigna en Fase 3, semana 5)"
2149,Graduate,0.0,UCI id=697 (DOI 10.24432/C5MC89),"pendiente (se asigna en Fase 3, semana 5)"
2150,Graduate,0.0,UCI id=697 (DOI 10.24432/C5MC89),"pendiente (se asigna en Fase 3, semana 5)"
2151,Enrolled,,UCI id=697 (DOI 10.24432/C5MC89),"pendiente (se asigna en Fase 3, semana 5)"
2152,Graduate,0.0,UCI id=697 (DOI 10.24432/C5MC89),"pendiente (se asigna en Fase 3, semana 5)"
2153,Graduate,0.0,UCI id=697 (DOI 10.24432/C5MC89),"pendiente (se asigna en Fase 3, semana 5)"
2154,Graduate,0.0,UCI id=697 (DOI 10.24432/C5MC89),"pendiente (se asigna en Fase 3, semana 5)"
2155,Graduate,0.0,UCI id=697 (DOI 10.24432/C5MC89),"pendiente (se asigna en Fase 3, semana 5)"
2156,Enrolled,,UCI id=697 (DOI 10.24432/C5MC89),"pendiente (se asigna en Fase 3, semana 5)"
2157,Graduate,0.0,UCI id=697 (DOI 10.24432/C5MC89),"pendiente (se asigna en Fase 3, semana 5)"
2158,Graduate,0.0,UCI id=697 (DOI 10.24432/C5MC89),"pendiente (se asigna en Fase 3, semana 5)"
2159,Dropout,1.0,UCI id=697 (DOI 10.24432/C5MC89),"pendiente (se asigna en Fase 3, semana 5)"
2160,Graduate,0.0,UCI id=697 (DOI 10.24432/C5MC89),"pendiente (se asigna en Fase 3, semana 5)"
2161,Dropout,1.0,UCI id=697 (DOI 10.24432/C5MC89),"pendiente (se asigna en Fase 3, semana 5)"
2162,Dropout,1.0,UCI id=697 (DOI 10.24432/C5MC89),"pendiente (se asigna en Fase 3, semana 5)"
2163,Graduate,0.0,UCI id=697 (DOI 10.24432/C5MC89),"pendiente (se asigna en Fase 3, semana 5)"
2164,Graduate,0.0,UCI id=697 (DOI 10.24432/C5MC89),"pendiente (se asigna en Fase 3, semana 5)"
2165,Graduate,0.0,UCI id=697 (DOI 10.24432/C5MC89),"pendiente (se asigna en Fase 3, semana 5)"
2166,Graduate,0.0,UCI id=697 (DOI 10.24432/C5MC89),"pendiente (se asigna en Fase 3, semana 5)"
2167,Graduate,0.0,UCI id=697 (DOI 10.24432/C5MC89),"pendiente (se asigna en Fase 3, semana 5)"
2168,Graduate,0.0,UCI id=697 (DOI 10.24432/C5MC89),"pendiente (se asigna en Fase 3, semana 5)"
2169,Graduate,0.0,UCI id=697 (DOI 10.24432/C5MC89),"pendiente (se asigna en Fase 3, semana 5)"
2170,Graduate,0.0,UCI id=697 (DOI 10.24432/C5MC89),"pendiente (se asigna en Fase 3, semana 5)"
2171,Graduate,0.0,UCI id=697 (DOI 10.24432/C5MC89),"pendiente (se asigna en Fase 3, semana 5)"
2172,Graduate,0.0,UCI id=697 (DOI 10.24432/C5MC89),"pendiente (se asigna en Fase 3, semana 5)"
2173,Dropout,1.0,UCI id=697 (DOI 10.24432/C5MC89),"pendiente (se asigna en Fase 3, semana 5)"
2174,Graduate,0.0,UCI id=697 (DOI 10.24432/C5MC89),"pendiente (se asigna en Fase 3, semana 5)"
2175,Graduate,0.0,UCI id=697 (DOI 10.24432/C5MC89),"pendiente (se asigna en Fase 3, semana 5)"
2176,Graduate,0.0,UCI id=697 (DOI 10.24432/C5MC89),"pendiente (se asigna en Fase 3, semana 5)"
2177,Dropout,1.0,UCI id=697 (DOI 10.24432/C5MC89),"pendiente (se asigna en Fase 3, semana 5)"
2178,Graduate,0.0,UCI id=697 (DOI 10.24432/C5MC89),"pendiente (se asigna en Fase 3, semana 5)"
2179,Graduate,0.0,UCI id=697 (DOI 10.24432/C5MC89),"pendiente (se asigna en Fase 3, semana 5)"
2180,Dropout,1.0,UCI id=697 (DOI 10.24432/C5MC89),"pendiente (se asigna en Fase 3, semana 5)"
2181,Graduate,0.0,UCI id=697 (DOI 10.24432/C5MC89),"pendiente (se asigna en Fase 3, semana 5)"
2182,Graduate,0.0,UCI id=697 (DOI 10.24432/C5MC89),"pendiente (se asigna en Fase 3, semana 5)"
2183,Dropout,1.0,UCI id=697 (DOI 10.24432/C5MC89),"pendiente (se asigna en Fase 3, semana 5)"
2184,Enrolled,,UCI id=697 (DOI 10.24432/C5MC89),"pendiente (se asigna en Fase 3, semana 5)"
2185,Graduate,0.0,UCI id=697 (DOI 10.24432/C5MC89),"pendiente (se asigna en Fase 3, semana 5)"
2186,Enrolled,,UCI id=697 (DOI 10.24432/C5MC89),"pendiente (se asigna en Fase 3, semana 5)"
2187,Graduate,0.0,UCI id=697 (DOI 10.24432/C5MC89),"pendiente (se asigna en Fase 3, semana 5)"
2188,Graduate,0.0,UCI id=697 (DOI 10.24432/C5MC89),"pendiente (se asigna en Fase 3, semana 5)"
2189,Dropout,1.0,UCI id=697 (DOI 10.24432/C5MC89),"pendiente (se asigna en Fase 3, semana 5)"
2190,Enrolled,,UCI id=697 (DOI 10.24432/C5MC89),"pendiente (se asigna en Fase 3, semana 5)"
2191,Dropout,1.0,UCI id=697 (DOI 10.24432/C5MC89),"pendiente (se asigna en Fase 3, semana 5)"
2192,Dropout,1.0,UCI id=697 (DOI 10.24432/C5MC89),"pendiente (se asigna en Fase 3, semana 5)"
2193,Enrolled,,UCI id=697 (DOI 10.24432/C5MC89),"pendiente (se asigna en Fase 3, semana 5)"
2194,Graduate,0.0,UCI id=697 (DOI 10.24432/C5MC89),"pendiente (se asigna en Fase 3, semana 5)"
2195,Enrolled,,UCI id=697 (DOI 10.24432/C5MC89),"pendiente (se asigna en Fase 3, semana 5)"
2196,Enrolled,,UCI id=697 (DOI 10.24432/C5MC89),"pendiente (se asigna en Fase 3, semana 5)"
2197,Enrolled,,UCI id=697 (DOI 10.24432/C5MC89),"pendiente (se asigna en Fase 3, semana 5)"
2198,Dropout,1.0,UCI id=697 (DOI 10.24432/C5MC89),"pendiente (se asigna en Fase 3, semana 5)"
2199,Dropout,1.0,UCI id=697 (DOI 10.24432/C5MC89),"pendiente (se asigna en Fase 3, semana 5)"
2200,Dropout,1.0,UCI id=697 (DOI 10.24432/C5MC89),"pendiente (se asigna en Fase 3, semana 5)"
2201,Graduate,0.0,UCI id=697 (DOI 10.24432/C5MC89),"pendiente (se asigna en Fase 3, semana 5)"
2202,Graduate,0.0,UCI id=697 (DOI 10.24432/C5MC89),"pendiente (se asigna en Fase 3, semana 5)"
2203,Dropout,1.0,UCI id=697 (DOI 10.24432/C5MC89),"pendiente (se asigna en Fase 3, semana 5)"
2204,Graduate,0.0,UCI id=697 (DOI 10.24432/C5MC89),"pendiente (se asigna en Fase 3, semana 5)"
2205,Enrolled,,UCI id=697 (DOI 10.24432/C5MC89),"pendiente (se asigna en Fase 3, semana 5)"
2206,Dropout,1.0,UCI id=697 (DOI 10.24432/C5MC89),"pendiente (se asigna en Fase 3, semana 5)"
2207,Enrolled,,UCI id=697 (DOI 10.24432/C5MC89),"pendiente (se asigna en Fase 3, semana 5)"
2208,Enrolled,,UCI id=697 (DOI 10.24432/C5MC89),"pendiente (se asigna en Fase 3, semana 5)"
2209,Dropout,1.0,UCI id=697 (DOI 10.24432/C5MC89),"pendiente (se asigna en Fase 3, semana 5)"
2210,Graduate,0.0,UCI id=697 (DOI 10.24432/C5MC89),"pendiente (se asigna en Fase 3, semana 5)"
2211,Graduate,0.0,UCI id=697 (DOI 10.24432/C5MC89),"pendiente (se asigna en Fase 3, semana 5)"
2212,Enrolled,,UCI id=697 (DOI 10.24432/C5MC89),"pendiente (se asigna en Fase 3, semana 5)"
2213,Dropout,1.0,UCI id=697 (DOI 10.24432/C5MC89),"pendiente (se asigna en Fase 3, semana 5)"
2214,Graduate,0.0,UCI id=697 (DOI 10.24432/C5MC89),"pendiente (se asigna en Fase 3, semana 5)"
2215,Enrolled,,UCI id=697 (DOI 10.24432/C5MC89),"pendiente (se asigna en Fase 3, semana 5)"
2216,Graduate,0.0,UCI id=697 (DOI 10.24432/C5MC89),"pendiente (se asigna en Fase 3, semana 5)"
2217,Dropout,1.0,UCI id=697 (DOI 10.24432/C5MC89),"pendiente (se asigna en Fase 3, semana 5)"
2218,Graduate,0.0,UCI id=697 (DOI 10.24432/C5MC89),"pendiente (se asigna en Fase 3, semana 5)"
2219,Graduate,0.0,UCI id=697 (DOI 10.24432/C5MC89),"pendiente (se asigna en Fase 3, semana 5)"
2220,Graduate,0.0,UCI id=697 (DOI 10.24432/C5MC89),"pendiente (se asigna en Fase 3, semana 5)"
2221,Graduate,0.0,UCI id=697 (DOI 10.24432/C5MC89),"pendiente (se asigna en Fase 3, semana 5)"
2222,Enrolled,,UCI id=697 (DOI 10.24432/C5MC89),"pendiente (se asigna en Fase 3, semana 5)"
2223,Dropout,1.0,UCI id=697 (DOI 10.24432/C5MC89),"pendiente (se asigna en Fase 3, semana 5)"
2224,Graduate,0.0,UCI id=697 (DOI 10.24432/C5MC89),"pendiente (se asigna en Fase 3, semana 5)"
2225,Dropout,1.0,UCI id=697 (DOI 10.24432/C5MC89),"pendiente (se asigna en Fase 3, semana 5)"
2226,Graduate,0.0,UCI id=697 (DOI 10.24432/C5MC89),"pendiente (se asigna en Fase 3, semana 5)"
2227,Dropout,1.0,UCI id=697 (DOI 10.24432/C5MC89),"pendiente (se asigna en Fase 3, semana 5)"
2228,Dropout,1.0,UCI id=697 (DOI 10.24432/C5MC89),"pendiente (se asigna en Fase 3, semana 5)"
2229,Graduate,0.0,UCI id=697 (DOI 10.24432/C5MC89),"pendiente (se asigna en Fase 3, semana 5)"
2230,Graduate,0.0,UCI id=697 (DOI 10.24432/C5MC89),"pendiente (se asigna en Fase 3, semana 5)"
2231,Dropout,1.0,UCI id=697 (DOI 10.24432/C5MC89),"pendiente (se asigna en Fase 3, semana 5)"
2232,Dropout,1.0,UCI id=697 (DOI 10.24432/C5MC89),"pendiente (se asigna en Fase 3, semana 5)"
2233,Dropout,1.0,UCI id=697 (DOI 10.24432/C5MC89),"pendiente (se asigna en Fase 3, semana 5)"
2234,Enrolled,,UCI id=697 (DOI 10.24432/C5MC89),"pendiente (se asigna en Fase 3, semana 5)"
2235,Graduate,0.0,UCI id=697 (DOI 10.24432/C5MC89),"pendiente (se asigna en Fase 3, semana 5)"
2236,Enrolled,,UCI id=697 (DOI 10.24432/C5MC89),"pendiente (se asigna en Fase 3, semana 5)"
2237,Dropout,1.0,UCI id=697 (DOI 10.24432/C5MC89),"pendiente (se asigna en Fase 3, semana 5)"
2238,Enrolled,,UCI id=697 (DOI 10.24432/C5MC89),"pendiente (se asigna en Fase 3, semana 5)"
2239,Enrolled,,UCI id=697 (DOI 10.24432/C5MC89),"pendiente (se asigna en Fase 3, semana 5)"
2240,Graduate,0.0,UCI id=697 (DOI 10.24432/C5MC89),"pendiente (se asigna en Fase 3, semana 5)"
2241,Enrolled,,UCI id=697 (DOI 10.24432/C5MC89),"pendiente (se asigna en Fase 3, semana 5)"
2242,Enrolled,,UCI id=697 (DOI 10.24432/C5MC89),"pendiente (se asigna en Fase 3, semana 5)"
2243,Graduate,0.0,UCI id=697 (DOI 10.24432/C5MC89),"pendiente (se asigna en Fase 3, semana 5)"
2244,Dropout,1.0,UCI id=697 (DOI 10.24432/C5MC89),"pendiente (se asigna en Fase 3, semana 5)"
2245,Graduate,0.0,UCI id=697 (DOI 10.24432/C5MC89),"pendiente (se asigna en Fase 3, semana 5)"
2246,Enrolled,,UCI id=697 (DOI 10.24432/C5MC89),"pendiente (se asigna en Fase 3, semana 5)"
2247,Enrolled,,UCI id=697 (DOI 10.24432/C5MC89),"pendiente (se asigna en Fase 3, semana 5)"
2248,Dropout,1.0,UCI id=697 (DOI 10.24432/C5MC89),"pendiente (se asigna en Fase 3, semana 5)"
2249,Graduate,0.0,UCI id=697 (DOI 10.24432/C5MC89),"pendiente (se asigna en Fase 3, semana 5)"
2250,Dropout,1.0,UCI id=697 (DOI 10.24432/C5MC89),"pendiente (se asigna en Fase 3, semana 5)"
2251,Dropout,1.0,UCI id=697 (DOI 10.24432/C5MC89),"pendiente (se asigna en Fase 3, semana 5)"
2252,Dropout,1.0,UCI id=697 (DOI 10.24432/C5MC89),"pendiente (se asigna en Fase 3, semana 5)"
2253,Dropout,1.0,UCI id=697 (DOI 10.24432/C5MC89),"pendiente (se asigna en Fase 3, semana 5)"
2254,Dropout,1.0,UCI id=697 (DOI 10.24432/C5MC89),"pendiente (se asigna en Fase 3, semana 5)"
2255,Dropout,1.0,UCI id=697 (DOI 10.24432/C5MC89),"pendiente (se asigna en Fase 3, semana 5)"
2256,Dropout,1.0,UCI id=697 (DOI 10.24432/C5MC89),"pendiente (se asigna en Fase 3, semana 5)"
2257,Enrolled,,UCI id=697 (DOI 10.24432/C5MC89),"pendiente (se asigna en Fase 3, semana 5)"
2258,Dropout,1.0,UCI id=697 (DOI 10.24432/C5MC89),"pendiente (se asigna en Fase 3, semana 5)"
2259,Graduate,0.0,UCI id=697 (DOI 10.24432/C5MC89),"pendiente (se asigna en Fase 3, semana 5)"
2260,Enrolled,,UCI id=697 (DOI 10.24432/C5MC89),"pendiente (se asigna en Fase 3, semana 5)"
2261,Dropout,1.0,UCI id=697 (DOI 10.24432/C5MC89),"pendiente (se asigna en Fase 3, semana 5)"
2262,Dropout,1.0,UCI id=697 (DOI 10.24432/C5MC89),"pendiente (se asigna en Fase 3, semana 5)"
2263,Dropout,1.0,UCI id=697 (DOI 10.24432/C5MC89),"pendiente (se asigna en Fase 3, semana 5)"
2264,Enrolled,,UCI id=697 (DOI 10.24432/C5MC89),"pendiente (se asigna en Fase 3, semana 5)"
2265,Enrolled,,UCI id=697 (DOI 10.24432/C5MC89),"pendiente (se asigna en Fase 3, semana 5)"
2266,Dropout,1.0,UCI id=697 (DOI 10.24432/C5MC89),"pendiente (se asigna en Fase 3, semana 5)"
2267,Dropout,1.0,UCI id=697 (DOI 10.24432/C5MC89),"pendiente (se asigna en Fase 3, semana 5)"
2268,Dropout,1.0,UCI id=697 (DOI 10.24432/C5MC89),"pendiente (se asigna en Fase 3, semana 5)"
2269,Dropout,1.0,UCI id=697 (DOI 10.24432/C5MC89),"pendiente (se asigna en Fase 3, semana 5)"
2270,Dropout,1.0,UCI id=697 (DOI 10.24432/C5MC89),"pendiente (se asigna en Fase 3, semana 5)"
2271,Graduate,0.0,UCI id=697 (DOI 10.24432/C5MC89),"pendiente (se asigna en Fase 3, semana 5)"
2272,Dropout,1.0,UCI id=697 (DOI 10.24432/C5MC89),"pendiente (se asigna en Fase 3, semana 5)"
2273,Dropout,1.0,UCI id=697 (DOI 10.24432/C5MC89),"pendiente (se asigna en Fase 3, semana 5)"
2274,Dropout,1.0,UCI id=697 (DOI 10.24432/C5MC89),"pendiente (se asigna en Fase 3, semana 5)"
2275,Dropout,1.0,UCI id=697 (DOI 10.24432/C5MC89),"pendiente (se asigna en Fase 3, semana 5)"
2276,Graduate,0.0,UCI id=697 (DOI 10.24432/C5MC89),"pendiente (se asigna en Fase 3, semana 5)"
2277,Graduate,0.0,UCI id=697 (DOI 10.24432/C5MC89),"pendiente (se asigna en Fase 3, semana 5)"
2278,Enrolled,,UCI id=697 (DOI 10.24432/C5MC89),"pendiente (se asigna en Fase 3, semana 5)"
2279,Dropout,1.0,UCI id=697 (DOI 10.24432/C5MC89),"pendiente (se asigna en Fase 3, semana 5)"
2280,Graduate,0.0,UCI id=697 (DOI 10.24432/C5MC89),"pendiente (se asigna en Fase 3, semana 5)"
2281,Enrolled,,UCI id=697 (DOI 10.24432/C5MC89),"pendiente (se asigna en Fase 3, semana 5)"
2282,Dropout,1.0,UCI id=697 (DOI 10.24432/C5MC89),"pendiente (se asigna en Fase 3, semana 5)"
2283,Graduate,0.0,UCI id=697 (DOI 10.24432/C5MC89),"pendiente (se asigna en Fase 3, semana 5)"
2284,Enrolled,,UCI id=697 (DOI 10.24432/C5MC89),"pendiente (se asigna en Fase 3, semana 5)"
2285,Dropout,1.0,UCI id=697 (DOI 10.24432/C5MC89),"pendiente (se asigna en Fase 3, semana 5)"
2286,Graduate,0.0,UCI id=697 (DOI 10.24432/C5MC89),"pendiente (se asigna en Fase 3, semana 5)"
2287,Graduate,0.0,UCI id=697 (DOI 10.24432/C5MC89),"pendiente (se asigna en Fase 3, semana 5)"
2288,Enrolled,,UCI id=697 (DOI 10.24432/C5MC89),"pendiente (se asigna en Fase 3, semana 5)"
2289,Dropout,1.0,UCI id=697 (DOI 10.24432/C5MC89),"pendiente (se asigna en Fase 3, semana 5)"
2290,Dropout,1.0,UCI id=697 (DOI 10.24432/C5MC89),"pendiente (se asigna en Fase 3, semana 5)"
2291,Graduate,0.0,UCI id=697 (DOI 10.24432/C5MC89),"pendiente (se asigna en Fase 3, semana 5)"
2292,Dropout,1.0,UCI id=697 (DOI 10.24432/C5MC89),"pendiente (se asigna en Fase 3, semana 5)"
2293,Graduate,0.0,UCI id=697 (DOI 10.24432/C5MC89),"pendiente (se asigna en Fase 3, semana 5)"
2294,Dropout,1.0,UCI id=697 (DOI 10.24432/C5MC89),"pendiente (se asigna en Fase 3, semana 5)"
2295,Graduate,0.0,UCI id=697 (DOI 10.24432/C5MC89),"pendiente (se asigna en Fase 3, semana 5)"
2296,Dropout,1.0,UCI id=697 (DOI 10.24432/C5MC89),"pendiente (se asigna en Fase 3, semana 5)"
2297,Graduate,0.0,UCI id=697 (DOI 10.24432/C5MC89),"pendiente (se asigna en Fase 3, semana 5)"
2298,Graduate,0.0,UCI id=697 (DOI 10.24432/C5MC89),"pendiente (se asigna en Fase 3, semana 5)"
2299,Dropout,1.0,UCI id=697 (DOI 10.24432/C5MC89),"pendiente (se asigna en Fase 3, semana 5)"
2300,Enrolled,,UCI id=697 (DOI 10.24432/C5MC89),"pendiente (se asigna en Fase 3, semana 5)"
2301,Enrolled,,UCI id=697 (DOI 10.24432/C5MC89),"pendiente (se asigna en Fase 3, semana 5)"
2302,Enrolled,,UCI id=697 (DOI 10.24432/C5MC89),"pendiente (se asigna en Fase 3, semana 5)"
2303,Enrolled,,UCI id=697 (DOI 10.24432/C5MC89),"pendiente (se asigna en Fase 3, semana 5)"
2304,Dropout,1.0,UCI id=697 (DOI 10.24432/C5MC89),"pendiente (se asigna en Fase 3, semana 5)"
2305,Enrolled,,UCI id=697 (DOI 10.24432/C5MC89),"pendiente (se asigna en Fase 3, semana 5)"
2306,Dropout,1.0,UCI id=697 (DOI 10.24432/C5MC89),"pendiente (se asigna en Fase 3, semana 5)"
2307,Dropout,1.0,UCI id=697 (DOI 10.24432/C5MC89),"pendiente (se asigna en Fase 3, semana 5)"
2308,Dropout,1.0,UCI id=697 (DOI 10.24432/C5MC89),"pendiente (se asigna en Fase 3, semana 5)"
2309,Graduate,0.0,UCI id=697 (DOI 10.24432/C5MC89),"pendiente (se asigna en Fase 3, semana 5)"
2310,Graduate,0.0,UCI id=697 (DOI 10.24432/C5MC89),"pendiente (se asigna en Fase 3, semana 5)"
2311,Graduate,0.0,UCI id=697 (DOI 10.24432/C5MC89),"pendiente (se asigna en Fase 3, semana 5)"
2312,Dropout,1.0,UCI id=697 (DOI 10.24432/C5MC89),"pendiente (se asigna en Fase 3, semana 5)"
2313,Graduate,0.0,UCI id=697 (DOI 10.24432/C5MC89),"pendiente (se asigna en Fase 3, semana 5)"
2314,Graduate,0.0,UCI id=697 (DOI 10.24432/C5MC89),"pendiente (se asigna en Fase 3, semana 5)"
2315,Dropout,1.0,UCI id=697 (DOI 10.24432/C5MC89),"pendiente (se asigna en Fase 3, semana 5)"
2316,Dropout,1.0,UCI id=697 (DOI 10.24432/C5MC89),"pendiente (se asigna en Fase 3, semana 5)"
2317,Dropout,1.0,UCI id=697 (DOI 10.24432/C5MC89),"pendiente (se asigna en Fase 3, semana 5)"
2318,Dropout,1.0,UCI id=697 (DOI 10.24432/C5MC89),"pendiente (se asigna en Fase 3, semana 5)"
2319,Graduate,0.0,UCI id=697 (DOI 10.24432/C5MC89),"pendiente (se asigna en Fase 3, semana 5)"
2320,Dropout,1.0,UCI id=697 (DOI 10.24432/C5MC89),"pendiente (se asigna en Fase 3, semana 5)"
2321,Enrolled,,UCI id=697 (DOI 10.24432/C5MC89),"pendiente (se asigna en Fase 3, semana 5)"
2322,Dropout,1.0,UCI id=697 (DOI 10.24432/C5MC89),"pendiente (se asigna en Fase 3, semana 5)"
2323,Enrolled,,UCI id=697 (DOI 10.24432/C5MC89),"pendiente (se asigna en Fase 3, semana 5)"
2324,Graduate,0.0,UCI id=697 (DOI 10.24432/C5MC89),"pendiente (se asigna en Fase 3, semana 5)"
2325,Dropout,1.0,UCI id=697 (DOI 10.24432/C5MC89),"pendiente (se asigna en Fase 3, semana 5)"
2326,Enrolled,,UCI id=697 (DOI 10.24432/C5MC89),"pendiente (se asigna en Fase 3, semana 5)"
2327,Dropout,1.0,UCI id=697 (DOI 10.24432/C5MC89),"pendiente (se asigna en Fase 3, semana 5)"
2328,Graduate,0.0,UCI id=697 (DOI 10.24432/C5MC89),"pendiente (se asigna en Fase 3, semana 5)"
2329,Dropout,1.0,UCI id=697 (DOI 10.24432/C5MC89),"pendiente (se asigna en Fase 3, semana 5)"
2330,Dropout,1.0,UCI id=697 (DOI 10.24432/C5MC89),"pendiente (se asigna en Fase 3, semana 5)"
2331,Dropout,1.0,UCI id=697 (DOI 10.24432/C5MC89),"pendiente (se asigna en Fase 3, semana 5)"
2332,Graduate,0.0,UCI id=697 (DOI 10.24432/C5MC89),"pendiente (se asigna en Fase 3, semana 5)"
2333,Dropout,1.0,UCI id=697 (DOI 10.24432/C5MC89),"pendiente (se asigna en Fase 3, semana 5)"
2334,Graduate,0.0,UCI id=697 (DOI 10.24432/C5MC89),"pendiente (se asigna en Fase 3, semana 5)"
2335,Graduate,0.0,UCI id=697 (DOI 10.24432/C5MC89),"pendiente (se asigna en Fase 3, semana 5)"
2336,Dropout,1.0,UCI id=697 (DOI 10.24432/C5MC89),"pendiente (se asigna en Fase 3, semana 5)"
2337,Dropout,1.0,UCI id=697 (DOI 10.24432/C5MC89),"pendiente (se asigna en Fase 3, semana 5)"
2338,Dropout,1.0,UCI id=697 (DOI 10.24432/C5MC89),"pendiente (se asigna en Fase 3, semana 5)"
2339,Enrolled,,UCI id=697 (DOI 10.24432/C5MC89),"pendiente (se asigna en Fase 3, semana 5)"
2340,Dropout,1.0,UCI id=697 (DOI 10.24432/C5MC89),"pendiente (se asigna en Fase 3, semana 5)"
2341,Enrolled,,UCI id=697 (DOI 10.24432/C5MC89),"pendiente (se asigna en Fase 3, semana 5)"
2342,Graduate,0.0,UCI id=697 (DOI 10.24432/C5MC89),"pendiente (se asigna en Fase 3, semana 5)"
2343,Graduate,0.0,UCI id=697 (DOI 10.24432/C5MC89),"pendiente (se asigna en Fase 3, semana 5)"
2344,Graduate,0.0,UCI id=697 (DOI 10.24432/C5MC89),"pendiente (se asigna en Fase 3, semana 5)"
2345,Graduate,0.0,UCI id=697 (DOI 10.24432/C5MC89),"pendiente (se asigna en Fase 3, semana 5)"
2346,Enrolled,,UCI id=697 (DOI 10.24432/C5MC89),"pendiente (se asigna en Fase 3, semana 5)"
2347,Graduate,0.0,UCI id=697 (DOI 10.24432/C5MC89),"pendiente (se asigna en Fase 3, semana 5)"
2348,Dropout,1.0,UCI id=697 (DOI 10.24432/C5MC89),"pendiente (se asigna en Fase 3, semana 5)"
2349,Graduate,0.0,UCI id=697 (DOI 10.24432/C5MC89),"pendiente (se asigna en Fase 3, semana 5)"
2350,Graduate,0.0,UCI id=697 (DOI 10.24432/C5MC89),"pendiente (se asigna en Fase 3, semana 5)"
2351,Graduate,0.0,UCI id=697 (DOI 10.24432/C5MC89),"pendiente (se asigna en Fase 3, semana 5)"
2352,Graduate,0.0,UCI id=697 (DOI 10.24432/C5MC89),"pendiente (se asigna en Fase 3, semana 5)"
2353,Graduate,0.0,UCI id=697 (DOI 10.24432/C5MC89),"pendiente (se asigna en Fase 3, semana 5)"
2354,Dropout,1.0,UCI id=697 (DOI 10.24432/C5MC89),"pendiente (se asigna en Fase 3, semana 5)"
2355,Graduate,0.0,UCI id=697 (DOI 10.24432/C5MC89),"pendiente (se asigna en Fase 3, semana 5)"
2356,Graduate,0.0,UCI id=697 (DOI 10.24432/C5MC89),"pendiente (se asigna en Fase 3, semana 5)"
2357,Dropout,1.0,UCI id=697 (DOI 10.24432/C5MC89),"pendiente (se asigna en Fase 3, semana 5)"
2358,Graduate,0.0,UCI id=697 (DOI 10.24432/C5MC89),"pendiente (se asigna en Fase 3, semana 5)"
2359,Dropout,1.0,UCI id=697 (DOI 10.24432/C5MC89),"pendiente (se asigna en Fase 3, semana 5)"
2360,Enrolled,,UCI id=697 (DOI 10.24432/C5MC89),"pendiente (se asigna en Fase 3, semana 5)"
2361,Dropout,1.0,UCI id=697 (DOI 10.24432/C5MC89),"pendiente (se asigna en Fase 3, semana 5)"
2362,Graduate,0.0,UCI id=697 (DOI 10.24432/C5MC89),"pendiente (se asigna en Fase 3, semana 5)"
2363,Enrolled,,UCI id=697 (DOI 10.24432/C5MC89),"pendiente (se asigna en Fase 3, semana 5)"
2364,Enrolled,,UCI id=697 (DOI 10.24432/C5MC89),"pendiente (se asigna en Fase 3, semana 5)"
2365,Graduate,0.0,UCI id=697 (DOI 10.24432/C5MC89),"pendiente (se asigna en Fase 3, semana 5)"
2366,Enrolled,,UCI id=697 (DOI 10.24432/C5MC89),"pendiente (se asigna en Fase 3, semana 5)"
2367,Graduate,0.0,UCI id=697 (DOI 10.24432/C5MC89),"pendiente (se asigna en Fase 3, semana 5)"
2368,Enrolled,,UCI id=697 (DOI 10.24432/C5MC89),"pendiente (se asigna en Fase 3, semana 5)"
2369,Dropout,1.0,UCI id=697 (DOI 10.24432/C5MC89),"pendiente (se asigna en Fase 3, semana 5)"
2370,Enrolled,,UCI id=697 (DOI 10.24432/C5MC89),"pendiente (se asigna en Fase 3, semana 5)"
2371,Graduate,0.0,UCI id=697 (DOI 10.24432/C5MC89),"pendiente (se asigna en Fase 3, semana 5)"
2372,Enrolled,,UCI id=697 (DOI 10.24432/C5MC89),"pendiente (se asigna en Fase 3, semana 5)"
2373,Enrolled,,UCI id=697 (DOI 10.24432/C5MC89),"pendiente (se asigna en Fase 3, semana 5)"
2374,Enrolled,,UCI id=697 (DOI 10.24432/C5MC89),"pendiente (se asigna en Fase 3, semana 5)"
2375,Dropout,1.0,UCI id=697 (DOI 10.24432/C5MC89),"pendiente (se asigna en Fase 3, semana 5)"
2376,Graduate,0.0,UCI id=697 (DOI 10.24432/C5MC89),"pendiente (se asigna en Fase 3, semana 5)"
2377,Dropout,1.0,UCI id=697 (DOI 10.24432/C5MC89),"pendiente (se asigna en Fase 3, semana 5)"
2378,Dropout,1.0,UCI id=697 (DOI 10.24432/C5MC89),"pendiente (se asigna en Fase 3, semana 5)"
2379,Graduate,0.0,UCI id=697 (DOI 10.24432/C5MC89),"pendiente (se asigna en Fase 3, semana 5)"
2380,Graduate,0.0,UCI id=697 (DOI 10.24432/C5MC89),"pendiente (se asigna en Fase 3, semana 5)"
2381,Graduate,0.0,UCI id=697 (DOI 10.24432/C5MC89),"pendiente (se asigna en Fase 3, semana 5)"
2382,Dropout,1.0,UCI id=697 (DOI 10.24432/C5MC89),"pendiente (se asigna en Fase 3, semana 5)"
2383,Enrolled,,UCI id=697 (DOI 10.24432/C5MC89),"pendiente (se asigna en Fase 3, semana 5)"
2384,Enrolled,,UCI id=697 (DOI 10.24432/C5MC89),"pendiente (se asigna en Fase 3, semana 5)"
2385,Graduate,0.0,UCI id=697 (DOI 10.24432/C5MC89),"pendiente (se asigna en Fase 3, semana 5)"
2386,Enrolled,,UCI id=697 (DOI 10.24432/C5MC89),"pendiente (se asigna en Fase 3, semana 5)"
2387,Graduate,0.0,UCI id=697 (DOI 10.24432/C5MC89),"pendiente (se asigna en Fase 3, semana 5)"
2388,Dropout,1.0,UCI id=697 (DOI 10.24432/C5MC89),"pendiente (se asigna en Fase 3, semana 5)"
2389,Dropout,1.0,UCI id=697 (DOI 10.24432/C5MC89),"pendiente (se asigna en Fase 3, semana 5)"
2390,Dropout,1.0,UCI id=697 (DOI 10.24432/C5MC89),"pendiente (se asigna en Fase 3, semana 5)"
2391,Dropout,1.0,UCI id=697 (DOI 10.24432/C5MC89),"pendiente (se asigna en Fase 3, semana 5)"
2392,Enrolled,,UCI id=697 (DOI 10.24432/C5MC89),"pendiente (se asigna en Fase 3, semana 5)"
2393,Dropout,1.0,UCI id=697 (DOI 10.24432/C5MC89),"pendiente (se asigna en Fase 3, semana 5)"
2394,Graduate,0.0,UCI id=697 (DOI 10.24432/C5MC89),"pendiente (se asigna en Fase 3, semana 5)"
2395,Enrolled,,UCI id=697 (DOI 10.24432/C5MC89),"pendiente (se asigna en Fase 3, semana 5)"
2396,Dropout,1.0,UCI id=697 (DOI 10.24432/C5MC89),"pendiente (se asigna en Fase 3, semana 5)"
2397,Enrolled,,UCI id=697 (DOI 10.24432/C5MC89),"pendiente (se asigna en Fase 3, semana 5)"
2398,Graduate,0.0,UCI id=697 (DOI 10.24432/C5MC89),"pendiente (se asigna en Fase 3, semana 5)"
2399,Graduate,0.0,UCI id=697 (DOI 10.24432/C5MC89),"pendiente (se asigna en Fase 3, semana 5)"
2400,Dropout,1.0,UCI id=697 (DOI 10.24432/C5MC89),"pendiente (se asigna en Fase 3, semana 5)"
2401,Graduate,0.0,UCI id=697 (DOI 10.24432/C5MC89),"pendiente (se asigna en Fase 3, semana 5)"
2402,Dropout,1.0,UCI id=697 (DOI 10.24432/C5MC89),"pendiente (se asigna en Fase 3, semana 5)"
2403,Graduate,0.0,UCI id=697 (DOI 10.24432/C5MC89),"pendiente (se asigna en Fase 3, semana 5)"
2404,Dropout,1.0,UCI id=697 (DOI 10.24432/C5MC89),"pendiente (se asigna en Fase 3, semana 5)"
2405,Graduate,0.0,UCI id=697 (DOI 10.24432/C5MC89),"pendiente (se asigna en Fase 3, semana 5)"
2406,Graduate,0.0,UCI id=697 (DOI 10.24432/C5MC89),"pendiente (se asigna en Fase 3, semana 5)"
2407,Dropout,1.0,UCI id=697 (DOI 10.24432/C5MC89),"pendiente (se asigna en Fase 3, semana 5)"
2408,Dropout,1.0,UCI id=697 (DOI 10.24432/C5MC89),"pendiente (se asigna en Fase 3, semana 5)"
2409,Dropout,1.0,UCI id=697 (DOI 10.24432/C5MC89),"pendiente (se asigna en Fase 3, semana 5)"
2410,Dropout,1.0,UCI id=697 (DOI 10.24432/C5MC89),"pendiente (se asigna en Fase 3, semana 5)"
2411,Dropout,1.0,UCI id=697 (DOI 10.24432/C5MC89),"pendiente (se asigna en Fase 3, semana 5)"
2412,Enrolled,,UCI id=697 (DOI 10.24432/C5MC89),"pendiente (se asigna en Fase 3, semana 5)"
2413,Graduate,0.0,UCI id=697 (DOI 10.24432/C5MC89),"pendiente (se asigna en Fase 3, semana 5)"
2414,Graduate,0.0,UCI id=697 (DOI 10.24432/C5MC89),"pendiente (se asigna en Fase 3, semana 5)"
2415,Dropout,1.0,UCI id=697 (DOI 10.24432/C5MC89),"pendiente (se asigna en Fase 3, semana 5)"
2416,Dropout,1.0,UCI id=697 (DOI 10.24432/C5MC89),"pendiente (se asigna en Fase 3, semana 5)"
2417,Graduate,0.0,UCI id=697 (DOI 10.24432/C5MC89),"pendiente (se asigna en Fase 3, semana 5)"
2418,Graduate,0.0,UCI id=697 (DOI 10.24432/C5MC89),"pendiente (se asigna en Fase 3, semana 5)"
2419,Enrolled,,UCI id=697 (DOI 10.24432/C5MC89),"pendiente (se asigna en Fase 3, semana 5)"
2420,Dropout,1.0,UCI id=697 (DOI 10.24432/C5MC89),"pendiente (se asigna en Fase 3, semana 5)"
2421,Dropout,1.0,UCI id=697 (DOI 10.24432/C5MC89),"pendiente (se asigna en Fase 3, semana 5)"
2422,Graduate,0.0,UCI id=697 (DOI 10.24432/C5MC89),"pendiente (se asigna en Fase 3, semana 5)"
2423,Dropout,1.0,UCI id=697 (DOI 10.24432/C5MC89),"pendiente (se asigna en Fase 3, semana 5)"
2424,Dropout,1.0,UCI id=697 (DOI 10.24432/C5MC89),"pendiente (se asigna en Fase 3, semana 5)"
2425,Dropout,1.0,UCI id=697 (DOI 10.24432/C5MC89),"pendiente (se asigna en Fase 3, semana 5)"
2426,Dropout,1.0,UCI id=697 (DOI 10.24432/C5MC89),"pendiente (se asigna en Fase 3, semana 5)"
2427,Graduate,0.0,UCI id=697 (DOI 10.24432/C5MC89),"pendiente (se asigna en Fase 3, semana 5)"
2428,Dropout,1.0,UCI id=697 (DOI 10.24432/C5MC89),"pendiente (se asigna en Fase 3, semana 5)"
2429,Dropout,1.0,UCI id=697 (DOI 10.24432/C5MC89),"pendiente (se asigna en Fase 3, semana 5)"
2430,Graduate,0.0,UCI id=697 (DOI 10.24432/C5MC89),"pendiente (se asigna en Fase 3, semana 5)"
2431,Graduate,0.0,UCI id=697 (DOI 10.24432/C5MC89),"pendiente (se asigna en Fase 3, semana 5)"
2432,Dropout,1.0,UCI id=697 (DOI 10.24432/C5MC89),"pendiente (se asigna en Fase 3, semana 5)"
2433,Enrolled,,UCI id=697 (DOI 10.24432/C5MC89),"pendiente (se asigna en Fase 3, semana 5)"
2434,Enrolled,,UCI id=697 (DOI 10.24432/C5MC89),"pendiente (se asigna en Fase 3, semana 5)"
2435,Graduate,0.0,UCI id=697 (DOI 10.24432/C5MC89),"pendiente (se asigna en Fase 3, semana 5)"
2436,Graduate,0.0,UCI id=697 (DOI 10.24432/C5MC89),"pendiente (se asigna en Fase 3, semana 5)"
2437,Dropout,1.0,UCI id=697 (DOI 10.24432/C5MC89),"pendiente (se asigna en Fase 3, semana 5)"
2438,Dropout,1.0,UCI id=697 (DOI 10.24432/C5MC89),"pendiente (se asigna en Fase 3, semana 5)"
2439,Dropout,1.0,UCI id=697 (DOI 10.24432/C5MC89),"pendiente (se asigna en Fase 3, semana 5)"
2440,Dropout,1.0,UCI id=697 (DOI 10.24432/C5MC89),"pendiente (se asigna en Fase 3, semana 5)"
2441,Enrolled,,UCI id=697 (DOI 10.24432/C5MC89),"pendiente (se asigna en Fase 3, semana 5)"
2442,Dropout,1.0,UCI id=697 (DOI 10.24432/C5MC89),"pendiente (se asigna en Fase 3, semana 5)"
2443,Graduate,0.0,UCI id=697 (DOI 10.24432/C5MC89),"pendiente (se asigna en Fase 3, semana 5)"
2444,Dropout,1.0,UCI id=697 (DOI 10.24432/C5MC89),"pendiente (se asigna en Fase 3, semana 5)"
2445,Enrolled,,UCI id=697 (DOI 10.24432/C5MC89),"pendiente (se asigna en Fase 3, semana 5)"
2446,Dropout,1.0,UCI id=697 (DOI 10.24432/C5MC89),"pendiente (se asigna en Fase 3, semana 5)"
2447,Graduate,0.0,UCI id=697 (DOI 10.24432/C5MC89),"pendiente (se asigna en Fase 3, semana 5)"
2448,Dropout,1.0,UCI id=697 (DOI 10.24432/C5MC89),"pendiente (se asigna en Fase 3, semana 5)"
2449,Dropout,1.0,UCI id=697 (DOI 10.24432/C5MC89),"pendiente (se asigna en Fase 3, semana 5)"
2450,Enrolled,,UCI id=697 (DOI 10.24432/C5MC89),"pendiente (se asigna en Fase 3, semana 5)"
2451,Dropout,1.0,UCI id=697 (DOI 10.24432/C5MC89),"pendiente (se asigna en Fase 3, semana 5)"
2452,Graduate,0.0,UCI id=697 (DOI 10.24432/C5MC89),"pendiente (se asigna en Fase 3, semana 5)"
2453,Enrolled,,UCI id=697 (DOI 10.24432/C5MC89),"pendiente (se asigna en Fase 3, semana 5)"
2454,Dropout,1.0,UCI id=697 (DOI 10.24432/C5MC89),"pendiente (se asigna en Fase 3, semana 5)"
2455,Graduate,0.0,UCI id=697 (DOI 10.24432/C5MC89),"pendiente (se asigna en Fase 3, semana 5)"
2456,Graduate,0.0,UCI id=697 (DOI 10.24432/C5MC89),"pendiente (se asigna en Fase 3, semana 5)"
2457,Enrolled,,UCI id=697 (DOI 10.24432/C5MC89),"pendiente (se asigna en Fase 3, semana 5)"
2458,Dropout,1.0,UCI id=697 (DOI 10.24432/C5MC89),"pendiente (se asigna en Fase 3, semana 5)"
2459,Graduate,0.0,UCI id=697 (DOI 10.24432/C5MC89),"pendiente (se asigna en Fase 3, semana 5)"
2460,Dropout,1.0,UCI id=697 (DOI 10.24432/C5MC89),"pendiente (se asigna en Fase 3, semana 5)"
2461,Dropout,1.0,UCI id=697 (DOI 10.24432/C5MC89),"pendiente (se asigna en Fase 3, semana 5)"
2462,Dropout,1.0,UCI id=697 (DOI 10.24432/C5MC89),"pendiente (se asigna en Fase 3, semana 5)"
2463,Dropout,1.0,UCI id=697 (DOI 10.24432/C5MC89),"pendiente (se asigna en Fase 3, semana 5)"
2464,Dropout,1.0,UCI id=697 (DOI 10.24432/C5MC89),"pendiente (se asigna en Fase 3, semana 5)"
2465,Dropout,1.0,UCI id=697 (DOI 10.24432/C5MC89),"pendiente (se asigna en Fase 3, semana 5)"
2466,Enrolled,,UCI id=697 (DOI 10.24432/C5MC89),"pendiente (se asigna en Fase 3, semana 5)"
2467,Enrolled,,UCI id=697 (DOI 10.24432/C5MC89),"pendiente (se asigna en Fase 3, semana 5)"
2468,Dropout,1.0,UCI id=697 (DOI 10.24432/C5MC89),"pendiente (se asigna en Fase 3, semana 5)"
2469,Dropout,1.0,UCI id=697 (DOI 10.24432/C5MC89),"pendiente (se asigna en Fase 3, semana 5)"
2470,Enrolled,,UCI id=697 (DOI 10.24432/C5MC89),"pendiente (se asigna en Fase 3, semana 5)"
2471,Dropout,1.0,UCI id=697 (DOI 10.24432/C5MC89),"pendiente (se asigna en Fase 3, semana 5)"
2472,Dropout,1.0,UCI id=697 (DOI 10.24432/C5MC89),"pendiente (se asigna en Fase 3, semana 5)"
2473,Dropout,1.0,UCI id=697 (DOI 10.24432/C5MC89),"pendiente (se asigna en Fase 3, semana 5)"
2474,Graduate,0.0,UCI id=697 (DOI 10.24432/C5MC89),"pendiente (se asigna en Fase 3, semana 5)"
2475,Dropout,1.0,UCI id=697 (DOI 10.24432/C5MC89),"pendiente (se asigna en Fase 3, semana 5)"
2476,Graduate,0.0,UCI id=697 (DOI 10.24432/C5MC89),"pendiente (se asigna en Fase 3, semana 5)"
2477,Enrolled,,UCI id=697 (DOI 10.24432/C5MC89),"pendiente (se asigna en Fase 3, semana 5)"
2478,Graduate,0.0,UCI id=697 (DOI 10.24432/C5MC89),"pendiente (se asigna en Fase 3, semana 5)"
2479,Dropout,1.0,UCI id=697 (DOI 10.24432/C5MC89),"pendiente (se asigna en Fase 3, semana 5)"
2480,Enrolled,,UCI id=697 (DOI 10.24432/C5MC89),"pendiente (se asigna en Fase 3, semana 5)"
2481,Graduate,0.0,UCI id=697 (DOI 10.24432/C5MC89),"pendiente (se asigna en Fase 3, semana 5)"
2482,Graduate,0.0,UCI id=697 (DOI 10.24432/C5MC89),"pendiente (se asigna en Fase 3, semana 5)"
2483,Graduate,0.0,UCI id=697 (DOI 10.24432/C5MC89),"pendiente (se asigna en Fase 3, semana 5)"
2484,Graduate,0.0,UCI id=697 (DOI 10.24432/C5MC89),"pendiente (se asigna en Fase 3, semana 5)"
2485,Dropout,1.0,UCI id=697 (DOI 10.24432/C5MC89),"pendiente (se asigna en Fase 3, semana 5)"
2486,Dropout,1.0,UCI id=697 (DOI 10.24432/C5MC89),"pendiente (se asigna en Fase 3, semana 5)"
2487,Dropout,1.0,UCI id=697 (DOI 10.24432/C5MC89),"pendiente (se asigna en Fase 3, semana 5)"
2488,Enrolled,,UCI id=697 (DOI 10.24432/C5MC89),"pendiente (se asigna en Fase 3, semana 5)"
2489,Graduate,0.0,UCI id=697 (DOI 10.24432/C5MC89),"pendiente (se asigna en Fase 3, semana 5)"
2490,Enrolled,,UCI id=697 (DOI 10.24432/C5MC89),"pendiente (se asigna en Fase 3, semana 5)"
2491,Enrolled,,UCI id=697 (DOI 10.24432/C5MC89),"pendiente (se asigna en Fase 3, semana 5)"
2492,Dropout,1.0,UCI id=697 (DOI 10.24432/C5MC89),"pendiente (se asigna en Fase 3, semana 5)"
2493,Graduate,0.0,UCI id=697 (DOI 10.24432/C5MC89),"pendiente (se asigna en Fase 3, semana 5)"
2494,Graduate,0.0,UCI id=697 (DOI 10.24432/C5MC89),"pendiente (se asigna en Fase 3, semana 5)"
2495,Graduate,0.0,UCI id=697 (DOI 10.24432/C5MC89),"pendiente (se asigna en Fase 3, semana 5)"
2496,Graduate,0.0,UCI id=697 (DOI 10.24432/C5MC89),"pendiente (se asigna en Fase 3, semana 5)"
2497,Graduate,0.0,UCI id=697 (DOI 10.24432/C5MC89),"pendiente (se asigna en Fase 3, semana 5)"
2498,Dropout,1.0,UCI id=697 (DOI 10.24432/C5MC89),"pendiente (se asigna en Fase 3, semana 5)"
2499,Dropout,1.0,UCI id=697 (DOI 10.24432/C5MC89),"pendiente (se asigna en Fase 3, semana 5)"
2500,Graduate,0.0,UCI id=697 (DOI 10.24432/C5MC89),"pendiente (se asigna en Fase 3, semana 5)"
2501,Graduate,0.0,UCI id=697 (DOI 10.24432/C5MC89),"pendiente (se asigna en Fase 3, semana 5)"
2502,Graduate,0.0,UCI id=697 (DOI 10.24432/C5MC89),"pendiente (se asigna en Fase 3, semana 5)"
2503,Graduate,0.0,UCI id=697 (DOI 10.24432/C5MC89),"pendiente (se asigna en Fase 3, semana 5)"
2504,Dropout,1.0,UCI id=697 (DOI 10.24432/C5MC89),"pendiente (se asigna en Fase 3, semana 5)"
2505,Graduate,0.0,UCI id=697 (DOI 10.24432/C5MC89),"pendiente (se asigna en Fase 3, semana 5)"
2506,Graduate,0.0,UCI id=697 (DOI 10.24432/C5MC89),"pendiente (se asigna en Fase 3, semana 5)"
2507,Graduate,0.0,UCI id=697 (DOI 10.24432/C5MC89),"pendiente (se asigna en Fase 3, semana 5)"
2508,Graduate,0.0,UCI id=697 (DOI 10.24432/C5MC89),"pendiente (se asigna en Fase 3, semana 5)"
2509,Graduate,0.0,UCI id=697 (DOI 10.24432/C5MC89),"pendiente (se asigna en Fase 3, semana 5)"
2510,Dropout,1.0,UCI id=697 (DOI 10.24432/C5MC89),"pendiente (se asigna en Fase 3, semana 5)"
2511,Enrolled,,UCI id=697 (DOI 10.24432/C5MC89),"pendiente (se asigna en Fase 3, semana 5)"
2512,Graduate,0.0,UCI id=697 (DOI 10.24432/C5MC89),"pendiente (se asigna en Fase 3, semana 5)"
2513,Graduate,0.0,UCI id=697 (DOI 10.24432/C5MC89),"pendiente (se asigna en Fase 3, semana 5)"
2514,Dropout,1.0,UCI id=697 (DOI 10.24432/C5MC89),"pendiente (se asigna en Fase 3, semana 5)"
2515,Enrolled,,UCI id=697 (DOI 10.24432/C5MC89),"pendiente (se asigna en Fase 3, semana 5)"
2516,Graduate,0.0,UCI id=697 (DOI 10.24432/C5MC89),"pendiente (se asigna en Fase 3, semana 5)"
2517,Graduate,0.0,UCI id=697 (DOI 10.24432/C5MC89),"pendiente (se asigna en Fase 3, semana 5)"
2518,Graduate,0.0,UCI id=697 (DOI 10.24432/C5MC89),"pendiente (se asigna en Fase 3, semana 5)"
2519,Graduate,0.0,UCI id=697 (DOI 10.24432/C5MC89),"pendiente (se asigna en Fase 3, semana 5)"
2520,Graduate,0.0,UCI id=697 (DOI 10.24432/C5MC89),"pendiente (se asigna en Fase 3, semana 5)"
2521,Graduate,0.0,UCI id=697 (DOI 10.24432/C5MC89),"pendiente (se asigna en Fase 3, semana 5)"
2522,Graduate,0.0,UCI id=697 (DOI 10.24432/C5MC89),"pendiente (se asigna en Fase 3, semana 5)"
2523,Dropout,1.0,UCI id=697 (DOI 10.24432/C5MC89),"pendiente (se asigna en Fase 3, semana 5)"
2524,Dropout,1.0,UCI id=697 (DOI 10.24432/C5MC89),"pendiente (se asigna en Fase 3, semana 5)"
2525,Graduate,0.0,UCI id=697 (DOI 10.24432/C5MC89),"pendiente (se asigna en Fase 3, semana 5)"
2526,Dropout,1.0,UCI id=697 (DOI 10.24432/C5MC89),"pendiente (se asigna en Fase 3, semana 5)"
2527,Graduate,0.0,UCI id=697 (DOI 10.24432/C5MC89),"pendiente (se asigna en Fase 3, semana 5)"
2528,Graduate,0.0,UCI id=697 (DOI 10.24432/C5MC89),"pendiente (se asigna en Fase 3, semana 5)"
2529,Graduate,0.0,UCI id=697 (DOI 10.24432/C5MC89),"pendiente (se asigna en Fase 3, semana 5)"
2530,Graduate,0.0,UCI id=697 (DOI 10.24432/C5MC89),"pendiente (se asigna en Fase 3, semana 5)"
2531,Graduate,0.0,UCI id=697 (DOI 10.24432/C5MC89),"pendiente (se asigna en Fase 3, semana 5)"
2532,Graduate,0.0,UCI id=697 (DOI 10.24432/C5MC89),"pendiente (se asigna en Fase 3, semana 5)"
2533,Enrolled,,UCI id=697 (DOI 10.24432/C5MC89),"pendiente (se asigna en Fase 3, semana 5)"
2534,Graduate,0.0,UCI id=697 (DOI 10.24432/C5MC89),"pendiente (se asigna en Fase 3, semana 5)"
2535,Enrolled,,UCI id=697 (DOI 10.24432/C5MC89),"pendiente (se asigna en Fase 3, semana 5)"
2536,Enrolled,,UCI id=697 (DOI 10.24432/C5MC89),"pendiente (se asigna en Fase 3, semana 5)"
2537,Graduate,0.0,UCI id=697 (DOI 10.24432/C5MC89),"pendiente (se asigna en Fase 3, semana 5)"
2538,Graduate,0.0,UCI id=697 (DOI 10.24432/C5MC89),"pendiente (se asigna en Fase 3, semana 5)"
2539,Graduate,0.0,UCI id=697 (DOI 10.24432/C5MC89),"pendiente (se asigna en Fase 3, semana 5)"
2540,Dropout,1.0,UCI id=697 (DOI 10.24432/C5MC89),"pendiente (se asigna en Fase 3, semana 5)"
2541,Dropout,1.0,UCI id=697 (DOI 10.24432/C5MC89),"pendiente (se asigna en Fase 3, semana 5)"
2542,Graduate,0.0,UCI id=697 (DOI 10.24432/C5MC89),"pendiente (se asigna en Fase 3, semana 5)"
2543,Dropout,1.0,UCI id=697 (DOI 10.24432/C5MC89),"pendiente (se asigna en Fase 3, semana 5)"
2544,Enrolled,,UCI id=697 (DOI 10.24432/C5MC89),"pendiente (se asigna en Fase 3, semana 5)"
2545,Graduate,0.0,UCI id=697 (DOI 10.24432/C5MC89),"pendiente (se asigna en Fase 3, semana 5)"
2546,Graduate,0.0,UCI id=697 (DOI 10.24432/C5MC89),"pendiente (se asigna en Fase 3, semana 5)"
2547,Graduate,0.0,UCI id=697 (DOI 10.24432/C5MC89),"pendiente (se asigna en Fase 3, semana 5)"
2548,Graduate,0.0,UCI id=697 (DOI 10.24432/C5MC89),"pendiente (se asigna en Fase 3, semana 5)"
2549,Dropout,1.0,UCI id=697 (DOI 10.24432/C5MC89),"pendiente (se asigna en Fase 3, semana 5)"
2550,Graduate,0.0,UCI id=697 (DOI 10.24432/C5MC89),"pendiente (se asigna en Fase 3, semana 5)"
2551,Enrolled,,UCI id=697 (DOI 10.24432/C5MC89),"pendiente (se asigna en Fase 3, semana 5)"
2552,Graduate,0.0,UCI id=697 (DOI 10.24432/C5MC89),"pendiente (se asigna en Fase 3, semana 5)"
2553,Dropout,1.0,UCI id=697 (DOI 10.24432/C5MC89),"pendiente (se asigna en Fase 3, semana 5)"
2554,Enrolled,,UCI id=697 (DOI 10.24432/C5MC89),"pendiente (se asigna en Fase 3, semana 5)"
2555,Enrolled,,UCI id=697 (DOI 10.24432/C5MC89),"pendiente (se asigna en Fase 3, semana 5)"
2556,Graduate,0.0,UCI id=697 (DOI 10.24432/C5MC89),"pendiente (se asigna en Fase 3, semana 5)"
2557,Enrolled,,UCI id=697 (DOI 10.24432/C5MC89),"pendiente (se asigna en Fase 3, semana 5)"
2558,Enrolled,,UCI id=697 (DOI 10.24432/C5MC89),"pendiente (se asigna en Fase 3, semana 5)"
2559,Dropout,1.0,UCI id=697 (DOI 10.24432/C5MC89),"pendiente (se asigna en Fase 3, semana 5)"
2560,Graduate,0.0,UCI id=697 (DOI 10.24432/C5MC89),"pendiente (se asigna en Fase 3, semana 5)"
2561,Graduate,0.0,UCI id=697 (DOI 10.24432/C5MC89),"pendiente (se asigna en Fase 3, semana 5)"
2562,Dropout,1.0,UCI id=697 (DOI 10.24432/C5MC89),"pendiente (se asigna en Fase 3, semana 5)"
2563,Enrolled,,UCI id=697 (DOI 10.24432/C5MC89),"pendiente (se asigna en Fase 3, semana 5)"
2564,Graduate,0.0,UCI id=697 (DOI 10.24432/C5MC89),"pendiente (se asigna en Fase 3, semana 5)"
2565,Graduate,0.0,UCI id=697 (DOI 10.24432/C5MC89),"pendiente (se asigna en Fase 3, semana 5)"
2566,Graduate,0.0,UCI id=697 (DOI 10.24432/C5MC89),"pendiente (se asigna en Fase 3, semana 5)"
2567,Enrolled,,UCI id=697 (DOI 10.24432/C5MC89),"pendiente (se asigna en Fase 3, semana 5)"
2568,Enrolled,,UCI id=697 (DOI 10.24432/C5MC89),"pendiente (se asigna en Fase 3, semana 5)"
2569,Graduate,0.0,UCI id=697 (DOI 10.24432/C5MC89),"pendiente (se asigna en Fase 3, semana 5)"
2570,Graduate,0.0,UCI id=697 (DOI 10.24432/C5MC89),"pendiente (se asigna en Fase 3, semana 5)"
2571,Graduate,0.0,UCI id=697 (DOI 10.24432/C5MC89),"pendiente (se asigna en Fase 3, semana 5)"
2572,Graduate,0.0,UCI id=697 (DOI 10.24432/C5MC89),"pendiente (se asigna en Fase 3, semana 5)"
2573,Graduate,0.0,UCI id=697 (DOI 10.24432/C5MC89),"pendiente (se asigna en Fase 3, semana 5)"
2574,Graduate,0.0,UCI id=697 (DOI 10.24432/C5MC89),"pendiente (se asigna en Fase 3, semana 5)"
2575,Graduate,0.0,UCI id=697 (DOI 10.24432/C5MC89),"pendiente (se asigna en Fase 3, semana 5)"
2576,Dropout,1.0,UCI id=697 (DOI 10.24432/C5MC89),"pendiente (se asigna en Fase 3, semana 5)"
2577,Dropout,1.0,UCI id=697 (DOI 10.24432/C5MC89),"pendiente (se asigna en Fase 3, semana 5)"
2578,Graduate,0.0,UCI id=697 (DOI 10.24432/C5MC89),"pendiente (se asigna en Fase 3, semana 5)"
2579,Graduate,0.0,UCI id=697 (DOI 10.24432/C5MC89),"pendiente (se asigna en Fase 3, semana 5)"
2580,Graduate,0.0,UCI id=697 (DOI 10.24432/C5MC89),"pendiente (se asigna en Fase 3, semana 5)"
2581,Dropout,1.0,UCI id=697 (DOI 10.24432/C5MC89),"pendiente (se asigna en Fase 3, semana 5)"
2582,Graduate,0.0,UCI id=697 (DOI 10.24432/C5MC89),"pendiente (se asigna en Fase 3, semana 5)"
2583,Enrolled,,UCI id=697 (DOI 10.24432/C5MC89),"pendiente (se asigna en Fase 3, semana 5)"
2584,Graduate,0.0,UCI id=697 (DOI 10.24432/C5MC89),"pendiente (se asigna en Fase 3, semana 5)"
2585,Graduate,0.0,UCI id=697 (DOI 10.24432/C5MC89),"pendiente (se asigna en Fase 3, semana 5)"
2586,Enrolled,,UCI id=697 (DOI 10.24432/C5MC89),"pendiente (se asigna en Fase 3, semana 5)"
2587,Enrolled,,UCI id=697 (DOI 10.24432/C5MC89),"pendiente (se asigna en Fase 3, semana 5)"
2588,Dropout,1.0,UCI id=697 (DOI 10.24432/C5MC89),"pendiente (se asigna en Fase 3, semana 5)"
2589,Enrolled,,UCI id=697 (DOI 10.24432/C5MC89),"pendiente (se asigna en Fase 3, semana 5)"
2590,Dropout,1.0,UCI id=697 (DOI 10.24432/C5MC89),"pendiente (se asigna en Fase 3, semana 5)"
2591,Enrolled,,UCI id=697 (DOI 10.24432/C5MC89),"pendiente (se asigna en Fase 3, semana 5)"
2592,Graduate,0.0,UCI id=697 (DOI 10.24432/C5MC89),"pendiente (se asigna en Fase 3, semana 5)"
2593,Dropout,1.0,UCI id=697 (DOI 10.24432/C5MC89),"pendiente (se asigna en Fase 3, semana 5)"
2594,Enrolled,,UCI id=697 (DOI 10.24432/C5MC89),"pendiente (se asigna en Fase 3, semana 5)"
2595,Graduate,0.0,UCI id=697 (DOI 10.24432/C5MC89),"pendiente (se asigna en Fase 3, semana 5)"
2596,Dropout,1.0,UCI id=697 (DOI 10.24432/C5MC89),"pendiente (se asigna en Fase 3, semana 5)"
2597,Dropout,1.0,UCI id=697 (DOI 10.24432/C5MC89),"pendiente (se asigna en Fase 3, semana 5)"
2598,Enrolled,,UCI id=697 (DOI 10.24432/C5MC89),"pendiente (se asigna en Fase 3, semana 5)"
2599,Enrolled,,UCI id=697 (DOI 10.24432/C5MC89),"pendiente (se asigna en Fase 3, semana 5)"
2600,Dropout,1.0,UCI id=697 (DOI 10.24432/C5MC89),"pendiente (se asigna en Fase 3, semana 5)"
2601,Enrolled,,UCI id=697 (DOI 10.24432/C5MC89),"pendiente (se asigna en Fase 3, semana 5)"
2602,Graduate,0.0,UCI id=697 (DOI 10.24432/C5MC89),"pendiente (se asigna en Fase 3, semana 5)"
2603,Dropout,1.0,UCI id=697 (DOI 10.24432/C5MC89),"pendiente (se asigna en Fase 3, semana 5)"
2604,Dropout,1.0,UCI id=697 (DOI 10.24432/C5MC89),"pendiente (se asigna en Fase 3, semana 5)"
2605,Graduate,0.0,UCI id=697 (DOI 10.24432/C5MC89),"pendiente (se asigna en Fase 3, semana 5)"
2606,Graduate,0.0,UCI id=697 (DOI 10.24432/C5MC89),"pendiente (se asigna en Fase 3, semana 5)"
2607,Dropout,1.0,UCI id=697 (DOI 10.24432/C5MC89),"pendiente (se asigna en Fase 3, semana 5)"
2608,Graduate,0.0,UCI id=697 (DOI 10.24432/C5MC89),"pendiente (se asigna en Fase 3, semana 5)"
2609,Dropout,1.0,UCI id=697 (DOI 10.24432/C5MC89),"pendiente (se asigna en Fase 3, semana 5)"
2610,Graduate,0.0,UCI id=697 (DOI 10.24432/C5MC89),"pendiente (se asigna en Fase 3, semana 5)"
2611,Graduate,0.0,UCI id=697 (DOI 10.24432/C5MC89),"pendiente (se asigna en Fase 3, semana 5)"
2612,Graduate,0.0,UCI id=697 (DOI 10.24432/C5MC89),"pendiente (se asigna en Fase 3, semana 5)"
2613,Dropout,1.0,UCI id=697 (DOI 10.24432/C5MC89),"pendiente (se asigna en Fase 3, semana 5)"
2614,Dropout,1.0,UCI id=697 (DOI 10.24432/C5MC89),"pendiente (se asigna en Fase 3, semana 5)"
2615,Dropout,1.0,UCI id=697 (DOI 10.24432/C5MC89),"pendiente (se asigna en Fase 3, semana 5)"
2616,Dropout,1.0,UCI id=697 (DOI 10.24432/C5MC89),"pendiente (se asigna en Fase 3, semana 5)"
2617,Graduate,0.0,UCI id=697 (DOI 10.24432/C5MC89),"pendiente (se asigna en Fase 3, semana 5)"
2618,Dropout,1.0,UCI id=697 (DOI 10.24432/C5MC89),"pendiente (se asigna en Fase 3, semana 5)"
2619,Graduate,0.0,UCI id=697 (DOI 10.24432/C5MC89),"pendiente (se asigna en Fase 3, semana 5)"
2620,Enrolled,,UCI id=697 (DOI 10.24432/C5MC89),"pendiente (se asigna en Fase 3, semana 5)"
2621,Graduate,0.0,UCI id=697 (DOI 10.24432/C5MC89),"pendiente (se asigna en Fase 3, semana 5)"
2622,Graduate,0.0,UCI id=697 (DOI 10.24432/C5MC89),"pendiente (se asigna en Fase 3, semana 5)"
2623,Dropout,1.0,UCI id=697 (DOI 10.24432/C5MC89),"pendiente (se asigna en Fase 3, semana 5)"
2624,Graduate,0.0,UCI id=697 (DOI 10.24432/C5MC89),"pendiente (se asigna en Fase 3, semana 5)"
2625,Dropout,1.0,UCI id=697 (DOI 10.24432/C5MC89),"pendiente (se asigna en Fase 3, semana 5)"
2626,Graduate,0.0,UCI id=697 (DOI 10.24432/C5MC89),"pendiente (se asigna en Fase 3, semana 5)"
2627,Enrolled,,UCI id=697 (DOI 10.24432/C5MC89),"pendiente (se asigna en Fase 3, semana 5)"
2628,Enrolled,,UCI id=697 (DOI 10.24432/C5MC89),"pendiente (se asigna en Fase 3, semana 5)"
2629,Enrolled,,UCI id=697 (DOI 10.24432/C5MC89),"pendiente (se asigna en Fase 3, semana 5)"
2630,Dropout,1.0,UCI id=697 (DOI 10.24432/C5MC89),"pendiente (se asigna en Fase 3, semana 5)"
2631,Dropout,1.0,UCI id=697 (DOI 10.24432/C5MC89),"pendiente (se asigna en Fase 3, semana 5)"
2632,Graduate,0.0,UCI id=697 (DOI 10.24432/C5MC89),"pendiente (se asigna en Fase 3, semana 5)"
2633,Graduate,0.0,UCI id=697 (DOI 10.24432/C5MC89),"pendiente (se asigna en Fase 3, semana 5)"
2634,Enrolled,,UCI id=697 (DOI 10.24432/C5MC89),"pendiente (se asigna en Fase 3, semana 5)"
2635,Dropout,1.0,UCI id=697 (DOI 10.24432/C5MC89),"pendiente (se asigna en Fase 3, semana 5)"
2636,Dropout,1.0,UCI id=697 (DOI 10.24432/C5MC89),"pendiente (se asigna en Fase 3, semana 5)"
2637,Graduate,0.0,UCI id=697 (DOI 10.24432/C5MC89),"pendiente (se asigna en Fase 3, semana 5)"
2638,Graduate,0.0,UCI id=697 (DOI 10.24432/C5MC89),"pendiente (se asigna en Fase 3, semana 5)"
2639,Graduate,0.0,UCI id=697 (DOI 10.24432/C5MC89),"pendiente (se asigna en Fase 3, semana 5)"
2640,Dropout,1.0,UCI id=697 (DOI 10.24432/C5MC89),"pendiente (se asigna en Fase 3, semana 5)"
2641,Graduate,0.0,UCI id=697 (DOI 10.24432/C5MC89),"pendiente (se asigna en Fase 3, semana 5)"
2642,Dropout,1.0,UCI id=697 (DOI 10.24432/C5MC89),"pendiente (se asigna en Fase 3, semana 5)"
2643,Dropout,1.0,UCI id=697 (DOI 10.24432/C5MC89),"pendiente (se asigna en Fase 3, semana 5)"
2644,Graduate,0.0,UCI id=697 (DOI 10.24432/C5MC89),"pendiente (se asigna en Fase 3, semana 5)"
2645,Dropout,1.0,UCI id=697 (DOI 10.24432/C5MC89),"pendiente (se asigna en Fase 3, semana 5)"
2646,Enrolled,,UCI id=697 (DOI 10.24432/C5MC89),"pendiente (se asigna en Fase 3, semana 5)"
2647,Dropout,1.0,UCI id=697 (DOI 10.24432/C5MC89),"pendiente (se asigna en Fase 3, semana 5)"
2648,Dropout,1.0,UCI id=697 (DOI 10.24432/C5MC89),"pendiente (se asigna en Fase 3, semana 5)"
2649,Dropout,1.0,UCI id=697 (DOI 10.24432/C5MC89),"pendiente (se asigna en Fase 3, semana 5)"
2650,Enrolled,,UCI id=697 (DOI 10.24432/C5MC89),"pendiente (se asigna en Fase 3, semana 5)"
2651,Dropout,1.0,UCI id=697 (DOI 10.24432/C5MC89),"pendiente (se asigna en Fase 3, semana 5)"
2652,Graduate,0.0,UCI id=697 (DOI 10.24432/C5MC89),"pendiente (se asigna en Fase 3, semana 5)"
2653,Dropout,1.0,UCI id=697 (DOI 10.24432/C5MC89),"pendiente (se asigna en Fase 3, semana 5)"
2654,Graduate,0.0,UCI id=697 (DOI 10.24432/C5MC89),"pendiente (se asigna en Fase 3, semana 5)"
2655,Graduate,0.0,UCI id=697 (DOI 10.24432/C5MC89),"pendiente (se asigna en Fase 3, semana 5)"
2656,Graduate,0.0,UCI id=697 (DOI 10.24432/C5MC89),"pendiente (se asigna en Fase 3, semana 5)"
2657,Enrolled,,UCI id=697 (DOI 10.24432/C5MC89),"pendiente (se asigna en Fase 3, semana 5)"
2658,Dropout,1.0,UCI id=697 (DOI 10.24432/C5MC89),"pendiente (se asigna en Fase 3, semana 5)"
2659,Dropout,1.0,UCI id=697 (DOI 10.24432/C5MC89),"pendiente (se asigna en Fase 3, semana 5)"
2660,Dropout,1.0,UCI id=697 (DOI 10.24432/C5MC89),"pendiente (se asigna en Fase 3, semana 5)"
2661,Graduate,0.0,UCI id=697 (DOI 10.24432/C5MC89),"pendiente (se asigna en Fase 3, semana 5)"
2662,Dropout,1.0,UCI id=697 (DOI 10.24432/C5MC89),"pendiente (se asigna en Fase 3, semana 5)"
2663,Dropout,1.0,UCI id=697 (DOI 10.24432/C5MC89),"pendiente (se asigna en Fase 3, semana 5)"
2664,Graduate,0.0,UCI id=697 (DOI 10.24432/C5MC89),"pendiente (se asigna en Fase 3, semana 5)"
2665,Dropout,1.0,UCI id=697 (DOI 10.24432/C5MC89),"pendiente (se asigna en Fase 3, semana 5)"
2666,Graduate,0.0,UCI id=697 (DOI 10.24432/C5MC89),"pendiente (se asigna en Fase 3, semana 5)"
2667,Dropout,1.0,UCI id=697 (DOI 10.24432/C5MC89),"pendiente (se asigna en Fase 3, semana 5)"
2668,Enrolled,,UCI id=697 (DOI 10.24432/C5MC89),"pendiente (se asigna en Fase 3, semana 5)"
2669,Dropout,1.0,UCI id=697 (DOI 10.24432/C5MC89),"pendiente (se asigna en Fase 3, semana 5)"
2670,Enrolled,,UCI id=697 (DOI 10.24432/C5MC89),"pendiente (se asigna en Fase 3, semana 5)"
2671,Graduate,0.0,UCI id=697 (DOI 10.24432/C5MC89),"pendiente (se asigna en Fase 3, semana 5)"
2672,Dropout,1.0,UCI id=697 (DOI 10.24432/C5MC89),"pendiente (se asigna en Fase 3, semana 5)"
2673,Enrolled,,UCI id=697 (DOI 10.24432/C5MC89),"pendiente (se asigna en Fase 3, semana 5)"
2674,Graduate,0.0,UCI id=697 (DOI 10.24432/C5MC89),"pendiente (se asigna en Fase 3, semana 5)"
2675,Enrolled,,UCI id=697 (DOI 10.24432/C5MC89),"pendiente (se asigna en Fase 3, semana 5)"
2676,Dropout,1.0,UCI id=697 (DOI 10.24432/C5MC89),"pendiente (se asigna en Fase 3, semana 5)"
2677,Graduate,0.0,UCI id=697 (DOI 10.24432/C5MC89),"pendiente (se asigna en Fase 3, semana 5)"
2678,Enrolled,,UCI id=697 (DOI 10.24432/C5MC89),"pendiente (se asigna en Fase 3, semana 5)"
2679,Graduate,0.0,UCI id=697 (DOI 10.24432/C5MC89),"pendiente (se asigna en Fase 3, semana 5)"
2680,Graduate,0.0,UCI id=697 (DOI 10.24432/C5MC89),"pendiente (se asigna en Fase 3, semana 5)"
2681,Dropout,1.0,UCI id=697 (DOI 10.24432/C5MC89),"pendiente (se asigna en Fase 3, semana 5)"
2682,Dropout,1.0,UCI id=697 (DOI 10.24432/C5MC89),"pendiente (se asigna en Fase 3, semana 5)"
2683,Graduate,0.0,UCI id=697 (DOI 10.24432/C5MC89),"pendiente (se asigna en Fase 3, semana 5)"
2684,Dropout,1.0,UCI id=697 (DOI 10.24432/C5MC89),"pendiente (se asigna en Fase 3, semana 5)"
2685,Enrolled,,UCI id=697 (DOI 10.24432/C5MC89),"pendiente (se asigna en Fase 3, semana 5)"
2686,Enrolled,,UCI id=697 (DOI 10.24432/C5MC89),"pendiente (se asigna en Fase 3, semana 5)"
2687,Dropout,1.0,UCI id=697 (DOI 10.24432/C5MC89),"pendiente (se asigna en Fase 3, semana 5)"
2688,Enrolled,,UCI id=697 (DOI 10.24432/C5MC89),"pendiente (se asigna en Fase 3, semana 5)"
2689,Dropout,1.0,UCI id=697 (DOI 10.24432/C5MC89),"pendiente (se asigna en Fase 3, semana 5)"
2690,Dropout,1.0,UCI id=697 (DOI 10.24432/C5MC89),"pendiente (se asigna en Fase 3, semana 5)"
2691,Graduate,0.0,UCI id=697 (DOI 10.24432/C5MC89),"pendiente (se asigna en Fase 3, semana 5)"
2692,Graduate,0.0,UCI id=697 (DOI 10.24432/C5MC89),"pendiente (se asigna en Fase 3, semana 5)"
2693,Graduate,0.0,UCI id=697 (DOI 10.24432/C5MC89),"pendiente (se asigna en Fase 3, semana 5)"
2694,Graduate,0.0,UCI id=697 (DOI 10.24432/C5MC89),"pendiente (se asigna en Fase 3, semana 5)"
2695,Enrolled,,UCI id=697 (DOI 10.24432/C5MC89),"pendiente (se asigna en Fase 3, semana 5)"
2696,Dropout,1.0,UCI id=697 (DOI 10.24432/C5MC89),"pendiente (se asigna en Fase 3, semana 5)"
2697,Enrolled,,UCI id=697 (DOI 10.24432/C5MC89),"pendiente (se asigna en Fase 3, semana 5)"
2698,Dropout,1.0,UCI id=697 (DOI 10.24432/C5MC89),"pendiente (se asigna en Fase 3, semana 5)"
2699,Graduate,0.0,UCI id=697 (DOI 10.24432/C5MC89),"pendiente (se asigna en Fase 3, semana 5)"
2700,Dropout,1.0,UCI id=697 (DOI 10.24432/C5MC89),"pendiente (se asigna en Fase 3, semana 5)"
2701,Dropout,1.0,UCI id=697 (DOI 10.24432/C5MC89),"pendiente (se asigna en Fase 3, semana 5)"
2702,Dropout,1.0,UCI id=697 (DOI 10.24432/C5MC89),"pendiente (se asigna en Fase 3, semana 5)"
2703,Dropout,1.0,UCI id=697 (DOI 10.24432/C5MC89),"pendiente (se asigna en Fase 3, semana 5)"
2704,Enrolled,,UCI id=697 (DOI 10.24432/C5MC89),"pendiente (se asigna en Fase 3, semana 5)"
2705,Dropout,1.0,UCI id=697 (DOI 10.24432/C5MC89),"pendiente (se asigna en Fase 3, semana 5)"
2706,Graduate,0.0,UCI id=697 (DOI 10.24432/C5MC89),"pendiente (se asigna en Fase 3, semana 5)"
2707,Dropout,1.0,UCI id=697 (DOI 10.24432/C5MC89),"pendiente (se asigna en Fase 3, semana 5)"
2708,Graduate,0.0,UCI id=697 (DOI 10.24432/C5MC89),"pendiente (se asigna en Fase 3, semana 5)"
2709,Enrolled,,UCI id=697 (DOI 10.24432/C5MC89),"pendiente (se asigna en Fase 3, semana 5)"
2710,Graduate,0.0,UCI id=697 (DOI 10.24432/C5MC89),"pendiente (se asigna en Fase 3, semana 5)"
2711,Dropout,1.0,UCI id=697 (DOI 10.24432/C5MC89),"pendiente (se asigna en Fase 3, semana 5)"
2712,Dropout,1.0,UCI id=697 (DOI 10.24432/C5MC89),"pendiente (se asigna en Fase 3, semana 5)"
2713,Graduate,0.0,UCI id=697 (DOI 10.24432/C5MC89),"pendiente (se asigna en Fase 3, semana 5)"
2714,Dropout,1.0,UCI id=697 (DOI 10.24432/C5MC89),"pendiente (se asigna en Fase 3, semana 5)"
2715,Graduate,0.0,UCI id=697 (DOI 10.24432/C5MC89),"pendiente (se asigna en Fase 3, semana 5)"
2716,Enrolled,,UCI id=697 (DOI 10.24432/C5MC89),"pendiente (se asigna en Fase 3, semana 5)"
2717,Graduate,0.0,UCI id=697 (DOI 10.24432/C5MC89),"pendiente (se asigna en Fase 3, semana 5)"
2718,Graduate,0.0,UCI id=697 (DOI 10.24432/C5MC89),"pendiente (se asigna en Fase 3, semana 5)"
2719,Graduate,0.0,UCI id=697 (DOI 10.24432/C5MC89),"pendiente (se asigna en Fase 3, semana 5)"
2720,Graduate,0.0,UCI id=697 (DOI 10.24432/C5MC89),"pendiente (se asigna en Fase 3, semana 5)"
2721,Enrolled,,UCI id=697 (DOI 10.24432/C5MC89),"pendiente (se asigna en Fase 3, semana 5)"
2722,Enrolled,,UCI id=697 (DOI 10.24432/C5MC89),"pendiente (se asigna en Fase 3, semana 5)"
2723,Dropout,1.0,UCI id=697 (DOI 10.24432/C5MC89),"pendiente (se asigna en Fase 3, semana 5)"
2724,Graduate,0.0,UCI id=697 (DOI 10.24432/C5MC89),"pendiente (se asigna en Fase 3, semana 5)"
2725,Enrolled,,UCI id=697 (DOI 10.24432/C5MC89),"pendiente (se asigna en Fase 3, semana 5)"
2726,Graduate,0.0,UCI id=697 (DOI 10.24432/C5MC89),"pendiente (se asigna en Fase 3, semana 5)"
2727,Graduate,0.0,UCI id=697 (DOI 10.24432/C5MC89),"pendiente (se asigna en Fase 3, semana 5)"
2728,Enrolled,,UCI id=697 (DOI 10.24432/C5MC89),"pendiente (se asigna en Fase 3, semana 5)"
2729,Graduate,0.0,UCI id=697 (DOI 10.24432/C5MC89),"pendiente (se asigna en Fase 3, semana 5)"
2730,Graduate,0.0,UCI id=697 (DOI 10.24432/C5MC89),"pendiente (se asigna en Fase 3, semana 5)"
2731,Graduate,0.0,UCI id=697 (DOI 10.24432/C5MC89),"pendiente (se asigna en Fase 3, semana 5)"
2732,Enrolled,,UCI id=697 (DOI 10.24432/C5MC89),"pendiente (se asigna en Fase 3, semana 5)"
2733,Enrolled,,UCI id=697 (DOI 10.24432/C5MC89),"pendiente (se asigna en Fase 3, semana 5)"
2734,Graduate,0.0,UCI id=697 (DOI 10.24432/C5MC89),"pendiente (se asigna en Fase 3, semana 5)"
2735,Graduate,0.0,UCI id=697 (DOI 10.24432/C5MC89),"pendiente (se asigna en Fase 3, semana 5)"
2736,Graduate,0.0,UCI id=697 (DOI 10.24432/C5MC89),"pendiente (se asigna en Fase 3, semana 5)"
2737,Dropout,1.0,UCI id=697 (DOI 10.24432/C5MC89),"pendiente (se asigna en Fase 3, semana 5)"
2738,Graduate,0.0,UCI id=697 (DOI 10.24432/C5MC89),"pendiente (se asigna en Fase 3, semana 5)"
2739,Graduate,0.0,UCI id=697 (DOI 10.24432/C5MC89),"pendiente (se asigna en Fase 3, semana 5)"
2740,Graduate,0.0,UCI id=697 (DOI 10.24432/C5MC89),"pendiente (se asigna en Fase 3, semana 5)"
2741,Graduate,0.0,UCI id=697 (DOI 10.24432/C5MC89),"pendiente (se asigna en Fase 3, semana 5)"
2742,Graduate,0.0,UCI id=697 (DOI 10.24432/C5MC89),"pendiente (se asigna en Fase 3, semana 5)"
2743,Graduate,0.0,UCI id=697 (DOI 10.24432/C5MC89),"pendiente (se asigna en Fase 3, semana 5)"
2744,Dropout,1.0,UCI id=697 (DOI 10.24432/C5MC89),"pendiente (se asigna en Fase 3, semana 5)"
2745,Graduate,0.0,UCI id=697 (DOI 10.24432/C5MC89),"pendiente (se asigna en Fase 3, semana 5)"
2746,Enrolled,,UCI id=697 (DOI 10.24432/C5MC89),"pendiente (se asigna en Fase 3, semana 5)"
2747,Dropout,1.0,UCI id=697 (DOI 10.24432/C5MC89),"pendiente (se asigna en Fase 3, semana 5)"
2748,Dropout,1.0,UCI id=697 (DOI 10.24432/C5MC89),"pendiente (se asigna en Fase 3, semana 5)"
2749,Dropout,1.0,UCI id=697 (DOI 10.24432/C5MC89),"pendiente (se asigna en Fase 3, semana 5)"
2750,Dropout,1.0,UCI id=697 (DOI 10.24432/C5MC89),"pendiente (se asigna en Fase 3, semana 5)"
2751,Graduate,0.0,UCI id=697 (DOI 10.24432/C5MC89),"pendiente (se asigna en Fase 3, semana 5)"
2752,Dropout,1.0,UCI id=697 (DOI 10.24432/C5MC89),"pendiente (se asigna en Fase 3, semana 5)"
2753,Graduate,0.0,UCI id=697 (DOI 10.24432/C5MC89),"pendiente (se asigna en Fase 3, semana 5)"
2754,Dropout,1.0,UCI id=697 (DOI 10.24432/C5MC89),"pendiente (se asigna en Fase 3, semana 5)"
2755,Graduate,0.0,UCI id=697 (DOI 10.24432/C5MC89),"pendiente (se asigna en Fase 3, semana 5)"
2756,Dropout,1.0,UCI id=697 (DOI 10.24432/C5MC89),"pendiente (se asigna en Fase 3, semana 5)"
2757,Dropout,1.0,UCI id=697 (DOI 10.24432/C5MC89),"pendiente (se asigna en Fase 3, semana 5)"
2758,Enrolled,,UCI id=697 (DOI 10.24432/C5MC89),"pendiente (se asigna en Fase 3, semana 5)"
2759,Enrolled,,UCI id=697 (DOI 10.24432/C5MC89),"pendiente (se asigna en Fase 3, semana 5)"
2760,Dropout,1.0,UCI id=697 (DOI 10.24432/C5MC89),"pendiente (se asigna en Fase 3, semana 5)"
2761,Enrolled,,UCI id=697 (DOI 10.24432/C5MC89),"pendiente (se asigna en Fase 3, semana 5)"
2762,Enrolled,,UCI id=697 (DOI 10.24432/C5MC89),"pendiente (se asigna en Fase 3, semana 5)"
2763,Graduate,0.0,UCI id=697 (DOI 10.24432/C5MC89),"pendiente (se asigna en Fase 3, semana 5)"
2764,Enrolled,,UCI id=697 (DOI 10.24432/C5MC89),"pendiente (se asigna en Fase 3, semana 5)"
2765,Graduate,0.0,UCI id=697 (DOI 10.24432/C5MC89),"pendiente (se asigna en Fase 3, semana 5)"
2766,Graduate,0.0,UCI id=697 (DOI 10.24432/C5MC89),"pendiente (se asigna en Fase 3, semana 5)"
2767,Dropout,1.0,UCI id=697 (DOI 10.24432/C5MC89),"pendiente (se asigna en Fase 3, semana 5)"
2768,Graduate,0.0,UCI id=697 (DOI 10.24432/C5MC89),"pendiente (se asigna en Fase 3, semana 5)"
2769,Dropout,1.0,UCI id=697 (DOI 10.24432/C5MC89),"pendiente (se asigna en Fase 3, semana 5)"
2770,Graduate,0.0,UCI id=697 (DOI 10.24432/C5MC89),"pendiente (se asigna en Fase 3, semana 5)"
2771,Graduate,0.0,UCI id=697 (DOI 10.24432/C5MC89),"pendiente (se asigna en Fase 3, semana 5)"
2772,Enrolled,,UCI id=697 (DOI 10.24432/C5MC89),"pendiente (se asigna en Fase 3, semana 5)"
2773,Graduate,0.0,UCI id=697 (DOI 10.24432/C5MC89),"pendiente (se asigna en Fase 3, semana 5)"
2774,Enrolled,,UCI id=697 (DOI 10.24432/C5MC89),"pendiente (se asigna en Fase 3, semana 5)"
2775,Graduate,0.0,UCI id=697 (DOI 10.24432/C5MC89),"pendiente (se asigna en Fase 3, semana 5)"
2776,Enrolled,,UCI id=697 (DOI 10.24432/C5MC89),"pendiente (se asigna en Fase 3, semana 5)"
2777,Enrolled,,UCI id=697 (DOI 10.24432/C5MC89),"pendiente (se asigna en Fase 3, semana 5)"
2778,Graduate,0.0,UCI id=697 (DOI 10.24432/C5MC89),"pendiente (se asigna en Fase 3, semana 5)"
2779,Graduate,0.0,UCI id=697 (DOI 10.24432/C5MC89),"pendiente (se asigna en Fase 3, semana 5)"
2780,Graduate,0.0,UCI id=697 (DOI 10.24432/C5MC89),"pendiente (se asigna en Fase 3, semana 5)"
2781,Dropout,1.0,UCI id=697 (DOI 10.24432/C5MC89),"pendiente (se asigna en Fase 3, semana 5)"
2782,Enrolled,,UCI id=697 (DOI 10.24432/C5MC89),"pendiente (se asigna en Fase 3, semana 5)"
2783,Enrolled,,UCI id=697 (DOI 10.24432/C5MC89),"pendiente (se asigna en Fase 3, semana 5)"
2784,Graduate,0.0,UCI id=697 (DOI 10.24432/C5MC89),"pendiente (se asigna en Fase 3, semana 5)"
2785,Graduate,0.0,UCI id=697 (DOI 10.24432/C5MC89),"pendiente (se asigna en Fase 3, semana 5)"
2786,Dropout,1.0,UCI id=697 (DOI 10.24432/C5MC89),"pendiente (se asigna en Fase 3, semana 5)"
2787,Enrolled,,UCI id=697 (DOI 10.24432/C5MC89),"pendiente (se asigna en Fase 3, semana 5)"
2788,Dropout,1.0,UCI id=697 (DOI 10.24432/C5MC89),"pendiente (se asigna en Fase 3, semana 5)"
2789,Dropout,1.0,UCI id=697 (DOI 10.24432/C5MC89),"pendiente (se asigna en Fase 3, semana 5)"
2790,Dropout,1.0,UCI id=697 (DOI 10.24432/C5MC89),"pendiente (se asigna en Fase 3, semana 5)"
2791,Graduate,0.0,UCI id=697 (DOI 10.24432/C5MC89),"pendiente (se asigna en Fase 3, semana 5)"
2792,Graduate,0.0,UCI id=697 (DOI 10.24432/C5MC89),"pendiente (se asigna en Fase 3, semana 5)"
2793,Graduate,0.0,UCI id=697 (DOI 10.24432/C5MC89),"pendiente (se asigna en Fase 3, semana 5)"
2794,Enrolled,,UCI id=697 (DOI 10.24432/C5MC89),"pendiente (se asigna en Fase 3, semana 5)"
2795,Graduate,0.0,UCI id=697 (DOI 10.24432/C5MC89),"pendiente (se asigna en Fase 3, semana 5)"
2796,Dropout,1.0,UCI id=697 (DOI 10.24432/C5MC89),"pendiente (se asigna en Fase 3, semana 5)"
2797,Graduate,0.0,UCI id=697 (DOI 10.24432/C5MC89),"pendiente (se asigna en Fase 3, semana 5)"
2798,Graduate,0.0,UCI id=697 (DOI 10.24432/C5MC89),"pendiente (se asigna en Fase 3, semana 5)"
2799,Dropout,1.0,UCI id=697 (DOI 10.24432/C5MC89),"pendiente (se asigna en Fase 3, semana 5)"
2800,Graduate,0.0,UCI id=697 (DOI 10.24432/C5MC89),"pendiente (se asigna en Fase 3, semana 5)"
2801,Dropout,1.0,UCI id=697 (DOI 10.24432/C5MC89),"pendiente (se asigna en Fase 3, semana 5)"
2802,Graduate,0.0,UCI id=697 (DOI 10.24432/C5MC89),"pendiente (se asigna en Fase 3, semana 5)"
2803,Graduate,0.0,UCI id=697 (DOI 10.24432/C5MC89),"pendiente (se asigna en Fase 3, semana 5)"
2804,Graduate,0.0,UCI id=697 (DOI 10.24432/C5MC89),"pendiente (se asigna en Fase 3, semana 5)"
2805,Graduate,0.0,UCI id=697 (DOI 10.24432/C5MC89),"pendiente (se asigna en Fase 3, semana 5)"
2806,Graduate,0.0,UCI id=697 (DOI 10.24432/C5MC89),"pendiente (se asigna en Fase 3, semana 5)"
2807,Enrolled,,UCI id=697 (DOI 10.24432/C5MC89),"pendiente (se asigna en Fase 3, semana 5)"
2808,Graduate,0.0,UCI id=697 (DOI 10.24432/C5MC89),"pendiente (se asigna en Fase 3, semana 5)"
2809,Enrolled,,UCI id=697 (DOI 10.24432/C5MC89),"pendiente (se asigna en Fase 3, semana 5)"
2810,Graduate,0.0,UCI id=697 (DOI 10.24432/C5MC89),"pendiente (se asigna en Fase 3, semana 5)"
2811,Dropout,1.0,UCI id=697 (DOI 10.24432/C5MC89),"pendiente (se asigna en Fase 3, semana 5)"
2812,Graduate,0.0,UCI id=697 (DOI 10.24432/C5MC89),"pendiente (se asigna en Fase 3, semana 5)"
2813,Graduate,0.0,UCI id=697 (DOI 10.24432/C5MC89),"pendiente (se asigna en Fase 3, semana 5)"
2814,Graduate,0.0,UCI id=697 (DOI 10.24432/C5MC89),"pendiente (se asigna en Fase 3, semana 5)"
2815,Graduate,0.0,UCI id=697 (DOI 10.24432/C5MC89),"pendiente (se asigna en Fase 3, semana 5)"
2816,Graduate,0.0,UCI id=697 (DOI 10.24432/C5MC89),"pendiente (se asigna en Fase 3, semana 5)"
2817,Enrolled,,UCI id=697 (DOI 10.24432/C5MC89),"pendiente (se asigna en Fase 3, semana 5)"
2818,Graduate,0.0,UCI id=697 (DOI 10.24432/C5MC89),"pendiente (se asigna en Fase 3, semana 5)"
2819,Enrolled,,UCI id=697 (DOI 10.24432/C5MC89),"pendiente (se asigna en Fase 3, semana 5)"
2820,Graduate,0.0,UCI id=697 (DOI 10.24432/C5MC89),"pendiente (se asigna en Fase 3, semana 5)"
2821,Dropout,1.0,UCI id=697 (DOI 10.24432/C5MC89),"pendiente (se asigna en Fase 3, semana 5)"
2822,Graduate,0.0,UCI id=697 (DOI 10.24432/C5MC89),"pendiente (se asigna en Fase 3, semana 5)"
2823,Enrolled,,UCI id=697 (DOI 10.24432/C5MC89),"pendiente (se asigna en Fase 3, semana 5)"
2824,Enrolled,,UCI id=697 (DOI 10.24432/C5MC89),"pendiente (se asigna en Fase 3, semana 5)"
2825,Dropout,1.0,UCI id=697 (DOI 10.24432/C5MC89),"pendiente (se asigna en Fase 3, semana 5)"
2826,Graduate,0.0,UCI id=697 (DOI 10.24432/C5MC89),"pendiente (se asigna en Fase 3, semana 5)"
2827,Graduate,0.0,UCI id=697 (DOI 10.24432/C5MC89),"pendiente (se asigna en Fase 3, semana 5)"
2828,Enrolled,,UCI id=697 (DOI 10.24432/C5MC89),"pendiente (se asigna en Fase 3, semana 5)"
2829,Dropout,1.0,UCI id=697 (DOI 10.24432/C5MC89),"pendiente (se asigna en Fase 3, semana 5)"
2830,Graduate,0.0,UCI id=697 (DOI 10.24432/C5MC89),"pendiente (se asigna en Fase 3, semana 5)"
2831,Enrolled,,UCI id=697 (DOI 10.24432/C5MC89),"pendiente (se asigna en Fase 3, semana 5)"
2832,Enrolled,,UCI id=697 (DOI 10.24432/C5MC89),"pendiente (se asigna en Fase 3, semana 5)"
2833,Enrolled,,UCI id=697 (DOI 10.24432/C5MC89),"pendiente (se asigna en Fase 3, semana 5)"
2834,Graduate,0.0,UCI id=697 (DOI 10.24432/C5MC89),"pendiente (se asigna en Fase 3, semana 5)"
2835,Graduate,0.0,UCI id=697 (DOI 10.24432/C5MC89),"pendiente (se asigna en Fase 3, semana 5)"
2836,Dropout,1.0,UCI id=697 (DOI 10.24432/C5MC89),"pendiente (se asigna en Fase 3, semana 5)"
2837,Enrolled,,UCI id=697 (DOI 10.24432/C5MC89),"pendiente (se asigna en Fase 3, semana 5)"
2838,Dropout,1.0,UCI id=697 (DOI 10.24432/C5MC89),"pendiente (se asigna en Fase 3, semana 5)"
2839,Graduate,0.0,UCI id=697 (DOI 10.24432/C5MC89),"pendiente (se asigna en Fase 3, semana 5)"
2840,Enrolled,,UCI id=697 (DOI 10.24432/C5MC89),"pendiente (se asigna en Fase 3, semana 5)"
2841,Graduate,0.0,UCI id=697 (DOI 10.24432/C5MC89),"pendiente (se asigna en Fase 3, semana 5)"
2842,Graduate,0.0,UCI id=697 (DOI 10.24432/C5MC89),"pendiente (se asigna en Fase 3, semana 5)"
2843,Dropout,1.0,UCI id=697 (DOI 10.24432/C5MC89),"pendiente (se asigna en Fase 3, semana 5)"
2844,Enrolled,,UCI id=697 (DOI 10.24432/C5MC89),"pendiente (se asigna en Fase 3, semana 5)"
2845,Graduate,0.0,UCI id=697 (DOI 10.24432/C5MC89),"pendiente (se asigna en Fase 3, semana 5)"
2846,Dropout,1.0,UCI id=697 (DOI 10.24432/C5MC89),"pendiente (se asigna en Fase 3, semana 5)"
2847,Dropout,1.0,UCI id=697 (DOI 10.24432/C5MC89),"pendiente (se asigna en Fase 3, semana 5)"
2848,Dropout,1.0,UCI id=697 (DOI 10.24432/C5MC89),"pendiente (se asigna en Fase 3, semana 5)"
2849,Graduate,0.0,UCI id=697 (DOI 10.24432/C5MC89),"pendiente (se asigna en Fase 3, semana 5)"
2850,Dropout,1.0,UCI id=697 (DOI 10.24432/C5MC89),"pendiente (se asigna en Fase 3, semana 5)"
2851,Graduate,0.0,UCI id=697 (DOI 10.24432/C5MC89),"pendiente (se asigna en Fase 3, semana 5)"
2852,Graduate,0.0,UCI id=697 (DOI 10.24432/C5MC89),"pendiente (se asigna en Fase 3, semana 5)"
2853,Graduate,0.0,UCI id=697 (DOI 10.24432/C5MC89),"pendiente (se asigna en Fase 3, semana 5)"
2854,Dropout,1.0,UCI id=697 (DOI 10.24432/C5MC89),"pendiente (se asigna en Fase 3, semana 5)"
2855,Dropout,1.0,UCI id=697 (DOI 10.24432/C5MC89),"pendiente (se asigna en Fase 3, semana 5)"
2856,Graduate,0.0,UCI id=697 (DOI 10.24432/C5MC89),"pendiente (se asigna en Fase 3, semana 5)"
2857,Dropout,1.0,UCI id=697 (DOI 10.24432/C5MC89),"pendiente (se asigna en Fase 3, semana 5)"
2858,Graduate,0.0,UCI id=697 (DOI 10.24432/C5MC89),"pendiente (se asigna en Fase 3, semana 5)"
2859,Enrolled,,UCI id=697 (DOI 10.24432/C5MC89),"pendiente (se asigna en Fase 3, semana 5)"
2860,Graduate,0.0,UCI id=697 (DOI 10.24432/C5MC89),"pendiente (se asigna en Fase 3, semana 5)"
2861,Graduate,0.0,UCI id=697 (DOI 10.24432/C5MC89),"pendiente (se asigna en Fase 3, semana 5)"
2862,Graduate,0.0,UCI id=697 (DOI 10.24432/C5MC89),"pendiente (se asigna en Fase 3, semana 5)"
2863,Graduate,0.0,UCI id=697 (DOI 10.24432/C5MC89),"pendiente (se asigna en Fase 3, semana 5)"
2864,Dropout,1.0,UCI id=697 (DOI 10.24432/C5MC89),"pendiente (se asigna en Fase 3, semana 5)"
2865,Graduate,0.0,UCI id=697 (DOI 10.24432/C5MC89),"pendiente (se asigna en Fase 3, semana 5)"
2866,Dropout,1.0,UCI id=697 (DOI 10.24432/C5MC89),"pendiente (se asigna en Fase 3, semana 5)"
2867,Graduate,0.0,UCI id=697 (DOI 10.24432/C5MC89),"pendiente (se asigna en Fase 3, semana 5)"
2868,Enrolled,,UCI id=697 (DOI 10.24432/C5MC89),"pendiente (se asigna en Fase 3, semana 5)"
2869,Graduate,0.0,UCI id=697 (DOI 10.24432/C5MC89),"pendiente (se asigna en Fase 3, semana 5)"
2870,Graduate,0.0,UCI id=697 (DOI 10.24432/C5MC89),"pendiente (se asigna en Fase 3, semana 5)"
2871,Dropout,1.0,UCI id=697 (DOI 10.24432/C5MC89),"pendiente (se asigna en Fase 3, semana 5)"
2872,Enrolled,,UCI id=697 (DOI 10.24432/C5MC89),"pendiente (se asigna en Fase 3, semana 5)"
2873,Graduate,0.0,UCI id=697 (DOI 10.24432/C5MC89),"pendiente (se asigna en Fase 3, semana 5)"
2874,Dropout,1.0,UCI id=697 (DOI 10.24432/C5MC89),"pendiente (se asigna en Fase 3, semana 5)"
2875,Enrolled,,UCI id=697 (DOI 10.24432/C5MC89),"pendiente (se asigna en Fase 3, semana 5)"
2876,Dropout,1.0,UCI id=697 (DOI 10.24432/C5MC89),"pendiente (se asigna en Fase 3, semana 5)"
2877,Enrolled,,UCI id=697 (DOI 10.24432/C5MC89),"pendiente (se asigna en Fase 3, semana 5)"
2878,Dropout,1.0,UCI id=697 (DOI 10.24432/C5MC89),"pendiente (se asigna en Fase 3, semana 5)"
2879,Dropout,1.0,UCI id=697 (DOI 10.24432/C5MC89),"pendiente (se asigna en Fase 3, semana 5)"
2880,Graduate,0.0,UCI id=697 (DOI 10.24432/C5MC89),"pendiente (se asigna en Fase 3, semana 5)"
2881,Enrolled,,UCI id=697 (DOI 10.24432/C5MC89),"pendiente (se asigna en Fase 3, semana 5)"
2882,Dropout,1.0,UCI id=697 (DOI 10.24432/C5MC89),"pendiente (se asigna en Fase 3, semana 5)"
2883,Graduate,0.0,UCI id=697 (DOI 10.24432/C5MC89),"pendiente (se asigna en Fase 3, semana 5)"
2884,Graduate,0.0,UCI id=697 (DOI 10.24432/C5MC89),"pendiente (se asigna en Fase 3, semana 5)"
2885,Graduate,0.0,UCI id=697 (DOI 10.24432/C5MC89),"pendiente (se asigna en Fase 3, semana 5)"
2886,Graduate,0.0,UCI id=697 (DOI 10.24432/C5MC89),"pendiente (se asigna en Fase 3, semana 5)"
2887,Graduate,0.0,UCI id=697 (DOI 10.24432/C5MC89),"pendiente (se asigna en Fase 3, semana 5)"
2888,Graduate,0.0,UCI id=697 (DOI 10.24432/C5MC89),"pendiente (se asigna en Fase 3, semana 5)"
2889,Graduate,0.0,UCI id=697 (DOI 10.24432/C5MC89),"pendiente (se asigna en Fase 3, semana 5)"
2890,Graduate,0.0,UCI id=697 (DOI 10.24432/C5MC89),"pendiente (se asigna en Fase 3, semana 5)"
2891,Dropout,1.0,UCI id=697 (DOI 10.24432/C5MC89),"pendiente (se asigna en Fase 3, semana 5)"
2892,Graduate,0.0,UCI id=697 (DOI 10.24432/C5MC89),"pendiente (se asigna en Fase 3, semana 5)"
2893,Dropout,1.0,UCI id=697 (DOI 10.24432/C5MC89),"pendiente (se asigna en Fase 3, semana 5)"
2894,Graduate,0.0,UCI id=697 (DOI 10.24432/C5MC89),"pendiente (se asigna en Fase 3, semana 5)"
2895,Graduate,0.0,UCI id=697 (DOI 10.24432/C5MC89),"pendiente (se asigna en Fase 3, semana 5)"
2896,Enrolled,,UCI id=697 (DOI 10.24432/C5MC89),"pendiente (se asigna en Fase 3, semana 5)"
2897,Graduate,0.0,UCI id=697 (DOI 10.24432/C5MC89),"pendiente (se asigna en Fase 3, semana 5)"
2898,Graduate,0.0,UCI id=697 (DOI 10.24432/C5MC89),"pendiente (se asigna en Fase 3, semana 5)"
2899,Graduate,0.0,UCI id=697 (DOI 10.24432/C5MC89),"pendiente (se asigna en Fase 3, semana 5)"
2900,Enrolled,,UCI id=697 (DOI 10.24432/C5MC89),"pendiente (se asigna en Fase 3, semana 5)"
2901,Dropout,1.0,UCI id=697 (DOI 10.24432/C5MC89),"pendiente (se asigna en Fase 3, semana 5)"
2902,Graduate,0.0,UCI id=697 (DOI 10.24432/C5MC89),"pendiente (se asigna en Fase 3, semana 5)"
2903,Graduate,0.0,UCI id=697 (DOI 10.24432/C5MC89),"pendiente (se asigna en Fase 3, semana 5)"
2904,Dropout,1.0,UCI id=697 (DOI 10.24432/C5MC89),"pendiente (se asigna en Fase 3, semana 5)"
2905,Graduate,0.0,UCI id=697 (DOI 10.24432/C5MC89),"pendiente (se asigna en Fase 3, semana 5)"
2906,Graduate,0.0,UCI id=697 (DOI 10.24432/C5MC89),"pendiente (se asigna en Fase 3, semana 5)"
2907,Graduate,0.0,UCI id=697 (DOI 10.24432/C5MC89),"pendiente (se asigna en Fase 3, semana 5)"
2908,Graduate,0.0,UCI id=697 (DOI 10.24432/C5MC89),"pendiente (se asigna en Fase 3, semana 5)"
2909,Dropout,1.0,UCI id=697 (DOI 10.24432/C5MC89),"pendiente (se asigna en Fase 3, semana 5)"
2910,Dropout,1.0,UCI id=697 (DOI 10.24432/C5MC89),"pendiente (se asigna en Fase 3, semana 5)"
2911,Graduate,0.0,UCI id=697 (DOI 10.24432/C5MC89),"pendiente (se asigna en Fase 3, semana 5)"
2912,Dropout,1.0,UCI id=697 (DOI 10.24432/C5MC89),"pendiente (se asigna en Fase 3, semana 5)"
2913,Graduate,0.0,UCI id=697 (DOI 10.24432/C5MC89),"pendiente (se asigna en Fase 3, semana 5)"
2914,Dropout,1.0,UCI id=697 (DOI 10.24432/C5MC89),"pendiente (se asigna en Fase 3, semana 5)"
2915,Enrolled,,UCI id=697 (DOI 10.24432/C5MC89),"pendiente (se asigna en Fase 3, semana 5)"
2916,Graduate,0.0,UCI id=697 (DOI 10.24432/C5MC89),"pendiente (se asigna en Fase 3, semana 5)"
2917,Graduate,0.0,UCI id=697 (DOI 10.24432/C5MC89),"pendiente (se asigna en Fase 3, semana 5)"
2918,Dropout,1.0,UCI id=697 (DOI 10.24432/C5MC89),"pendiente (se asigna en Fase 3, semana 5)"
2919,Dropout,1.0,UCI id=697 (DOI 10.24432/C5MC89),"pendiente (se asigna en Fase 3, semana 5)"
2920,Graduate,0.0,UCI id=697 (DOI 10.24432/C5MC89),"pendiente (se asigna en Fase 3, semana 5)"
2921,Enrolled,,UCI id=697 (DOI 10.24432/C5MC89),"pendiente (se asigna en Fase 3, semana 5)"
2922,Dropout,1.0,UCI id=697 (DOI 10.24432/C5MC89),"pendiente (se asigna en Fase 3, semana 5)"
2923,Dropout,1.0,UCI id=697 (DOI 10.24432/C5MC89),"pendiente (se asigna en Fase 3, semana 5)"
2924,Graduate,0.0,UCI id=697 (DOI 10.24432/C5MC89),"pendiente (se asigna en Fase 3, semana 5)"
2925,Graduate,0.0,UCI id=697 (DOI 10.24432/C5MC89),"pendiente (se asigna en Fase 3, semana 5)"
2926,Graduate,0.0,UCI id=697 (DOI 10.24432/C5MC89),"pendiente (se asigna en Fase 3, semana 5)"
2927,Graduate,0.0,UCI id=697 (DOI 10.24432/C5MC89),"pendiente (se asigna en Fase 3, semana 5)"
2928,Dropout,1.0,UCI id=697 (DOI 10.24432/C5MC89),"pendiente (se asigna en Fase 3, semana 5)"
2929,Enrolled,,UCI id=697 (DOI 10.24432/C5MC89),"pendiente (se asigna en Fase 3, semana 5)"
2930,Dropout,1.0,UCI id=697 (DOI 10.24432/C5MC89),"pendiente (se asigna en Fase 3, semana 5)"
2931,Dropout,1.0,UCI id=697 (DOI 10.24432/C5MC89),"pendiente (se asigna en Fase 3, semana 5)"
2932,Dropout,1.0,UCI id=697 (DOI 10.24432/C5MC89),"pendiente (se asigna en Fase 3, semana 5)"
2933,Graduate,0.0,UCI id=697 (DOI 10.24432/C5MC89),"pendiente (se asigna en Fase 3, semana 5)"
2934,Dropout,1.0,UCI id=697 (DOI 10.24432/C5MC89),"pendiente (se asigna en Fase 3, semana 5)"
2935,Dropout,1.0,UCI id=697 (DOI 10.24432/C5MC89),"pendiente (se asigna en Fase 3, semana 5)"
2936,Dropout,1.0,UCI id=697 (DOI 10.24432/C5MC89),"pendiente (se asigna en Fase 3, semana 5)"
2937,Dropout,1.0,UCI id=697 (DOI 10.24432/C5MC89),"pendiente (se asigna en Fase 3, semana 5)"
2938,Enrolled,,UCI id=697 (DOI 10.24432/C5MC89),"pendiente (se asigna en Fase 3, semana 5)"
2939,Dropout,1.0,UCI id=697 (DOI 10.24432/C5MC89),"pendiente (se asigna en Fase 3, semana 5)"
2940,Graduate,0.0,UCI id=697 (DOI 10.24432/C5MC89),"pendiente (se asigna en Fase 3, semana 5)"
2941,Enrolled,,UCI id=697 (DOI 10.24432/C5MC89),"pendiente (se asigna en Fase 3, semana 5)"
2942,Graduate,0.0,UCI id=697 (DOI 10.24432/C5MC89),"pendiente (se asigna en Fase 3, semana 5)"
2943,Graduate,0.0,UCI id=697 (DOI 10.24432/C5MC89),"pendiente (se asigna en Fase 3, semana 5)"
2944,Graduate,0.0,UCI id=697 (DOI 10.24432/C5MC89),"pendiente (se asigna en Fase 3, semana 5)"
2945,Dropout,1.0,UCI id=697 (DOI 10.24432/C5MC89),"pendiente (se asigna en Fase 3, semana 5)"
2946,Dropout,1.0,UCI id=697 (DOI 10.24432/C5MC89),"pendiente (se asigna en Fase 3, semana 5)"
2947,Graduate,0.0,UCI id=697 (DOI 10.24432/C5MC89),"pendiente (se asigna en Fase 3, semana 5)"
2948,Graduate,0.0,UCI id=697 (DOI 10.24432/C5MC89),"pendiente (se asigna en Fase 3, semana 5)"
2949,Dropout,1.0,UCI id=697 (DOI 10.24432/C5MC89),"pendiente (se asigna en Fase 3, semana 5)"
2950,Graduate,0.0,UCI id=697 (DOI 10.24432/C5MC89),"pendiente (se asigna en Fase 3, semana 5)"
2951,Graduate,0.0,UCI id=697 (DOI 10.24432/C5MC89),"pendiente (se asigna en Fase 3, semana 5)"
2952,Enrolled,,UCI id=697 (DOI 10.24432/C5MC89),"pendiente (se asigna en Fase 3, semana 5)"
2953,Dropout,1.0,UCI id=697 (DOI 10.24432/C5MC89),"pendiente (se asigna en Fase 3, semana 5)"
2954,Graduate,0.0,UCI id=697 (DOI 10.24432/C5MC89),"pendiente (se asigna en Fase 3, semana 5)"
2955,Graduate,0.0,UCI id=697 (DOI 10.24432/C5MC89),"pendiente (se asigna en Fase 3, semana 5)"
2956,Dropout,1.0,UCI id=697 (DOI 10.24432/C5MC89),"pendiente (se asigna en Fase 3, semana 5)"
2957,Graduate,0.0,UCI id=697 (DOI 10.24432/C5MC89),"pendiente (se asigna en Fase 3, semana 5)"
2958,Dropout,1.0,UCI id=697 (DOI 10.24432/C5MC89),"pendiente (se asigna en Fase 3, semana 5)"
2959,Graduate,0.0,UCI id=697 (DOI 10.24432/C5MC89),"pendiente (se asigna en Fase 3, semana 5)"
2960,Graduate,0.0,UCI id=697 (DOI 10.24432/C5MC89),"pendiente (se asigna en Fase 3, semana 5)"
2961,Graduate,0.0,UCI id=697 (DOI 10.24432/C5MC89),"pendiente (se asigna en Fase 3, semana 5)"
2962,Dropout,1.0,UCI id=697 (DOI 10.24432/C5MC89),"pendiente (se asigna en Fase 3, semana 5)"
2963,Graduate,0.0,UCI id=697 (DOI 10.24432/C5MC89),"pendiente (se asigna en Fase 3, semana 5)"
2964,Dropout,1.0,UCI id=697 (DOI 10.24432/C5MC89),"pendiente (se asigna en Fase 3, semana 5)"
2965,Graduate,0.0,UCI id=697 (DOI 10.24432/C5MC89),"pendiente (se asigna en Fase 3, semana 5)"
2966,Graduate,0.0,UCI id=697 (DOI 10.24432/C5MC89),"pendiente (se asigna en Fase 3, semana 5)"
2967,Enrolled,,UCI id=697 (DOI 10.24432/C5MC89),"pendiente (se asigna en Fase 3, semana 5)"
2968,Graduate,0.0,UCI id=697 (DOI 10.24432/C5MC89),"pendiente (se asigna en Fase 3, semana 5)"
2969,Graduate,0.0,UCI id=697 (DOI 10.24432/C5MC89),"pendiente (se asigna en Fase 3, semana 5)"
2970,Graduate,0.0,UCI id=697 (DOI 10.24432/C5MC89),"pendiente (se asigna en Fase 3, semana 5)"
2971,Dropout,1.0,UCI id=697 (DOI 10.24432/C5MC89),"pendiente (se asigna en Fase 3, semana 5)"
2972,Enrolled,,UCI id=697 (DOI 10.24432/C5MC89),"pendiente (se asigna en Fase 3, semana 5)"
2973,Graduate,0.0,UCI id=697 (DOI 10.24432/C5MC89),"pendiente (se asigna en Fase 3, semana 5)"
2974,Dropout,1.0,UCI id=697 (DOI 10.24432/C5MC89),"pendiente (se asigna en Fase 3, semana 5)"
2975,Graduate,0.0,UCI id=697 (DOI 10.24432/C5MC89),"pendiente (se asigna en Fase 3, semana 5)"
2976,Graduate,0.0,UCI id=697 (DOI 10.24432/C5MC89),"pendiente (se asigna en Fase 3, semana 5)"
2977,Dropout,1.0,UCI id=697 (DOI 10.24432/C5MC89),"pendiente (se asigna en Fase 3, semana 5)"
2978,Graduate,0.0,UCI id=697 (DOI 10.24432/C5MC89),"pendiente (se asigna en Fase 3, semana 5)"
2979,Dropout,1.0,UCI id=697 (DOI 10.24432/C5MC89),"pendiente (se asigna en Fase 3, semana 5)"
2980,Graduate,0.0,UCI id=697 (DOI 10.24432/C5MC89),"pendiente (se asigna en Fase 3, semana 5)"
2981,Graduate,0.0,UCI id=697 (DOI 10.24432/C5MC89),"pendiente (se asigna en Fase 3, semana 5)"
2982,Graduate,0.0,UCI id=697 (DOI 10.24432/C5MC89),"pendiente (se asigna en Fase 3, semana 5)"
2983,Graduate,0.0,UCI id=697 (DOI 10.24432/C5MC89),"pendiente (se asigna en Fase 3, semana 5)"
2984,Graduate,0.0,UCI id=697 (DOI 10.24432/C5MC89),"pendiente (se asigna en Fase 3, semana 5)"
2985,Graduate,0.0,UCI id=697 (DOI 10.24432/C5MC89),"pendiente (se asigna en Fase 3, semana 5)"
2986,Enrolled,,UCI id=697 (DOI 10.24432/C5MC89),"pendiente (se asigna en Fase 3, semana 5)"
2987,Graduate,0.0,UCI id=697 (DOI 10.24432/C5MC89),"pendiente (se asigna en Fase 3, semana 5)"
2988,Graduate,0.0,UCI id=697 (DOI 10.24432/C5MC89),"pendiente (se asigna en Fase 3, semana 5)"
2989,Enrolled,,UCI id=697 (DOI 10.24432/C5MC89),"pendiente (se asigna en Fase 3, semana 5)"
2990,Graduate,0.0,UCI id=697 (DOI 10.24432/C5MC89),"pendiente (se asigna en Fase 3, semana 5)"
2991,Graduate,0.0,UCI id=697 (DOI 10.24432/C5MC89),"pendiente (se asigna en Fase 3, semana 5)"
2992,Dropout,1.0,UCI id=697 (DOI 10.24432/C5MC89),"pendiente (se asigna en Fase 3, semana 5)"
2993,Graduate,0.0,UCI id=697 (DOI 10.24432/C5MC89),"pendiente (se asigna en Fase 3, semana 5)"
2994,Graduate,0.0,UCI id=697 (DOI 10.24432/C5MC89),"pendiente (se asigna en Fase 3, semana 5)"
2995,Graduate,0.0,UCI id=697 (DOI 10.24432/C5MC89),"pendiente (se asigna en Fase 3, semana 5)"
2996,Graduate,0.0,UCI id=697 (DOI 10.24432/C5MC89),"pendiente (se asigna en Fase 3, semana 5)"
2997,Enrolled,,UCI id=697 (DOI 10.24432/C5MC89),"pendiente (se asigna en Fase 3, semana 5)"
2998,Graduate,0.0,UCI id=697 (DOI 10.24432/C5MC89),"pendiente (se asigna en Fase 3, semana 5)"
2999,Dropout,1.0,UCI id=697 (DOI 10.24432/C5MC89),"pendiente (se asigna en Fase 3, semana 5)"
3000,Enrolled,,UCI id=697 (DOI 10.24432/C5MC89),"pendiente (se asigna en Fase 3, semana 5)"
3001,Graduate,0.0,UCI id=697 (DOI 10.24432/C5MC89),"pendiente (se asigna en Fase 3, semana 5)"
3002,Dropout,1.0,UCI id=697 (DOI 10.24432/C5MC89),"pendiente (se asigna en Fase 3, semana 5)"
3003,Dropout,1.0,UCI id=697 (DOI 10.24432/C5MC89),"pendiente (se asigna en Fase 3, semana 5)"
3004,Graduate,0.0,UCI id=697 (DOI 10.24432/C5MC89),"pendiente (se asigna en Fase 3, semana 5)"
3005,Graduate,0.0,UCI id=697 (DOI 10.24432/C5MC89),"pendiente (se asigna en Fase 3, semana 5)"
3006,Graduate,0.0,UCI id=697 (DOI 10.24432/C5MC89),"pendiente (se asigna en Fase 3, semana 5)"
3007,Enrolled,,UCI id=697 (DOI 10.24432/C5MC89),"pendiente (se asigna en Fase 3, semana 5)"
3008,Dropout,1.0,UCI id=697 (DOI 10.24432/C5MC89),"pendiente (se asigna en Fase 3, semana 5)"
3009,Graduate,0.0,UCI id=697 (DOI 10.24432/C5MC89),"pendiente (se asigna en Fase 3, semana 5)"
3010,Graduate,0.0,UCI id=697 (DOI 10.24432/C5MC89),"pendiente (se asigna en Fase 3, semana 5)"
3011,Dropout,1.0,UCI id=697 (DOI 10.24432/C5MC89),"pendiente (se asigna en Fase 3, semana 5)"
3012,Graduate,0.0,UCI id=697 (DOI 10.24432/C5MC89),"pendiente (se asigna en Fase 3, semana 5)"
3013,Graduate,0.0,UCI id=697 (DOI 10.24432/C5MC89),"pendiente (se asigna en Fase 3, semana 5)"
3014,Dropout,1.0,UCI id=697 (DOI 10.24432/C5MC89),"pendiente (se asigna en Fase 3, semana 5)"
3015,Graduate,0.0,UCI id=697 (DOI 10.24432/C5MC89),"pendiente (se asigna en Fase 3, semana 5)"
3016,Graduate,0.0,UCI id=697 (DOI 10.24432/C5MC89),"pendiente (se asigna en Fase 3, semana 5)"
3017,Graduate,0.0,UCI id=697 (DOI 10.24432/C5MC89),"pendiente (se asigna en Fase 3, semana 5)"
3018,Graduate,0.0,UCI id=697 (DOI 10.24432/C5MC89),"pendiente (se asigna en Fase 3, semana 5)"
3019,Graduate,0.0,UCI id=697 (DOI 10.24432/C5MC89),"pendiente (se asigna en Fase 3, semana 5)"
3020,Graduate,0.0,UCI id=697 (DOI 10.24432/C5MC89),"pendiente (se asigna en Fase 3, semana 5)"
3021,Graduate,0.0,UCI id=697 (DOI 10.24432/C5MC89),"pendiente (se asigna en Fase 3, semana 5)"
3022,Dropout,1.0,UCI id=697 (DOI 10.24432/C5MC89),"pendiente (se asigna en Fase 3, semana 5)"
3023,Graduate,0.0,UCI id=697 (DOI 10.24432/C5MC89),"pendiente (se asigna en Fase 3, semana 5)"
3024,Graduate,0.0,UCI id=697 (DOI 10.24432/C5MC89),"pendiente (se asigna en Fase 3, semana 5)"
3025,Graduate,0.0,UCI id=697 (DOI 10.24432/C5MC89),"pendiente (se asigna en Fase 3, semana 5)"
3026,Enrolled,,UCI id=697 (DOI 10.24432/C5MC89),"pendiente (se asigna en Fase 3, semana 5)"
3027,Dropout,1.0,UCI id=697 (DOI 10.24432/C5MC89),"pendiente (se asigna en Fase 3, semana 5)"
3028,Graduate,0.0,UCI id=697 (DOI 10.24432/C5MC89),"pendiente (se asigna en Fase 3, semana 5)"
3029,Graduate,0.0,UCI id=697 (DOI 10.24432/C5MC89),"pendiente (se asigna en Fase 3, semana 5)"
3030,Dropout,1.0,UCI id=697 (DOI 10.24432/C5MC89),"pendiente (se asigna en Fase 3, semana 5)"
3031,Graduate,0.0,UCI id=697 (DOI 10.24432/C5MC89),"pendiente (se asigna en Fase 3, semana 5)"
3032,Graduate,0.0,UCI id=697 (DOI 10.24432/C5MC89),"pendiente (se asigna en Fase 3, semana 5)"
3033,Graduate,0.0,UCI id=697 (DOI 10.24432/C5MC89),"pendiente (se asigna en Fase 3, semana 5)"
3034,Graduate,0.0,UCI id=697 (DOI 10.24432/C5MC89),"pendiente (se asigna en Fase 3, semana 5)"
3035,Graduate,0.0,UCI id=697 (DOI 10.24432/C5MC89),"pendiente (se asigna en Fase 3, semana 5)"
3036,Dropout,1.0,UCI id=697 (DOI 10.24432/C5MC89),"pendiente (se asigna en Fase 3, semana 5)"
3037,Graduate,0.0,UCI id=697 (DOI 10.24432/C5MC89),"pendiente (se asigna en Fase 3, semana 5)"
3038,Graduate,0.0,UCI id=697 (DOI 10.24432/C5MC89),"pendiente (se asigna en Fase 3, semana 5)"
3039,Dropout,1.0,UCI id=697 (DOI 10.24432/C5MC89),"pendiente (se asigna en Fase 3, semana 5)"
3040,Dropout,1.0,UCI id=697 (DOI 10.24432/C5MC89),"pendiente (se asigna en Fase 3, semana 5)"
3041,Enrolled,,UCI id=697 (DOI 10.24432/C5MC89),"pendiente (se asigna en Fase 3, semana 5)"
3042,Graduate,0.0,UCI id=697 (DOI 10.24432/C5MC89),"pendiente (se asigna en Fase 3, semana 5)"
3043,Graduate,0.0,UCI id=697 (DOI 10.24432/C5MC89),"pendiente (se asigna en Fase 3, semana 5)"
3044,Graduate,0.0,UCI id=697 (DOI 10.24432/C5MC89),"pendiente (se asigna en Fase 3, semana 5)"
3045,Graduate,0.0,UCI id=697 (DOI 10.24432/C5MC89),"pendiente (se asigna en Fase 3, semana 5)"
3046,Enrolled,,UCI id=697 (DOI 10.24432/C5MC89),"pendiente (se asigna en Fase 3, semana 5)"
3047,Dropout,1.0,UCI id=697 (DOI 10.24432/C5MC89),"pendiente (se asigna en Fase 3, semana 5)"
3048,Graduate,0.0,UCI id=697 (DOI 10.24432/C5MC89),"pendiente (se asigna en Fase 3, semana 5)"
3049,Graduate,0.0,UCI id=697 (DOI 10.24432/C5MC89),"pendiente (se asigna en Fase 3, semana 5)"
3050,Dropout,1.0,UCI id=697 (DOI 10.24432/C5MC89),"pendiente (se asigna en Fase 3, semana 5)"
3051,Enrolled,,UCI id=697 (DOI 10.24432/C5MC89),"pendiente (se asigna en Fase 3, semana 5)"
3052,Graduate,0.0,UCI id=697 (DOI 10.24432/C5MC89),"pendiente (se asigna en Fase 3, semana 5)"
3053,Dropout,1.0,UCI id=697 (DOI 10.24432/C5MC89),"pendiente (se asigna en Fase 3, semana 5)"
3054,Graduate,0.0,UCI id=697 (DOI 10.24432/C5MC89),"pendiente (se asigna en Fase 3, semana 5)"
3055,Dropout,1.0,UCI id=697 (DOI 10.24432/C5MC89),"pendiente (se asigna en Fase 3, semana 5)"
3056,Graduate,0.0,UCI id=697 (DOI 10.24432/C5MC89),"pendiente (se asigna en Fase 3, semana 5)"
3057,Dropout,1.0,UCI id=697 (DOI 10.24432/C5MC89),"pendiente (se asigna en Fase 3, semana 5)"
3058,Graduate,0.0,UCI id=697 (DOI 10.24432/C5MC89),"pendiente (se asigna en Fase 3, semana 5)"
3059,Graduate,0.0,UCI id=697 (DOI 10.24432/C5MC89),"pendiente (se asigna en Fase 3, semana 5)"
3060,Enrolled,,UCI id=697 (DOI 10.24432/C5MC89),"pendiente (se asigna en Fase 3, semana 5)"
3061,Dropout,1.0,UCI id=697 (DOI 10.24432/C5MC89),"pendiente (se asigna en Fase 3, semana 5)"
3062,Dropout,1.0,UCI id=697 (DOI 10.24432/C5MC89),"pendiente (se asigna en Fase 3, semana 5)"
3063,Graduate,0.0,UCI id=697 (DOI 10.24432/C5MC89),"pendiente (se asigna en Fase 3, semana 5)"
3064,Graduate,0.0,UCI id=697 (DOI 10.24432/C5MC89),"pendiente (se asigna en Fase 3, semana 5)"
3065,Dropout,1.0,UCI id=697 (DOI 10.24432/C5MC89),"pendiente (se asigna en Fase 3, semana 5)"
3066,Graduate,0.0,UCI id=697 (DOI 10.24432/C5MC89),"pendiente (se asigna en Fase 3, semana 5)"
3067,Enrolled,,UCI id=697 (DOI 10.24432/C5MC89),"pendiente (se asigna en Fase 3, semana 5)"
3068,Graduate,0.0,UCI id=697 (DOI 10.24432/C5MC89),"pendiente (se asigna en Fase 3, semana 5)"
3069,Dropout,1.0,UCI id=697 (DOI 10.24432/C5MC89),"pendiente (se asigna en Fase 3, semana 5)"
3070,Enrolled,,UCI id=697 (DOI 10.24432/C5MC89),"pendiente (se asigna en Fase 3, semana 5)"
3071,Dropout,1.0,UCI id=697 (DOI 10.24432/C5MC89),"pendiente (se asigna en Fase 3, semana 5)"
3072,Dropout,1.0,UCI id=697 (DOI 10.24432/C5MC89),"pendiente (se asigna en Fase 3, semana 5)"
3073,Enrolled,,UCI id=697 (DOI 10.24432/C5MC89),"pendiente (se asigna en Fase 3, semana 5)"
3074,Dropout,1.0,UCI id=697 (DOI 10.24432/C5MC89),"pendiente (se asigna en Fase 3, semana 5)"
3075,Enrolled,,UCI id=697 (DOI 10.24432/C5MC89),"pendiente (se asigna en Fase 3, semana 5)"
3076,Dropout,1.0,UCI id=697 (DOI 10.24432/C5MC89),"pendiente (se asigna en Fase 3, semana 5)"
3077,Enrolled,,UCI id=697 (DOI 10.24432/C5MC89),"pendiente (se asigna en Fase 3, semana 5)"
3078,Graduate,0.0,UCI id=697 (DOI 10.24432/C5MC89),"pendiente (se asigna en Fase 3, semana 5)"
3079,Dropout,1.0,UCI id=697 (DOI 10.24432/C5MC89),"pendiente (se asigna en Fase 3, semana 5)"
3080,Graduate,0.0,UCI id=697 (DOI 10.24432/C5MC89),"pendiente (se asigna en Fase 3, semana 5)"
3081,Graduate,0.0,UCI id=697 (DOI 10.24432/C5MC89),"pendiente (se asigna en Fase 3, semana 5)"
3082,Graduate,0.0,UCI id=697 (DOI 10.24432/C5MC89),"pendiente (se asigna en Fase 3, semana 5)"
3083,Dropout,1.0,UCI id=697 (DOI 10.24432/C5MC89),"pendiente (se asigna en Fase 3, semana 5)"
3084,Graduate,0.0,UCI id=697 (DOI 10.24432/C5MC89),"pendiente (se asigna en Fase 3, semana 5)"
3085,Enrolled,,UCI id=697 (DOI 10.24432/C5MC89),"pendiente (se asigna en Fase 3, semana 5)"
3086,Graduate,0.0,UCI id=697 (DOI 10.24432/C5MC89),"pendiente (se asigna en Fase 3, semana 5)"
3087,Graduate,0.0,UCI id=697 (DOI 10.24432/C5MC89),"pendiente (se asigna en Fase 3, semana 5)"
3088,Graduate,0.0,UCI id=697 (DOI 10.24432/C5MC89),"pendiente (se asigna en Fase 3, semana 5)"
3089,Dropout,1.0,UCI id=697 (DOI 10.24432/C5MC89),"pendiente (se asigna en Fase 3, semana 5)"
3090,Graduate,0.0,UCI id=697 (DOI 10.24432/C5MC89),"pendiente (se asigna en Fase 3, semana 5)"
3091,Enrolled,,UCI id=697 (DOI 10.24432/C5MC89),"pendiente (se asigna en Fase 3, semana 5)"
3092,Graduate,0.0,UCI id=697 (DOI 10.24432/C5MC89),"pendiente (se asigna en Fase 3, semana 5)"
3093,Graduate,0.0,UCI id=697 (DOI 10.24432/C5MC89),"pendiente (se asigna en Fase 3, semana 5)"
3094,Dropout,1.0,UCI id=697 (DOI 10.24432/C5MC89),"pendiente (se asigna en Fase 3, semana 5)"
3095,Graduate,0.0,UCI id=697 (DOI 10.24432/C5MC89),"pendiente (se asigna en Fase 3, semana 5)"
3096,Graduate,0.0,UCI id=697 (DOI 10.24432/C5MC89),"pendiente (se asigna en Fase 3, semana 5)"
3097,Dropout,1.0,UCI id=697 (DOI 10.24432/C5MC89),"pendiente (se asigna en Fase 3, semana 5)"
3098,Enrolled,,UCI id=697 (DOI 10.24432/C5MC89),"pendiente (se asigna en Fase 3, semana 5)"
3099,Dropout,1.0,UCI id=697 (DOI 10.24432/C5MC89),"pendiente (se asigna en Fase 3, semana 5)"
3100,Graduate,0.0,UCI id=697 (DOI 10.24432/C5MC89),"pendiente (se asigna en Fase 3, semana 5)"
3101,Graduate,0.0,UCI id=697 (DOI 10.24432/C5MC89),"pendiente (se asigna en Fase 3, semana 5)"
3102,Dropout,1.0,UCI id=697 (DOI 10.24432/C5MC89),"pendiente (se asigna en Fase 3, semana 5)"
3103,Dropout,1.0,UCI id=697 (DOI 10.24432/C5MC89),"pendiente (se asigna en Fase 3, semana 5)"
3104,Graduate,0.0,UCI id=697 (DOI 10.24432/C5MC89),"pendiente (se asigna en Fase 3, semana 5)"
3105,Dropout,1.0,UCI id=697 (DOI 10.24432/C5MC89),"pendiente (se asigna en Fase 3, semana 5)"
3106,Graduate,0.0,UCI id=697 (DOI 10.24432/C5MC89),"pendiente (se asigna en Fase 3, semana 5)"
3107,Graduate,0.0,UCI id=697 (DOI 10.24432/C5MC89),"pendiente (se asigna en Fase 3, semana 5)"
3108,Enrolled,,UCI id=697 (DOI 10.24432/C5MC89),"pendiente (se asigna en Fase 3, semana 5)"
3109,Graduate,0.0,UCI id=697 (DOI 10.24432/C5MC89),"pendiente (se asigna en Fase 3, semana 5)"
3110,Dropout,1.0,UCI id=697 (DOI 10.24432/C5MC89),"pendiente (se asigna en Fase 3, semana 5)"
3111,Graduate,0.0,UCI id=697 (DOI 10.24432/C5MC89),"pendiente (se asigna en Fase 3, semana 5)"
3112,Dropout,1.0,UCI id=697 (DOI 10.24432/C5MC89),"pendiente (se asigna en Fase 3, semana 5)"
3113,Enrolled,,UCI id=697 (DOI 10.24432/C5MC89),"pendiente (se asigna en Fase 3, semana 5)"
3114,Graduate,0.0,UCI id=697 (DOI 10.24432/C5MC89),"pendiente (se asigna en Fase 3, semana 5)"
3115,Graduate,0.0,UCI id=697 (DOI 10.24432/C5MC89),"pendiente (se asigna en Fase 3, semana 5)"
3116,Dropout,1.0,UCI id=697 (DOI 10.24432/C5MC89),"pendiente (se asigna en Fase 3, semana 5)"
3117,Graduate,0.0,UCI id=697 (DOI 10.24432/C5MC89),"pendiente (se asigna en Fase 3, semana 5)"
3118,Graduate,0.0,UCI id=697 (DOI 10.24432/C5MC89),"pendiente (se asigna en Fase 3, semana 5)"
3119,Enrolled,,UCI id=697 (DOI 10.24432/C5MC89),"pendiente (se asigna en Fase 3, semana 5)"
3120,Dropout,1.0,UCI id=697 (DOI 10.24432/C5MC89),"pendiente (se asigna en Fase 3, semana 5)"
3121,Graduate,0.0,UCI id=697 (DOI 10.24432/C5MC89),"pendiente (se asigna en Fase 3, semana 5)"
3122,Enrolled,,UCI id=697 (DOI 10.24432/C5MC89),"pendiente (se asigna en Fase 3, semana 5)"
3123,Graduate,0.0,UCI id=697 (DOI 10.24432/C5MC89),"pendiente (se asigna en Fase 3, semana 5)"
3124,Graduate,0.0,UCI id=697 (DOI 10.24432/C5MC89),"pendiente (se asigna en Fase 3, semana 5)"
3125,Graduate,0.0,UCI id=697 (DOI 10.24432/C5MC89),"pendiente (se asigna en Fase 3, semana 5)"
3126,Enrolled,,UCI id=697 (DOI 10.24432/C5MC89),"pendiente (se asigna en Fase 3, semana 5)"
3127,Graduate,0.0,UCI id=697 (DOI 10.24432/C5MC89),"pendiente (se asigna en Fase 3, semana 5)"
3128,Graduate,0.0,UCI id=697 (DOI 10.24432/C5MC89),"pendiente (se asigna en Fase 3, semana 5)"
3129,Graduate,0.0,UCI id=697 (DOI 10.24432/C5MC89),"pendiente (se asigna en Fase 3, semana 5)"
3130,Graduate,0.0,UCI id=697 (DOI 10.24432/C5MC89),"pendiente (se asigna en Fase 3, semana 5)"
3131,Graduate,0.0,UCI id=697 (DOI 10.24432/C5MC89),"pendiente (se asigna en Fase 3, semana 5)"
3132,Graduate,0.0,UCI id=697 (DOI 10.24432/C5MC89),"pendiente (se asigna en Fase 3, semana 5)"
3133,Enrolled,,UCI id=697 (DOI 10.24432/C5MC89),"pendiente (se asigna en Fase 3, semana 5)"
3134,Enrolled,,UCI id=697 (DOI 10.24432/C5MC89),"pendiente (se asigna en Fase 3, semana 5)"
3135,Graduate,0.0,UCI id=697 (DOI 10.24432/C5MC89),"pendiente (se asigna en Fase 3, semana 5)"
3136,Graduate,0.0,UCI id=697 (DOI 10.24432/C5MC89),"pendiente (se asigna en Fase 3, semana 5)"
3137,Graduate,0.0,UCI id=697 (DOI 10.24432/C5MC89),"pendiente (se asigna en Fase 3, semana 5)"
3138,Graduate,0.0,UCI id=697 (DOI 10.24432/C5MC89),"pendiente (se asigna en Fase 3, semana 5)"
3139,Enrolled,,UCI id=697 (DOI 10.24432/C5MC89),"pendiente (se asigna en Fase 3, semana 5)"
3140,Graduate,0.0,UCI id=697 (DOI 10.24432/C5MC89),"pendiente (se asigna en Fase 3, semana 5)"
3141,Graduate,0.0,UCI id=697 (DOI 10.24432/C5MC89),"pendiente (se asigna en Fase 3, semana 5)"
3142,Dropout,1.0,UCI id=697 (DOI 10.24432/C5MC89),"pendiente (se asigna en Fase 3, semana 5)"
3143,Graduate,0.0,UCI id=697 (DOI 10.24432/C5MC89),"pendiente (se asigna en Fase 3, semana 5)"
3144,Graduate,0.0,UCI id=697 (DOI 10.24432/C5MC89),"pendiente (se asigna en Fase 3, semana 5)"
3145,Graduate,0.0,UCI id=697 (DOI 10.24432/C5MC89),"pendiente (se asigna en Fase 3, semana 5)"
3146,Graduate,0.0,UCI id=697 (DOI 10.24432/C5MC89),"pendiente (se asigna en Fase 3, semana 5)"
3147,Enrolled,,UCI id=697 (DOI 10.24432/C5MC89),"pendiente (se asigna en Fase 3, semana 5)"
3148,Enrolled,,UCI id=697 (DOI 10.24432/C5MC89),"pendiente (se asigna en Fase 3, semana 5)"
3149,Graduate,0.0,UCI id=697 (DOI 10.24432/C5MC89),"pendiente (se asigna en Fase 3, semana 5)"
3150,Enrolled,,UCI id=697 (DOI 10.24432/C5MC89),"pendiente (se asigna en Fase 3, semana 5)"
3151,Dropout,1.0,UCI id=697 (DOI 10.24432/C5MC89),"pendiente (se asigna en Fase 3, semana 5)"
3152,Graduate,0.0,UCI id=697 (DOI 10.24432/C5MC89),"pendiente (se asigna en Fase 3, semana 5)"
3153,Graduate,0.0,UCI id=697 (DOI 10.24432/C5MC89),"pendiente (se asigna en Fase 3, semana 5)"
3154,Enrolled,,UCI id=697 (DOI 10.24432/C5MC89),"pendiente (se asigna en Fase 3, semana 5)"
3155,Enrolled,,UCI id=697 (DOI 10.24432/C5MC89),"pendiente (se asigna en Fase 3, semana 5)"
3156,Graduate,0.0,UCI id=697 (DOI 10.24432/C5MC89),"pendiente (se asigna en Fase 3, semana 5)"
3157,Dropout,1.0,UCI id=697 (DOI 10.24432/C5MC89),"pendiente (se asigna en Fase 3, semana 5)"
3158,Enrolled,,UCI id=697 (DOI 10.24432/C5MC89),"pendiente (se asigna en Fase 3, semana 5)"
3159,Enrolled,,UCI id=697 (DOI 10.24432/C5MC89),"pendiente (se asigna en Fase 3, semana 5)"
3160,Graduate,0.0,UCI id=697 (DOI 10.24432/C5MC89),"pendiente (se asigna en Fase 3, semana 5)"
3161,Graduate,0.0,UCI id=697 (DOI 10.24432/C5MC89),"pendiente (se asigna en Fase 3, semana 5)"
3162,Graduate,0.0,UCI id=697 (DOI 10.24432/C5MC89),"pendiente (se asigna en Fase 3, semana 5)"
3163,Graduate,0.0,UCI id=697 (DOI 10.24432/C5MC89),"pendiente (se asigna en Fase 3, semana 5)"
3164,Graduate,0.0,UCI id=697 (DOI 10.24432/C5MC89),"pendiente (se asigna en Fase 3, semana 5)"
3165,Graduate,0.0,UCI id=697 (DOI 10.24432/C5MC89),"pendiente (se asigna en Fase 3, semana 5)"
3166,Dropout,1.0,UCI id=697 (DOI 10.24432/C5MC89),"pendiente (se asigna en Fase 3, semana 5)"
3167,Dropout,1.0,UCI id=697 (DOI 10.24432/C5MC89),"pendiente (se asigna en Fase 3, semana 5)"
3168,Dropout,1.0,UCI id=697 (DOI 10.24432/C5MC89),"pendiente (se asigna en Fase 3, semana 5)"
3169,Graduate,0.0,UCI id=697 (DOI 10.24432/C5MC89),"pendiente (se asigna en Fase 3, semana 5)"
3170,Graduate,0.0,UCI id=697 (DOI 10.24432/C5MC89),"pendiente (se asigna en Fase 3, semana 5)"
3171,Dropout,1.0,UCI id=697 (DOI 10.24432/C5MC89),"pendiente (se asigna en Fase 3, semana 5)"
3172,Dropout,1.0,UCI id=697 (DOI 10.24432/C5MC89),"pendiente (se asigna en Fase 3, semana 5)"
3173,Graduate,0.0,UCI id=697 (DOI 10.24432/C5MC89),"pendiente (se asigna en Fase 3, semana 5)"
3174,Enrolled,,UCI id=697 (DOI 10.24432/C5MC89),"pendiente (se asigna en Fase 3, semana 5)"
3175,Dropout,1.0,UCI id=697 (DOI 10.24432/C5MC89),"pendiente (se asigna en Fase 3, semana 5)"
3176,Graduate,0.0,UCI id=697 (DOI 10.24432/C5MC89),"pendiente (se asigna en Fase 3, semana 5)"
3177,Dropout,1.0,UCI id=697 (DOI 10.24432/C5MC89),"pendiente (se asigna en Fase 3, semana 5)"
3178,Graduate,0.0,UCI id=697 (DOI 10.24432/C5MC89),"pendiente (se asigna en Fase 3, semana 5)"
3179,Enrolled,,UCI id=697 (DOI 10.24432/C5MC89),"pendiente (se asigna en Fase 3, semana 5)"
3180,Graduate,0.0,UCI id=697 (DOI 10.24432/C5MC89),"pendiente (se asigna en Fase 3, semana 5)"
3181,Dropout,1.0,UCI id=697 (DOI 10.24432/C5MC89),"pendiente (se asigna en Fase 3, semana 5)"
3182,Graduate,0.0,UCI id=697 (DOI 10.24432/C5MC89),"pendiente (se asigna en Fase 3, semana 5)"
3183,Enrolled,,UCI id=697 (DOI 10.24432/C5MC89),"pendiente (se asigna en Fase 3, semana 5)"
3184,Graduate,0.0,UCI id=697 (DOI 10.24432/C5MC89),"pendiente (se asigna en Fase 3, semana 5)"
3185,Dropout,1.0,UCI id=697 (DOI 10.24432/C5MC89),"pendiente (se asigna en Fase 3, semana 5)"
3186,Dropout,1.0,UCI id=697 (DOI 10.24432/C5MC89),"pendiente (se asigna en Fase 3, semana 5)"
3187,Dropout,1.0,UCI id=697 (DOI 10.24432/C5MC89),"pendiente (se asigna en Fase 3, semana 5)"
3188,Dropout,1.0,UCI id=697 (DOI 10.24432/C5MC89),"pendiente (se asigna en Fase 3, semana 5)"
3189,Dropout,1.0,UCI id=697 (DOI 10.24432/C5MC89),"pendiente (se asigna en Fase 3, semana 5)"
3190,Dropout,1.0,UCI id=697 (DOI 10.24432/C5MC89),"pendiente (se asigna en Fase 3, semana 5)"
3191,Dropout,1.0,UCI id=697 (DOI 10.24432/C5MC89),"pendiente (se asigna en Fase 3, semana 5)"
3192,Enrolled,,UCI id=697 (DOI 10.24432/C5MC89),"pendiente (se asigna en Fase 3, semana 5)"
3193,Dropout,1.0,UCI id=697 (DOI 10.24432/C5MC89),"pendiente (se asigna en Fase 3, semana 5)"
3194,Enrolled,,UCI id=697 (DOI 10.24432/C5MC89),"pendiente (se asigna en Fase 3, semana 5)"
3195,Dropout,1.0,UCI id=697 (DOI 10.24432/C5MC89),"pendiente (se asigna en Fase 3, semana 5)"
3196,Enrolled,,UCI id=697 (DOI 10.24432/C5MC89),"pendiente (se asigna en Fase 3, semana 5)"
3197,Graduate,0.0,UCI id=697 (DOI 10.24432/C5MC89),"pendiente (se asigna en Fase 3, semana 5)"
3198,Dropout,1.0,UCI id=697 (DOI 10.24432/C5MC89),"pendiente (se asigna en Fase 3, semana 5)"
3199,Graduate,0.0,UCI id=697 (DOI 10.24432/C5MC89),"pendiente (se asigna en Fase 3, semana 5)"
3200,Dropout,1.0,UCI id=697 (DOI 10.24432/C5MC89),"pendiente (se asigna en Fase 3, semana 5)"
3201,Graduate,0.0,UCI id=697 (DOI 10.24432/C5MC89),"pendiente (se asigna en Fase 3, semana 5)"
3202,Enrolled,,UCI id=697 (DOI 10.24432/C5MC89),"pendiente (se asigna en Fase 3, semana 5)"
3203,Dropout,1.0,UCI id=697 (DOI 10.24432/C5MC89),"pendiente (se asigna en Fase 3, semana 5)"
3204,Dropout,1.0,UCI id=697 (DOI 10.24432/C5MC89),"pendiente (se asigna en Fase 3, semana 5)"
3205,Dropout,1.0,UCI id=697 (DOI 10.24432/C5MC89),"pendiente (se asigna en Fase 3, semana 5)"
3206,Graduate,0.0,UCI id=697 (DOI 10.24432/C5MC89),"pendiente (se asigna en Fase 3, semana 5)"
3207,Dropout,1.0,UCI id=697 (DOI 10.24432/C5MC89),"pendiente (se asigna en Fase 3, semana 5)"
3208,Dropout,1.0,UCI id=697 (DOI 10.24432/C5MC89),"pendiente (se asigna en Fase 3, semana 5)"
3209,Graduate,0.0,UCI id=697 (DOI 10.24432/C5MC89),"pendiente (se asigna en Fase 3, semana 5)"
3210,Graduate,0.0,UCI id=697 (DOI 10.24432/C5MC89),"pendiente (se asigna en Fase 3, semana 5)"
3211,Enrolled,,UCI id=697 (DOI 10.24432/C5MC89),"pendiente (se asigna en Fase 3, semana 5)"
3212,Graduate,0.0,UCI id=697 (DOI 10.24432/C5MC89),"pendiente (se asigna en Fase 3, semana 5)"
3213,Dropout,1.0,UCI id=697 (DOI 10.24432/C5MC89),"pendiente (se asigna en Fase 3, semana 5)"
3214,Graduate,0.0,UCI id=697 (DOI 10.24432/C5MC89),"pendiente (se asigna en Fase 3, semana 5)"
3215,Graduate,0.0,UCI id=697 (DOI 10.24432/C5MC89),"pendiente (se asigna en Fase 3, semana 5)"
3216,Dropout,1.0,UCI id=697 (DOI 10.24432/C5MC89),"pendiente (se asigna en Fase 3, semana 5)"
3217,Graduate,0.0,UCI id=697 (DOI 10.24432/C5MC89),"pendiente (se asigna en Fase 3, semana 5)"
3218,Enrolled,,UCI id=697 (DOI 10.24432/C5MC89),"pendiente (se asigna en Fase 3, semana 5)"
3219,Dropout,1.0,UCI id=697 (DOI 10.24432/C5MC89),"pendiente (se asigna en Fase 3, semana 5)"
3220,Dropout,1.0,UCI id=697 (DOI 10.24432/C5MC89),"pendiente (se asigna en Fase 3, semana 5)"
3221,Dropout,1.0,UCI id=697 (DOI 10.24432/C5MC89),"pendiente (se asigna en Fase 3, semana 5)"
3222,Graduate,0.0,UCI id=697 (DOI 10.24432/C5MC89),"pendiente (se asigna en Fase 3, semana 5)"
3223,Dropout,1.0,UCI id=697 (DOI 10.24432/C5MC89),"pendiente (se asigna en Fase 3, semana 5)"
3224,Dropout,1.0,UCI id=697 (DOI 10.24432/C5MC89),"pendiente (se asigna en Fase 3, semana 5)"
3225,Graduate,0.0,UCI id=697 (DOI 10.24432/C5MC89),"pendiente (se asigna en Fase 3, semana 5)"
3226,Graduate,0.0,UCI id=697 (DOI 10.24432/C5MC89),"pendiente (se asigna en Fase 3, semana 5)"
3227,Enrolled,,UCI id=697 (DOI 10.24432/C5MC89),"pendiente (se asigna en Fase 3, semana 5)"
3228,Graduate,0.0,UCI id=697 (DOI 10.24432/C5MC89),"pendiente (se asigna en Fase 3, semana 5)"
3229,Graduate,0.0,UCI id=697 (DOI 10.24432/C5MC89),"pendiente (se asigna en Fase 3, semana 5)"
3230,Graduate,0.0,UCI id=697 (DOI 10.24432/C5MC89),"pendiente (se asigna en Fase 3, semana 5)"
3231,Enrolled,,UCI id=697 (DOI 10.24432/C5MC89),"pendiente (se asigna en Fase 3, semana 5)"
3232,Graduate,0.0,UCI id=697 (DOI 10.24432/C5MC89),"pendiente (se asigna en Fase 3, semana 5)"
3233,Dropout,1.0,UCI id=697 (DOI 10.24432/C5MC89),"pendiente (se asigna en Fase 3, semana 5)"
3234,Graduate,0.0,UCI id=697 (DOI 10.24432/C5MC89),"pendiente (se asigna en Fase 3, semana 5)"
3235,Graduate,0.0,UCI id=697 (DOI 10.24432/C5MC89),"pendiente (se asigna en Fase 3, semana 5)"
3236,Graduate,0.0,UCI id=697 (DOI 10.24432/C5MC89),"pendiente (se asigna en Fase 3, semana 5)"
3237,Enrolled,,UCI id=697 (DOI 10.24432/C5MC89),"pendiente (se asigna en Fase 3, semana 5)"
3238,Graduate,0.0,UCI id=697 (DOI 10.24432/C5MC89),"pendiente (se asigna en Fase 3, semana 5)"
3239,Graduate,0.0,UCI id=697 (DOI 10.24432/C5MC89),"pendiente (se asigna en Fase 3, semana 5)"
3240,Enrolled,,UCI id=697 (DOI 10.24432/C5MC89),"pendiente (se asigna en Fase 3, semana 5)"
3241,Graduate,0.0,UCI id=697 (DOI 10.24432/C5MC89),"pendiente (se asigna en Fase 3, semana 5)"
3242,Dropout,1.0,UCI id=697 (DOI 10.24432/C5MC89),"pendiente (se asigna en Fase 3, semana 5)"
3243,Graduate,0.0,UCI id=697 (DOI 10.24432/C5MC89),"pendiente (se asigna en Fase 3, semana 5)"
3244,Dropout,1.0,UCI id=697 (DOI 10.24432/C5MC89),"pendiente (se asigna en Fase 3, semana 5)"
3245,Dropout,1.0,UCI id=697 (DOI 10.24432/C5MC89),"pendiente (se asigna en Fase 3, semana 5)"
3246,Graduate,0.0,UCI id=697 (DOI 10.24432/C5MC89),"pendiente (se asigna en Fase 3, semana 5)"
3247,Graduate,0.0,UCI id=697 (DOI 10.24432/C5MC89),"pendiente (se asigna en Fase 3, semana 5)"
3248,Graduate,0.0,UCI id=697 (DOI 10.24432/C5MC89),"pendiente (se asigna en Fase 3, semana 5)"
3249,Graduate,0.0,UCI id=697 (DOI 10.24432/C5MC89),"pendiente (se asigna en Fase 3, semana 5)"
3250,Dropout,1.0,UCI id=697 (DOI 10.24432/C5MC89),"pendiente (se asigna en Fase 3, semana 5)"
3251,Graduate,0.0,UCI id=697 (DOI 10.24432/C5MC89),"pendiente (se asigna en Fase 3, semana 5)"
3252,Dropout,1.0,UCI id=697 (DOI 10.24432/C5MC89),"pendiente (se asigna en Fase 3, semana 5)"
3253,Dropout,1.0,UCI id=697 (DOI 10.24432/C5MC89),"pendiente (se asigna en Fase 3, semana 5)"
3254,Graduate,0.0,UCI id=697 (DOI 10.24432/C5MC89),"pendiente (se asigna en Fase 3, semana 5)"
3255,Graduate,0.0,UCI id=697 (DOI 10.24432/C5MC89),"pendiente (se asigna en Fase 3, semana 5)"
3256,Graduate,0.0,UCI id=697 (DOI 10.24432/C5MC89),"pendiente (se asigna en Fase 3, semana 5)"
3257,Graduate,0.0,UCI id=697 (DOI 10.24432/C5MC89),"pendiente (se asigna en Fase 3, semana 5)"
3258,Graduate,0.0,UCI id=697 (DOI 10.24432/C5MC89),"pendiente (se asigna en Fase 3, semana 5)"
3259,Graduate,0.0,UCI id=697 (DOI 10.24432/C5MC89),"pendiente (se asigna en Fase 3, semana 5)"
3260,Graduate,0.0,UCI id=697 (DOI 10.24432/C5MC89),"pendiente (se asigna en Fase 3, semana 5)"
3261,Graduate,0.0,UCI id=697 (DOI 10.24432/C5MC89),"pendiente (se asigna en Fase 3, semana 5)"
3262,Dropout,1.0,UCI id=697 (DOI 10.24432/C5MC89),"pendiente (se asigna en Fase 3, semana 5)"
3263,Graduate,0.0,UCI id=697 (DOI 10.24432/C5MC89),"pendiente (se asigna en Fase 3, semana 5)"
3264,Dropout,1.0,UCI id=697 (DOI 10.24432/C5MC89),"pendiente (se asigna en Fase 3, semana 5)"
3265,Graduate,0.0,UCI id=697 (DOI 10.24432/C5MC89),"pendiente (se asigna en Fase 3, semana 5)"
3266,Graduate,0.0,UCI id=697 (DOI 10.24432/C5MC89),"pendiente (se asigna en Fase 3, semana 5)"
3267,Enrolled,,UCI id=697 (DOI 10.24432/C5MC89),"pendiente (se asigna en Fase 3, semana 5)"
3268,Dropout,1.0,UCI id=697 (DOI 10.24432/C5MC89),"pendiente (se asigna en Fase 3, semana 5)"
3269,Dropout,1.0,UCI id=697 (DOI 10.24432/C5MC89),"pendiente (se asigna en Fase 3, semana 5)"
3270,Dropout,1.0,UCI id=697 (DOI 10.24432/C5MC89),"pendiente (se asigna en Fase 3, semana 5)"
3271,Graduate,0.0,UCI id=697 (DOI 10.24432/C5MC89),"pendiente (se asigna en Fase 3, semana 5)"
3272,Graduate,0.0,UCI id=697 (DOI 10.24432/C5MC89),"pendiente (se asigna en Fase 3, semana 5)"
3273,Enrolled,,UCI id=697 (DOI 10.24432/C5MC89),"pendiente (se asigna en Fase 3, semana 5)"
3274,Dropout,1.0,UCI id=697 (DOI 10.24432/C5MC89),"pendiente (se asigna en Fase 3, semana 5)"
3275,Graduate,0.0,UCI id=697 (DOI 10.24432/C5MC89),"pendiente (se asigna en Fase 3, semana 5)"
3276,Dropout,1.0,UCI id=697 (DOI 10.24432/C5MC89),"pendiente (se asigna en Fase 3, semana 5)"
3277,Graduate,0.0,UCI id=697 (DOI 10.24432/C5MC89),"pendiente (se asigna en Fase 3, semana 5)"
3278,Dropout,1.0,UCI id=697 (DOI 10.24432/C5MC89),"pendiente (se asigna en Fase 3, semana 5)"
3279,Graduate,0.0,UCI id=697 (DOI 10.24432/C5MC89),"pendiente (se asigna en Fase 3, semana 5)"
3280,Graduate,0.0,UCI id=697 (DOI 10.24432/C5MC89),"pendiente (se asigna en Fase 3, semana 5)"
3281,Dropout,1.0,UCI id=697 (DOI 10.24432/C5MC89),"pendiente (se asigna en Fase 3, semana 5)"
3282,Enrolled,,UCI id=697 (DOI 10.24432/C5MC89),"pendiente (se asigna en Fase 3, semana 5)"
3283,Graduate,0.0,UCI id=697 (DOI 10.24432/C5MC89),"pendiente (se asigna en Fase 3, semana 5)"
3284,Enrolled,,UCI id=697 (DOI 10.24432/C5MC89),"pendiente (se asigna en Fase 3, semana 5)"
3285,Graduate,0.0,UCI id=697 (DOI 10.24432/C5MC89),"pendiente (se asigna en Fase 3, semana 5)"
3286,Dropout,1.0,UCI id=697 (DOI 10.24432/C5MC89),"pendiente (se asigna en Fase 3, semana 5)"
3287,Dropout,1.0,UCI id=697 (DOI 10.24432/C5MC89),"pendiente (se asigna en Fase 3, semana 5)"
3288,Graduate,0.0,UCI id=697 (DOI 10.24432/C5MC89),"pendiente (se asigna en Fase 3, semana 5)"
3289,Graduate,0.0,UCI id=697 (DOI 10.24432/C5MC89),"pendiente (se asigna en Fase 3, semana 5)"
3290,Dropout,1.0,UCI id=697 (DOI 10.24432/C5MC89),"pendiente (se asigna en Fase 3, semana 5)"
3291,Dropout,1.0,UCI id=697 (DOI 10.24432/C5MC89),"pendiente (se asigna en Fase 3, semana 5)"
3292,Dropout,1.0,UCI id=697 (DOI 10.24432/C5MC89),"pendiente (se asigna en Fase 3, semana 5)"
3293,Enrolled,,UCI id=697 (DOI 10.24432/C5MC89),"pendiente (se asigna en Fase 3, semana 5)"
3294,Enrolled,,UCI id=697 (DOI 10.24432/C5MC89),"pendiente (se asigna en Fase 3, semana 5)"
3295,Graduate,0.0,UCI id=697 (DOI 10.24432/C5MC89),"pendiente (se asigna en Fase 3, semana 5)"
3296,Enrolled,,UCI id=697 (DOI 10.24432/C5MC89),"pendiente (se asigna en Fase 3, semana 5)"
3297,Dropout,1.0,UCI id=697 (DOI 10.24432/C5MC89),"pendiente (se asigna en Fase 3, semana 5)"
3298,Graduate,0.0,UCI id=697 (DOI 10.24432/C5MC89),"pendiente (se asigna en Fase 3, semana 5)"
3299,Dropout,1.0,UCI id=697 (DOI 10.24432/C5MC89),"pendiente (se asigna en Fase 3, semana 5)"
3300,Dropout,1.0,UCI id=697 (DOI 10.24432/C5MC89),"pendiente (se asigna en Fase 3, semana 5)"
3301,Graduate,0.0,UCI id=697 (DOI 10.24432/C5MC89),"pendiente (se asigna en Fase 3, semana 5)"
3302,Graduate,0.0,UCI id=697 (DOI 10.24432/C5MC89),"pendiente (se asigna en Fase 3, semana 5)"
3303,Graduate,0.0,UCI id=697 (DOI 10.24432/C5MC89),"pendiente (se asigna en Fase 3, semana 5)"
3304,Graduate,0.0,UCI id=697 (DOI 10.24432/C5MC89),"pendiente (se asigna en Fase 3, semana 5)"
3305,Graduate,0.0,UCI id=697 (DOI 10.24432/C5MC89),"pendiente (se asigna en Fase 3, semana 5)"
3306,Graduate,0.0,UCI id=697 (DOI 10.24432/C5MC89),"pendiente (se asigna en Fase 3, semana 5)"
3307,Graduate,0.0,UCI id=697 (DOI 10.24432/C5MC89),"pendiente (se asigna en Fase 3, semana 5)"
3308,Graduate,0.0,UCI id=697 (DOI 10.24432/C5MC89),"pendiente (se asigna en Fase 3, semana 5)"
3309,Dropout,1.0,UCI id=697 (DOI 10.24432/C5MC89),"pendiente (se asigna en Fase 3, semana 5)"
3310,Graduate,0.0,UCI id=697 (DOI 10.24432/C5MC89),"pendiente (se asigna en Fase 3, semana 5)"
3311,Dropout,1.0,UCI id=697 (DOI 10.24432/C5MC89),"pendiente (se asigna en Fase 3, semana 5)"
3312,Enrolled,,UCI id=697 (DOI 10.24432/C5MC89),"pendiente (se asigna en Fase 3, semana 5)"
3313,Enrolled,,UCI id=697 (DOI 10.24432/C5MC89),"pendiente (se asigna en Fase 3, semana 5)"
3314,Dropout,1.0,UCI id=697 (DOI 10.24432/C5MC89),"pendiente (se asigna en Fase 3, semana 5)"
3315,Graduate,0.0,UCI id=697 (DOI 10.24432/C5MC89),"pendiente (se asigna en Fase 3, semana 5)"
3316,Dropout,1.0,UCI id=697 (DOI 10.24432/C5MC89),"pendiente (se asigna en Fase 3, semana 5)"
3317,Graduate,0.0,UCI id=697 (DOI 10.24432/C5MC89),"pendiente (se asigna en Fase 3, semana 5)"
3318,Dropout,1.0,UCI id=697 (DOI 10.24432/C5MC89),"pendiente (se asigna en Fase 3, semana 5)"
3319,Graduate,0.0,UCI id=697 (DOI 10.24432/C5MC89),"pendiente (se asigna en Fase 3, semana 5)"
3320,Graduate,0.0,UCI id=697 (DOI 10.24432/C5MC89),"pendiente (se asigna en Fase 3, semana 5)"
3321,Dropout,1.0,UCI id=697 (DOI 10.24432/C5MC89),"pendiente (se asigna en Fase 3, semana 5)"
3322,Dropout,1.0,UCI id=697 (DOI 10.24432/C5MC89),"pendiente (se asigna en Fase 3, semana 5)"
3323,Dropout,1.0,UCI id=697 (DOI 10.24432/C5MC89),"pendiente (se asigna en Fase 3, semana 5)"
3324,Dropout,1.0,UCI id=697 (DOI 10.24432/C5MC89),"pendiente (se asigna en Fase 3, semana 5)"
3325,Enrolled,,UCI id=697 (DOI 10.24432/C5MC89),"pendiente (se asigna en Fase 3, semana 5)"
3326,Graduate,0.0,UCI id=697 (DOI 10.24432/C5MC89),"pendiente (se asigna en Fase 3, semana 5)"
3327,Dropout,1.0,UCI id=697 (DOI 10.24432/C5MC89),"pendiente (se asigna en Fase 3, semana 5)"
3328,Enrolled,,UCI id=697 (DOI 10.24432/C5MC89),"pendiente (se asigna en Fase 3, semana 5)"
3329,Enrolled,,UCI id=697 (DOI 10.24432/C5MC89),"pendiente (se asigna en Fase 3, semana 5)"
3330,Graduate,0.0,UCI id=697 (DOI 10.24432/C5MC89),"pendiente (se asigna en Fase 3, semana 5)"
3331,Dropout,1.0,UCI id=697 (DOI 10.24432/C5MC89),"pendiente (se asigna en Fase 3, semana 5)"
3332,Dropout,1.0,UCI id=697 (DOI 10.24432/C5MC89),"pendiente (se asigna en Fase 3, semana 5)"
3333,Dropout,1.0,UCI id=697 (DOI 10.24432/C5MC89),"pendiente (se asigna en Fase 3, semana 5)"
3334,Graduate,0.0,UCI id=697 (DOI 10.24432/C5MC89),"pendiente (se asigna en Fase 3, semana 5)"
3335,Enrolled,,UCI id=697 (DOI 10.24432/C5MC89),"pendiente (se asigna en Fase 3, semana 5)"
3336,Dropout,1.0,UCI id=697 (DOI 10.24432/C5MC89),"pendiente (se asigna en Fase 3, semana 5)"
3337,Dropout,1.0,UCI id=697 (DOI 10.24432/C5MC89),"pendiente (se asigna en Fase 3, semana 5)"
3338,Dropout,1.0,UCI id=697 (DOI 10.24432/C5MC89),"pendiente (se asigna en Fase 3, semana 5)"
3339,Enrolled,,UCI id=697 (DOI 10.24432/C5MC89),"pendiente (se asigna en Fase 3, semana 5)"
3340,Dropout,1.0,UCI id=697 (DOI 10.24432/C5MC89),"pendiente (se asigna en Fase 3, semana 5)"
3341,Enrolled,,UCI id=697 (DOI 10.24432/C5MC89),"pendiente (se asigna en Fase 3, semana 5)"
3342,Graduate,0.0,UCI id=697 (DOI 10.24432/C5MC89),"pendiente (se asigna en Fase 3, semana 5)"
3343,Enrolled,,UCI id=697 (DOI 10.24432/C5MC89),"pendiente (se asigna en Fase 3, semana 5)"
3344,Dropout,1.0,UCI id=697 (DOI 10.24432/C5MC89),"pendiente (se asigna en Fase 3, semana 5)"
3345,Dropout,1.0,UCI id=697 (DOI 10.24432/C5MC89),"pendiente (se asigna en Fase 3, semana 5)"
3346,Dropout,1.0,UCI id=697 (DOI 10.24432/C5MC89),"pendiente (se asigna en Fase 3, semana 5)"
3347,Dropout,1.0,UCI id=697 (DOI 10.24432/C5MC89),"pendiente (se asigna en Fase 3, semana 5)"
3348,Graduate,0.0,UCI id=697 (DOI 10.24432/C5MC89),"pendiente (se asigna en Fase 3, semana 5)"
3349,Dropout,1.0,UCI id=697 (DOI 10.24432/C5MC89),"pendiente (se asigna en Fase 3, semana 5)"
3350,Enrolled,,UCI id=697 (DOI 10.24432/C5MC89),"pendiente (se asigna en Fase 3, semana 5)"
3351,Dropout,1.0,UCI id=697 (DOI 10.24432/C5MC89),"pendiente (se asigna en Fase 3, semana 5)"
3352,Dropout,1.0,UCI id=697 (DOI 10.24432/C5MC89),"pendiente (se asigna en Fase 3, semana 5)"
3353,Graduate,0.0,UCI id=697 (DOI 10.24432/C5MC89),"pendiente (se asigna en Fase 3, semana 5)"
3354,Graduate,0.0,UCI id=697 (DOI 10.24432/C5MC89),"pendiente (se asigna en Fase 3, semana 5)"
3355,Dropout,1.0,UCI id=697 (DOI 10.24432/C5MC89),"pendiente (se asigna en Fase 3, semana 5)"
3356,Enrolled,,UCI id=697 (DOI 10.24432/C5MC89),"pendiente (se asigna en Fase 3, semana 5)"
3357,Dropout,1.0,UCI id=697 (DOI 10.24432/C5MC89),"pendiente (se asigna en Fase 3, semana 5)"
3358,Dropout,1.0,UCI id=697 (DOI 10.24432/C5MC89),"pendiente (se asigna en Fase 3, semana 5)"
3359,Enrolled,,UCI id=697 (DOI 10.24432/C5MC89),"pendiente (se asigna en Fase 3, semana 5)"
3360,Dropout,1.0,UCI id=697 (DOI 10.24432/C5MC89),"pendiente (se asigna en Fase 3, semana 5)"
3361,Graduate,0.0,UCI id=697 (DOI 10.24432/C5MC89),"pendiente (se asigna en Fase 3, semana 5)"
3362,Graduate,0.0,UCI id=697 (DOI 10.24432/C5MC89),"pendiente (se asigna en Fase 3, semana 5)"
3363,Dropout,1.0,UCI id=697 (DOI 10.24432/C5MC89),"pendiente (se asigna en Fase 3, semana 5)"
3364,Dropout,1.0,UCI id=697 (DOI 10.24432/C5MC89),"pendiente (se asigna en Fase 3, semana 5)"
3365,Dropout,1.0,UCI id=697 (DOI 10.24432/C5MC89),"pendiente (se asigna en Fase 3, semana 5)"
3366,Enrolled,,UCI id=697 (DOI 10.24432/C5MC89),"pendiente (se asigna en Fase 3, semana 5)"
3367,Graduate,0.0,UCI id=697 (DOI 10.24432/C5MC89),"pendiente (se asigna en Fase 3, semana 5)"
3368,Enrolled,,UCI id=697 (DOI 10.24432/C5MC89),"pendiente (se asigna en Fase 3, semana 5)"
3369,Dropout,1.0,UCI id=697 (DOI 10.24432/C5MC89),"pendiente (se asigna en Fase 3, semana 5)"
3370,Dropout,1.0,UCI id=697 (DOI 10.24432/C5MC89),"pendiente (se asigna en Fase 3, semana 5)"
3371,Graduate,0.0,UCI id=697 (DOI 10.24432/C5MC89),"pendiente (se asigna en Fase 3, semana 5)"
3372,Graduate,0.0,UCI id=697 (DOI 10.24432/C5MC89),"pendiente (se asigna en Fase 3, semana 5)"
3373,Graduate,0.0,UCI id=697 (DOI 10.24432/C5MC89),"pendiente (se asigna en Fase 3, semana 5)"
3374,Graduate,0.0,UCI id=697 (DOI 10.24432/C5MC89),"pendiente (se asigna en Fase 3, semana 5)"
3375,Graduate,0.0,UCI id=697 (DOI 10.24432/C5MC89),"pendiente (se asigna en Fase 3, semana 5)"
3376,Graduate,0.0,UCI id=697 (DOI 10.24432/C5MC89),"pendiente (se asigna en Fase 3, semana 5)"
3377,Graduate,0.0,UCI id=697 (DOI 10.24432/C5MC89),"pendiente (se asigna en Fase 3, semana 5)"
3378,Enrolled,,UCI id=697 (DOI 10.24432/C5MC89),"pendiente (se asigna en Fase 3, semana 5)"
3379,Graduate,0.0,UCI id=697 (DOI 10.24432/C5MC89),"pendiente (se asigna en Fase 3, semana 5)"
3380,Dropout,1.0,UCI id=697 (DOI 10.24432/C5MC89),"pendiente (se asigna en Fase 3, semana 5)"
3381,Dropout,1.0,UCI id=697 (DOI 10.24432/C5MC89),"pendiente (se asigna en Fase 3, semana 5)"
3382,Graduate,0.0,UCI id=697 (DOI 10.24432/C5MC89),"pendiente (se asigna en Fase 3, semana 5)"
3383,Dropout,1.0,UCI id=697 (DOI 10.24432/C5MC89),"pendiente (se asigna en Fase 3, semana 5)"
3384,Enrolled,,UCI id=697 (DOI 10.24432/C5MC89),"pendiente (se asigna en Fase 3, semana 5)"
3385,Graduate,0.0,UCI id=697 (DOI 10.24432/C5MC89),"pendiente (se asigna en Fase 3, semana 5)"
3386,Graduate,0.0,UCI id=697 (DOI 10.24432/C5MC89),"pendiente (se asigna en Fase 3, semana 5)"
3387,Graduate,0.0,UCI id=697 (DOI 10.24432/C5MC89),"pendiente (se asigna en Fase 3, semana 5)"
3388,Graduate,0.0,UCI id=697 (DOI 10.24432/C5MC89),"pendiente (se asigna en Fase 3, semana 5)"
3389,Enrolled,,UCI id=697 (DOI 10.24432/C5MC89),"pendiente (se asigna en Fase 3, semana 5)"
3390,Graduate,0.0,UCI id=697 (DOI 10.24432/C5MC89),"pendiente (se asigna en Fase 3, semana 5)"
3391,Graduate,0.0,UCI id=697 (DOI 10.24432/C5MC89),"pendiente (se asigna en Fase 3, semana 5)"
3392,Graduate,0.0,UCI id=697 (DOI 10.24432/C5MC89),"pendiente (se asigna en Fase 3, semana 5)"
3393,Graduate,0.0,UCI id=697 (DOI 10.24432/C5MC89),"pendiente (se asigna en Fase 3, semana 5)"
3394,Enrolled,,UCI id=697 (DOI 10.24432/C5MC89),"pendiente (se asigna en Fase 3, semana 5)"
3395,Graduate,0.0,UCI id=697 (DOI 10.24432/C5MC89),"pendiente (se asigna en Fase 3, semana 5)"
3396,Enrolled,,UCI id=697 (DOI 10.24432/C5MC89),"pendiente (se asigna en Fase 3, semana 5)"
3397,Graduate,0.0,UCI id=697 (DOI 10.24432/C5MC89),"pendiente (se asigna en Fase 3, semana 5)"
3398,Graduate,0.0,UCI id=697 (DOI 10.24432/C5MC89),"pendiente (se asigna en Fase 3, semana 5)"
3399,Graduate,0.0,UCI id=697 (DOI 10.24432/C5MC89),"pendiente (se asigna en Fase 3, semana 5)"
3400,Graduate,0.0,UCI id=697 (DOI 10.24432/C5MC89),"pendiente (se asigna en Fase 3, semana 5)"
3401,Enrolled,,UCI id=697 (DOI 10.24432/C5MC89),"pendiente (se asigna en Fase 3, semana 5)"
3402,Graduate,0.0,UCI id=697 (DOI 10.24432/C5MC89),"pendiente (se asigna en Fase 3, semana 5)"
3403,Graduate,0.0,UCI id=697 (DOI 10.24432/C5MC89),"pendiente (se asigna en Fase 3, semana 5)"
3404,Enrolled,,UCI id=697 (DOI 10.24432/C5MC89),"pendiente (se asigna en Fase 3, semana 5)"
3405,Graduate,0.0,UCI id=697 (DOI 10.24432/C5MC89),"pendiente (se asigna en Fase 3, semana 5)"
3406,Enrolled,,UCI id=697 (DOI 10.24432/C5MC89),"pendiente (se asigna en Fase 3, semana 5)"
3407,Graduate,0.0,UCI id=697 (DOI 10.24432/C5MC89),"pendiente (se asigna en Fase 3, semana 5)"
3408,Dropout,1.0,UCI id=697 (DOI 10.24432/C5MC89),"pendiente (se asigna en Fase 3, semana 5)"
3409,Graduate,0.0,UCI id=697 (DOI 10.24432/C5MC89),"pendiente (se asigna en Fase 3, semana 5)"
3410,Enrolled,,UCI id=697 (DOI 10.24432/C5MC89),"pendiente (se asigna en Fase 3, semana 5)"
3411,Graduate,0.0,UCI id=697 (DOI 10.24432/C5MC89),"pendiente (se asigna en Fase 3, semana 5)"
3412,Enrolled,,UCI id=697 (DOI 10.24432/C5MC89),"pendiente (se asigna en Fase 3, semana 5)"
3413,Dropout,1.0,UCI id=697 (DOI 10.24432/C5MC89),"pendiente (se asigna en Fase 3, semana 5)"
3414,Graduate,0.0,UCI id=697 (DOI 10.24432/C5MC89),"pendiente (se asigna en Fase 3, semana 5)"
3415,Enrolled,,UCI id=697 (DOI 10.24432/C5MC89),"pendiente (se asigna en Fase 3, semana 5)"
3416,Enrolled,,UCI id=697 (DOI 10.24432/C5MC89),"pendiente (se asigna en Fase 3, semana 5)"
3417,Dropout,1.0,UCI id=697 (DOI 10.24432/C5MC89),"pendiente (se asigna en Fase 3, semana 5)"
3418,Graduate,0.0,UCI id=697 (DOI 10.24432/C5MC89),"pendiente (se asigna en Fase 3, semana 5)"
3419,Graduate,0.0,UCI id=697 (DOI 10.24432/C5MC89),"pendiente (se asigna en Fase 3, semana 5)"
3420,Graduate,0.0,UCI id=697 (DOI 10.24432/C5MC89),"pendiente (se asigna en Fase 3, semana 5)"
3421,Dropout,1.0,UCI id=697 (DOI 10.24432/C5MC89),"pendiente (se asigna en Fase 3, semana 5)"
3422,Dropout,1.0,UCI id=697 (DOI 10.24432/C5MC89),"pendiente (se asigna en Fase 3, semana 5)"
3423,Dropout,1.0,UCI id=697 (DOI 10.24432/C5MC89),"pendiente (se asigna en Fase 3, semana 5)"
3424,Dropout,1.0,UCI id=697 (DOI 10.24432/C5MC89),"pendiente (se asigna en Fase 3, semana 5)"
3425,Dropout,1.0,UCI id=697 (DOI 10.24432/C5MC89),"pendiente (se asigna en Fase 3, semana 5)"
3426,Enrolled,,UCI id=697 (DOI 10.24432/C5MC89),"pendiente (se asigna en Fase 3, semana 5)"
3427,Graduate,0.0,UCI id=697 (DOI 10.24432/C5MC89),"pendiente (se asigna en Fase 3, semana 5)"
3428,Dropout,1.0,UCI id=697 (DOI 10.24432/C5MC89),"pendiente (se asigna en Fase 3, semana 5)"
3429,Dropout,1.0,UCI id=697 (DOI 10.24432/C5MC89),"pendiente (se asigna en Fase 3, semana 5)"
3430,Graduate,0.0,UCI id=697 (DOI 10.24432/C5MC89),"pendiente (se asigna en Fase 3, semana 5)"
3431,Graduate,0.0,UCI id=697 (DOI 10.24432/C5MC89),"pendiente (se asigna en Fase 3, semana 5)"
3432,Graduate,0.0,UCI id=697 (DOI 10.24432/C5MC89),"pendiente (se asigna en Fase 3, semana 5)"
3433,Dropout,1.0,UCI id=697 (DOI 10.24432/C5MC89),"pendiente (se asigna en Fase 3, semana 5)"
3434,Dropout,1.0,UCI id=697 (DOI 10.24432/C5MC89),"pendiente (se asigna en Fase 3, semana 5)"
3435,Graduate,0.0,UCI id=697 (DOI 10.24432/C5MC89),"pendiente (se asigna en Fase 3, semana 5)"
3436,Graduate,0.0,UCI id=697 (DOI 10.24432/C5MC89),"pendiente (se asigna en Fase 3, semana 5)"
3437,Enrolled,,UCI id=697 (DOI 10.24432/C5MC89),"pendiente (se asigna en Fase 3, semana 5)"
3438,Graduate,0.0,UCI id=697 (DOI 10.24432/C5MC89),"pendiente (se asigna en Fase 3, semana 5)"
3439,Dropout,1.0,UCI id=697 (DOI 10.24432/C5MC89),"pendiente (se asigna en Fase 3, semana 5)"
3440,Enrolled,,UCI id=697 (DOI 10.24432/C5MC89),"pendiente (se asigna en Fase 3, semana 5)"
3441,Enrolled,,UCI id=697 (DOI 10.24432/C5MC89),"pendiente (se asigna en Fase 3, semana 5)"
3442,Graduate,0.0,UCI id=697 (DOI 10.24432/C5MC89),"pendiente (se asigna en Fase 3, semana 5)"
3443,Graduate,0.0,UCI id=697 (DOI 10.24432/C5MC89),"pendiente (se asigna en Fase 3, semana 5)"
3444,Dropout,1.0,UCI id=697 (DOI 10.24432/C5MC89),"pendiente (se asigna en Fase 3, semana 5)"
3445,Graduate,0.0,UCI id=697 (DOI 10.24432/C5MC89),"pendiente (se asigna en Fase 3, semana 5)"
3446,Dropout,1.0,UCI id=697 (DOI 10.24432/C5MC89),"pendiente (se asigna en Fase 3, semana 5)"
3447,Graduate,0.0,UCI id=697 (DOI 10.24432/C5MC89),"pendiente (se asigna en Fase 3, semana 5)"
3448,Graduate,0.0,UCI id=697 (DOI 10.24432/C5MC89),"pendiente (se asigna en Fase 3, semana 5)"
3449,Graduate,0.0,UCI id=697 (DOI 10.24432/C5MC89),"pendiente (se asigna en Fase 3, semana 5)"
3450,Enrolled,,UCI id=697 (DOI 10.24432/C5MC89),"pendiente (se asigna en Fase 3, semana 5)"
3451,Enrolled,,UCI id=697 (DOI 10.24432/C5MC89),"pendiente (se asigna en Fase 3, semana 5)"
3452,Graduate,0.0,UCI id=697 (DOI 10.24432/C5MC89),"pendiente (se asigna en Fase 3, semana 5)"
3453,Graduate,0.0,UCI id=697 (DOI 10.24432/C5MC89),"pendiente (se asigna en Fase 3, semana 5)"
3454,Dropout,1.0,UCI id=697 (DOI 10.24432/C5MC89),"pendiente (se asigna en Fase 3, semana 5)"
3455,Graduate,0.0,UCI id=697 (DOI 10.24432/C5MC89),"pendiente (se asigna en Fase 3, semana 5)"
3456,Graduate,0.0,UCI id=697 (DOI 10.24432/C5MC89),"pendiente (se asigna en Fase 3, semana 5)"
3457,Graduate,0.0,UCI id=697 (DOI 10.24432/C5MC89),"pendiente (se asigna en Fase 3, semana 5)"
3458,Graduate,0.0,UCI id=697 (DOI 10.24432/C5MC89),"pendiente (se asigna en Fase 3, semana 5)"
3459,Dropout,1.0,UCI id=697 (DOI 10.24432/C5MC89),"pendiente (se asigna en Fase 3, semana 5)"
3460,Graduate,0.0,UCI id=697 (DOI 10.24432/C5MC89),"pendiente (se asigna en Fase 3, semana 5)"
3461,Enrolled,,UCI id=697 (DOI 10.24432/C5MC89),"pendiente (se asigna en Fase 3, semana 5)"
3462,Dropout,1.0,UCI id=697 (DOI 10.24432/C5MC89),"pendiente (se asigna en Fase 3, semana 5)"
3463,Enrolled,,UCI id=697 (DOI 10.24432/C5MC89),"pendiente (se asigna en Fase 3, semana 5)"
3464,Graduate,0.0,UCI id=697 (DOI 10.24432/C5MC89),"pendiente (se asigna en Fase 3, semana 5)"
3465,Dropout,1.0,UCI id=697 (DOI 10.24432/C5MC89),"pendiente (se asigna en Fase 3, semana 5)"
3466,Enrolled,,UCI id=697 (DOI 10.24432/C5MC89),"pendiente (se asigna en Fase 3, semana 5)"
3467,Graduate,0.0,UCI id=697 (DOI 10.24432/C5MC89),"pendiente (se asigna en Fase 3, semana 5)"
3468,Enrolled,,UCI id=697 (DOI 10.24432/C5MC89),"pendiente (se asigna en Fase 3, semana 5)"
3469,Enrolled,,UCI id=697 (DOI 10.24432/C5MC89),"pendiente (se asigna en Fase 3, semana 5)"
3470,Graduate,0.0,UCI id=697 (DOI 10.24432/C5MC89),"pendiente (se asigna en Fase 3, semana 5)"
3471,Graduate,0.0,UCI id=697 (DOI 10.24432/C5MC89),"pendiente (se asigna en Fase 3, semana 5)"
3472,Dropout,1.0,UCI id=697 (DOI 10.24432/C5MC89),"pendiente (se asigna en Fase 3, semana 5)"
3473,Dropout,1.0,UCI id=697 (DOI 10.24432/C5MC89),"pendiente (se asigna en Fase 3, semana 5)"
3474,Dropout,1.0,UCI id=697 (DOI 10.24432/C5MC89),"pendiente (se asigna en Fase 3, semana 5)"
3475,Graduate,0.0,UCI id=697 (DOI 10.24432/C5MC89),"pendiente (se asigna en Fase 3, semana 5)"
3476,Graduate,0.0,UCI id=697 (DOI 10.24432/C5MC89),"pendiente (se asigna en Fase 3, semana 5)"
3477,Dropout,1.0,UCI id=697 (DOI 10.24432/C5MC89),"pendiente (se asigna en Fase 3, semana 5)"
3478,Enrolled,,UCI id=697 (DOI 10.24432/C5MC89),"pendiente (se asigna en Fase 3, semana 5)"
3479,Graduate,0.0,UCI id=697 (DOI 10.24432/C5MC89),"pendiente (se asigna en Fase 3, semana 5)"
3480,Graduate,0.0,UCI id=697 (DOI 10.24432/C5MC89),"pendiente (se asigna en Fase 3, semana 5)"
3481,Graduate,0.0,UCI id=697 (DOI 10.24432/C5MC89),"pendiente (se asigna en Fase 3, semana 5)"
3482,Dropout,1.0,UCI id=697 (DOI 10.24432/C5MC89),"pendiente (se asigna en Fase 3, semana 5)"
3483,Dropout,1.0,UCI id=697 (DOI 10.24432/C5MC89),"pendiente (se asigna en Fase 3, semana 5)"
3484,Dropout,1.0,UCI id=697 (DOI 10.24432/C5MC89),"pendiente (se asigna en Fase 3, semana 5)"
3485,Dropout,1.0,UCI id=697 (DOI 10.24432/C5MC89),"pendiente (se asigna en Fase 3, semana 5)"
3486,Graduate,0.0,UCI id=697 (DOI 10.24432/C5MC89),"pendiente (se asigna en Fase 3, semana 5)"
3487,Dropout,1.0,UCI id=697 (DOI 10.24432/C5MC89),"pendiente (se asigna en Fase 3, semana 5)"
3488,Dropout,1.0,UCI id=697 (DOI 10.24432/C5MC89),"pendiente (se asigna en Fase 3, semana 5)"
3489,Graduate,0.0,UCI id=697 (DOI 10.24432/C5MC89),"pendiente (se asigna en Fase 3, semana 5)"
3490,Dropout,1.0,UCI id=697 (DOI 10.24432/C5MC89),"pendiente (se asigna en Fase 3, semana 5)"
3491,Dropout,1.0,UCI id=697 (DOI 10.24432/C5MC89),"pendiente (se asigna en Fase 3, semana 5)"
3492,Dropout,1.0,UCI id=697 (DOI 10.24432/C5MC89),"pendiente (se asigna en Fase 3, semana 5)"
3493,Dropout,1.0,UCI id=697 (DOI 10.24432/C5MC89),"pendiente (se asigna en Fase 3, semana 5)"
3494,Graduate,0.0,UCI id=697 (DOI 10.24432/C5MC89),"pendiente (se asigna en Fase 3, semana 5)"
3495,Graduate,0.0,UCI id=697 (DOI 10.24432/C5MC89),"pendiente (se asigna en Fase 3, semana 5)"
3496,Dropout,1.0,UCI id=697 (DOI 10.24432/C5MC89),"pendiente (se asigna en Fase 3, semana 5)"
3497,Dropout,1.0,UCI id=697 (DOI 10.24432/C5MC89),"pendiente (se asigna en Fase 3, semana 5)"
3498,Graduate,0.0,UCI id=697 (DOI 10.24432/C5MC89),"pendiente (se asigna en Fase 3, semana 5)"
3499,Enrolled,,UCI id=697 (DOI 10.24432/C5MC89),"pendiente (se asigna en Fase 3, semana 5)"
3500,Dropout,1.0,UCI id=697 (DOI 10.24432/C5MC89),"pendiente (se asigna en Fase 3, semana 5)"
3501,Dropout,1.0,UCI id=697 (DOI 10.24432/C5MC89),"pendiente (se asigna en Fase 3, semana 5)"
3502,Graduate,0.0,UCI id=697 (DOI 10.24432/C5MC89),"pendiente (se asigna en Fase 3, semana 5)"
3503,Graduate,0.0,UCI id=697 (DOI 10.24432/C5MC89),"pendiente (se asigna en Fase 3, semana 5)"
3504,Graduate,0.0,UCI id=697 (DOI 10.24432/C5MC89),"pendiente (se asigna en Fase 3, semana 5)"
3505,Dropout,1.0,UCI id=697 (DOI 10.24432/C5MC89),"pendiente (se asigna en Fase 3, semana 5)"
3506,Dropout,1.0,UCI id=697 (DOI 10.24432/C5MC89),"pendiente (se asigna en Fase 3, semana 5)"
3507,Graduate,0.0,UCI id=697 (DOI 10.24432/C5MC89),"pendiente (se asigna en Fase 3, semana 5)"
3508,Enrolled,,UCI id=697 (DOI 10.24432/C5MC89),"pendiente (se asigna en Fase 3, semana 5)"
3509,Graduate,0.0,UCI id=697 (DOI 10.24432/C5MC89),"pendiente (se asigna en Fase 3, semana 5)"
3510,Dropout,1.0,UCI id=697 (DOI 10.24432/C5MC89),"pendiente (se asigna en Fase 3, semana 5)"
3511,Enrolled,,UCI id=697 (DOI 10.24432/C5MC89),"pendiente (se asigna en Fase 3, semana 5)"
3512,Dropout,1.0,UCI id=697 (DOI 10.24432/C5MC89),"pendiente (se asigna en Fase 3, semana 5)"
3513,Dropout,1.0,UCI id=697 (DOI 10.24432/C5MC89),"pendiente (se asigna en Fase 3, semana 5)"
3514,Dropout,1.0,UCI id=697 (DOI 10.24432/C5MC89),"pendiente (se asigna en Fase 3, semana 5)"
3515,Enrolled,,UCI id=697 (DOI 10.24432/C5MC89),"pendiente (se asigna en Fase 3, semana 5)"
3516,Dropout,1.0,UCI id=697 (DOI 10.24432/C5MC89),"pendiente (se asigna en Fase 3, semana 5)"
3517,Dropout,1.0,UCI id=697 (DOI 10.24432/C5MC89),"pendiente (se asigna en Fase 3, semana 5)"
3518,Dropout,1.0,UCI id=697 (DOI 10.24432/C5MC89),"pendiente (se asigna en Fase 3, semana 5)"
3519,Dropout,1.0,UCI id=697 (DOI 10.24432/C5MC89),"pendiente (se asigna en Fase 3, semana 5)"
3520,Graduate,0.0,UCI id=697 (DOI 10.24432/C5MC89),"pendiente (se asigna en Fase 3, semana 5)"
3521,Dropout,1.0,UCI id=697 (DOI 10.24432/C5MC89),"pendiente (se asigna en Fase 3, semana 5)"
3522,Graduate,0.0,UCI id=697 (DOI 10.24432/C5MC89),"pendiente (se asigna en Fase 3, semana 5)"
3523,Enrolled,,UCI id=697 (DOI 10.24432/C5MC89),"pendiente (se asigna en Fase 3, semana 5)"
3524,Enrolled,,UCI id=697 (DOI 10.24432/C5MC89),"pendiente (se asigna en Fase 3, semana 5)"
3525,Graduate,0.0,UCI id=697 (DOI 10.24432/C5MC89),"pendiente (se asigna en Fase 3, semana 5)"
3526,Dropout,1.0,UCI id=697 (DOI 10.24432/C5MC89),"pendiente (se asigna en Fase 3, semana 5)"
3527,Dropout,1.0,UCI id=697 (DOI 10.24432/C5MC89),"pendiente (se asigna en Fase 3, semana 5)"
3528,Dropout,1.0,UCI id=697 (DOI 10.24432/C5MC89),"pendiente (se asigna en Fase 3, semana 5)"
3529,Enrolled,,UCI id=697 (DOI 10.24432/C5MC89),"pendiente (se asigna en Fase 3, semana 5)"
3530,Graduate,0.0,UCI id=697 (DOI 10.24432/C5MC89),"pendiente (se asigna en Fase 3, semana 5)"
3531,Enrolled,,UCI id=697 (DOI 10.24432/C5MC89),"pendiente (se asigna en Fase 3, semana 5)"
3532,Graduate,0.0,UCI id=697 (DOI 10.24432/C5MC89),"pendiente (se asigna en Fase 3, semana 5)"
3533,Dropout,1.0,UCI id=697 (DOI 10.24432/C5MC89),"pendiente (se asigna en Fase 3, semana 5)"
3534,Dropout,1.0,UCI id=697 (DOI 10.24432/C5MC89),"pendiente (se asigna en Fase 3, semana 5)"
3535,Dropout,1.0,UCI id=697 (DOI 10.24432/C5MC89),"pendiente (se asigna en Fase 3, semana 5)"
3536,Dropout,1.0,UCI id=697 (DOI 10.24432/C5MC89),"pendiente (se asigna en Fase 3, semana 5)"
3537,Dropout,1.0,UCI id=697 (DOI 10.24432/C5MC89),"pendiente (se asigna en Fase 3, semana 5)"
3538,Dropout,1.0,UCI id=697 (DOI 10.24432/C5MC89),"pendiente (se asigna en Fase 3, semana 5)"
3539,Graduate,0.0,UCI id=697 (DOI 10.24432/C5MC89),"pendiente (se asigna en Fase 3, semana 5)"
3540,Dropout,1.0,UCI id=697 (DOI 10.24432/C5MC89),"pendiente (se asigna en Fase 3, semana 5)"
3541,Dropout,1.0,UCI id=697 (DOI 10.24432/C5MC89),"pendiente (se asigna en Fase 3, semana 5)"
3542,Enrolled,,UCI id=697 (DOI 10.24432/C5MC89),"pendiente (se asigna en Fase 3, semana 5)"
3543,Enrolled,,UCI id=697 (DOI 10.24432/C5MC89),"pendiente (se asigna en Fase 3, semana 5)"
3544,Enrolled,,UCI id=697 (DOI 10.24432/C5MC89),"pendiente (se asigna en Fase 3, semana 5)"
3545,Graduate,0.0,UCI id=697 (DOI 10.24432/C5MC89),"pendiente (se asigna en Fase 3, semana 5)"
3546,Graduate,0.0,UCI id=697 (DOI 10.24432/C5MC89),"pendiente (se asigna en Fase 3, semana 5)"
3547,Dropout,1.0,UCI id=697 (DOI 10.24432/C5MC89),"pendiente (se asigna en Fase 3, semana 5)"
3548,Dropout,1.0,UCI id=697 (DOI 10.24432/C5MC89),"pendiente (se asigna en Fase 3, semana 5)"
3549,Graduate,0.0,UCI id=697 (DOI 10.24432/C5MC89),"pendiente (se asigna en Fase 3, semana 5)"
3550,Enrolled,,UCI id=697 (DOI 10.24432/C5MC89),"pendiente (se asigna en Fase 3, semana 5)"
3551,Dropout,1.0,UCI id=697 (DOI 10.24432/C5MC89),"pendiente (se asigna en Fase 3, semana 5)"
3552,Dropout,1.0,UCI id=697 (DOI 10.24432/C5MC89),"pendiente (se asigna en Fase 3, semana 5)"
3553,Dropout,1.0,UCI id=697 (DOI 10.24432/C5MC89),"pendiente (se asigna en Fase 3, semana 5)"
3554,Enrolled,,UCI id=697 (DOI 10.24432/C5MC89),"pendiente (se asigna en Fase 3, semana 5)"
3555,Graduate,0.0,UCI id=697 (DOI 10.24432/C5MC89),"pendiente (se asigna en Fase 3, semana 5)"
3556,Enrolled,,UCI id=697 (DOI 10.24432/C5MC89),"pendiente (se asigna en Fase 3, semana 5)"
3557,Dropout,1.0,UCI id=697 (DOI 10.24432/C5MC89),"pendiente (se asigna en Fase 3, semana 5)"
3558,Enrolled,,UCI id=697 (DOI 10.24432/C5MC89),"pendiente (se asigna en Fase 3, semana 5)"
3559,Graduate,0.0,UCI id=697 (DOI 10.24432/C5MC89),"pendiente (se asigna en Fase 3, semana 5)"
3560,Enrolled,,UCI id=697 (DOI 10.24432/C5MC89),"pendiente (se asigna en Fase 3, semana 5)"
3561,Graduate,0.0,UCI id=697 (DOI 10.24432/C5MC89),"pendiente (se asigna en Fase 3, semana 5)"
3562,Dropout,1.0,UCI id=697 (DOI 10.24432/C5MC89),"pendiente (se asigna en Fase 3, semana 5)"
3563,Dropout,1.0,UCI id=697 (DOI 10.24432/C5MC89),"pendiente (se asigna en Fase 3, semana 5)"
3564,Dropout,1.0,UCI id=697 (DOI 10.24432/C5MC89),"pendiente (se asigna en Fase 3, semana 5)"
3565,Dropout,1.0,UCI id=697 (DOI 10.24432/C5MC89),"pendiente (se asigna en Fase 3, semana 5)"
3566,Graduate,0.0,UCI id=697 (DOI 10.24432/C5MC89),"pendiente (se asigna en Fase 3, semana 5)"
3567,Graduate,0.0,UCI id=697 (DOI 10.24432/C5MC89),"pendiente (se asigna en Fase 3, semana 5)"
3568,Graduate,0.0,UCI id=697 (DOI 10.24432/C5MC89),"pendiente (se asigna en Fase 3, semana 5)"
3569,Dropout,1.0,UCI id=697 (DOI 10.24432/C5MC89),"pendiente (se asigna en Fase 3, semana 5)"
3570,Graduate,0.0,UCI id=697 (DOI 10.24432/C5MC89),"pendiente (se asigna en Fase 3, semana 5)"
3571,Graduate,0.0,UCI id=697 (DOI 10.24432/C5MC89),"pendiente (se asigna en Fase 3, semana 5)"
3572,Dropout,1.0,UCI id=697 (DOI 10.24432/C5MC89),"pendiente (se asigna en Fase 3, semana 5)"
3573,Enrolled,,UCI id=697 (DOI 10.24432/C5MC89),"pendiente (se asigna en Fase 3, semana 5)"
3574,Graduate,0.0,UCI id=697 (DOI 10.24432/C5MC89),"pendiente (se asigna en Fase 3, semana 5)"
3575,Graduate,0.0,UCI id=697 (DOI 10.24432/C5MC89),"pendiente (se asigna en Fase 3, semana 5)"
3576,Graduate,0.0,UCI id=697 (DOI 10.24432/C5MC89),"pendiente (se asigna en Fase 3, semana 5)"
3577,Dropout,1.0,UCI id=697 (DOI 10.24432/C5MC89),"pendiente (se asigna en Fase 3, semana 5)"
3578,Dropout,1.0,UCI id=697 (DOI 10.24432/C5MC89),"pendiente (se asigna en Fase 3, semana 5)"
3579,Graduate,0.0,UCI id=697 (DOI 10.24432/C5MC89),"pendiente (se asigna en Fase 3, semana 5)"
3580,Graduate,0.0,UCI id=697 (DOI 10.24432/C5MC89),"pendiente (se asigna en Fase 3, semana 5)"
3581,Graduate,0.0,UCI id=697 (DOI 10.24432/C5MC89),"pendiente (se asigna en Fase 3, semana 5)"
3582,Dropout,1.0,UCI id=697 (DOI 10.24432/C5MC89),"pendiente (se asigna en Fase 3, semana 5)"
3583,Enrolled,,UCI id=697 (DOI 10.24432/C5MC89),"pendiente (se asigna en Fase 3, semana 5)"
3584,Graduate,0.0,UCI id=697 (DOI 10.24432/C5MC89),"pendiente (se asigna en Fase 3, semana 5)"
3585,Dropout,1.0,UCI id=697 (DOI 10.24432/C5MC89),"pendiente (se asigna en Fase 3, semana 5)"
3586,Dropout,1.0,UCI id=697 (DOI 10.24432/C5MC89),"pendiente (se asigna en Fase 3, semana 5)"
3587,Graduate,0.0,UCI id=697 (DOI 10.24432/C5MC89),"pendiente (se asigna en Fase 3, semana 5)"
3588,Graduate,0.0,UCI id=697 (DOI 10.24432/C5MC89),"pendiente (se asigna en Fase 3, semana 5)"
3589,Dropout,1.0,UCI id=697 (DOI 10.24432/C5MC89),"pendiente (se asigna en Fase 3, semana 5)"
3590,Enrolled,,UCI id=697 (DOI 10.24432/C5MC89),"pendiente (se asigna en Fase 3, semana 5)"
3591,Enrolled,,UCI id=697 (DOI 10.24432/C5MC89),"pendiente (se asigna en Fase 3, semana 5)"
3592,Dropout,1.0,UCI id=697 (DOI 10.24432/C5MC89),"pendiente (se asigna en Fase 3, semana 5)"
3593,Dropout,1.0,UCI id=697 (DOI 10.24432/C5MC89),"pendiente (se asigna en Fase 3, semana 5)"
3594,Enrolled,,UCI id=697 (DOI 10.24432/C5MC89),"pendiente (se asigna en Fase 3, semana 5)"
3595,Dropout,1.0,UCI id=697 (DOI 10.24432/C5MC89),"pendiente (se asigna en Fase 3, semana 5)"
3596,Enrolled,,UCI id=697 (DOI 10.24432/C5MC89),"pendiente (se asigna en Fase 3, semana 5)"
3597,Graduate,0.0,UCI id=697 (DOI 10.24432/C5MC89),"pendiente (se asigna en Fase 3, semana 5)"
3598,Graduate,0.0,UCI id=697 (DOI 10.24432/C5MC89),"pendiente (se asigna en Fase 3, semana 5)"
3599,Dropout,1.0,UCI id=697 (DOI 10.24432/C5MC89),"pendiente (se asigna en Fase 3, semana 5)"
3600,Dropout,1.0,UCI id=697 (DOI 10.24432/C5MC89),"pendiente (se asigna en Fase 3, semana 5)"
3601,Graduate,0.0,UCI id=697 (DOI 10.24432/C5MC89),"pendiente (se asigna en Fase 3, semana 5)"
3602,Graduate,0.0,UCI id=697 (DOI 10.24432/C5MC89),"pendiente (se asigna en Fase 3, semana 5)"
3603,Enrolled,,UCI id=697 (DOI 10.24432/C5MC89),"pendiente (se asigna en Fase 3, semana 5)"
3604,Graduate,0.0,UCI id=697 (DOI 10.24432/C5MC89),"pendiente (se asigna en Fase 3, semana 5)"
3605,Graduate,0.0,UCI id=697 (DOI 10.24432/C5MC89),"pendiente (se asigna en Fase 3, semana 5)"
3606,Dropout,1.0,UCI id=697 (DOI 10.24432/C5MC89),"pendiente (se asigna en Fase 3, semana 5)"
3607,Enrolled,,UCI id=697 (DOI 10.24432/C5MC89),"pendiente (se asigna en Fase 3, semana 5)"
3608,Dropout,1.0,UCI id=697 (DOI 10.24432/C5MC89),"pendiente (se asigna en Fase 3, semana 5)"
3609,Enrolled,,UCI id=697 (DOI 10.24432/C5MC89),"pendiente (se asigna en Fase 3, semana 5)"
3610,Enrolled,,UCI id=697 (DOI 10.24432/C5MC89),"pendiente (se asigna en Fase 3, semana 5)"
3611,Graduate,0.0,UCI id=697 (DOI 10.24432/C5MC89),"pendiente (se asigna en Fase 3, semana 5)"
3612,Dropout,1.0,UCI id=697 (DOI 10.24432/C5MC89),"pendiente (se asigna en Fase 3, semana 5)"
3613,Dropout,1.0,UCI id=697 (DOI 10.24432/C5MC89),"pendiente (se asigna en Fase 3, semana 5)"
3614,Enrolled,,UCI id=697 (DOI 10.24432/C5MC89),"pendiente (se asigna en Fase 3, semana 5)"
3615,Dropout,1.0,UCI id=697 (DOI 10.24432/C5MC89),"pendiente (se asigna en Fase 3, semana 5)"
3616,Enrolled,,UCI id=697 (DOI 10.24432/C5MC89),"pendiente (se asigna en Fase 3, semana 5)"
3617,Dropout,1.0,UCI id=697 (DOI 10.24432/C5MC89),"pendiente (se asigna en Fase 3, semana 5)"
3618,Graduate,0.0,UCI id=697 (DOI 10.24432/C5MC89),"pendiente (se asigna en Fase 3, semana 5)"
3619,Graduate,0.0,UCI id=697 (DOI 10.24432/C5MC89),"pendiente (se asigna en Fase 3, semana 5)"
3620,Dropout,1.0,UCI id=697 (DOI 10.24432/C5MC89),"pendiente (se asigna en Fase 3, semana 5)"
3621,Graduate,0.0,UCI id=697 (DOI 10.24432/C5MC89),"pendiente (se asigna en Fase 3, semana 5)"
3622,Graduate,0.0,UCI id=697 (DOI 10.24432/C5MC89),"pendiente (se asigna en Fase 3, semana 5)"
3623,Dropout,1.0,UCI id=697 (DOI 10.24432/C5MC89),"pendiente (se asigna en Fase 3, semana 5)"
3624,Graduate,0.0,UCI id=697 (DOI 10.24432/C5MC89),"pendiente (se asigna en Fase 3, semana 5)"
3625,Enrolled,,UCI id=697 (DOI 10.24432/C5MC89),"pendiente (se asigna en Fase 3, semana 5)"
3626,Dropout,1.0,UCI id=697 (DOI 10.24432/C5MC89),"pendiente (se asigna en Fase 3, semana 5)"
3627,Enrolled,,UCI id=697 (DOI 10.24432/C5MC89),"pendiente (se asigna en Fase 3, semana 5)"
3628,Dropout,1.0,UCI id=697 (DOI 10.24432/C5MC89),"pendiente (se asigna en Fase 3, semana 5)"
3629,Graduate,0.0,UCI id=697 (DOI 10.24432/C5MC89),"pendiente (se asigna en Fase 3, semana 5)"
3630,Graduate,0.0,UCI id=697 (DOI 10.24432/C5MC89),"pendiente (se asigna en Fase 3, semana 5)"
3631,Dropout,1.0,UCI id=697 (DOI 10.24432/C5MC89),"pendiente (se asigna en Fase 3, semana 5)"
3632,Enrolled,,UCI id=697 (DOI 10.24432/C5MC89),"pendiente (se asigna en Fase 3, semana 5)"
3633,Graduate,0.0,UCI id=697 (DOI 10.24432/C5MC89),"pendiente (se asigna en Fase 3, semana 5)"
3634,Graduate,0.0,UCI id=697 (DOI 10.24432/C5MC89),"pendiente (se asigna en Fase 3, semana 5)"
3635,Graduate,0.0,UCI id=697 (DOI 10.24432/C5MC89),"pendiente (se asigna en Fase 3, semana 5)"
3636,Graduate,0.0,UCI id=697 (DOI 10.24432/C5MC89),"pendiente (se asigna en Fase 3, semana 5)"
3637,Enrolled,,UCI id=697 (DOI 10.24432/C5MC89),"pendiente (se asigna en Fase 3, semana 5)"
3638,Graduate,0.0,UCI id=697 (DOI 10.24432/C5MC89),"pendiente (se asigna en Fase 3, semana 5)"
3639,Graduate,0.0,UCI id=697 (DOI 10.24432/C5MC89),"pendiente (se asigna en Fase 3, semana 5)"
3640,Graduate,0.0,UCI id=697 (DOI 10.24432/C5MC89),"pendiente (se asigna en Fase 3, semana 5)"
3641,Dropout,1.0,UCI id=697 (DOI 10.24432/C5MC89),"pendiente (se asigna en Fase 3, semana 5)"
3642,Graduate,0.0,UCI id=697 (DOI 10.24432/C5MC89),"pendiente (se asigna en Fase 3, semana 5)"
3643,Graduate,0.0,UCI id=697 (DOI 10.24432/C5MC89),"pendiente (se asigna en Fase 3, semana 5)"
3644,Graduate,0.0,UCI id=697 (DOI 10.24432/C5MC89),"pendiente (se asigna en Fase 3, semana 5)"
3645,Graduate,0.0,UCI id=697 (DOI 10.24432/C5MC89),"pendiente (se asigna en Fase 3, semana 5)"
3646,Enrolled,,UCI id=697 (DOI 10.24432/C5MC89),"pendiente (se asigna en Fase 3, semana 5)"
3647,Dropout,1.0,UCI id=697 (DOI 10.24432/C5MC89),"pendiente (se asigna en Fase 3, semana 5)"
3648,Graduate,0.0,UCI id=697 (DOI 10.24432/C5MC89),"pendiente (se asigna en Fase 3, semana 5)"
3649,Dropout,1.0,UCI id=697 (DOI 10.24432/C5MC89),"pendiente (se asigna en Fase 3, semana 5)"
3650,Graduate,0.0,UCI id=697 (DOI 10.24432/C5MC89),"pendiente (se asigna en Fase 3, semana 5)"
3651,Enrolled,,UCI id=697 (DOI 10.24432/C5MC89),"pendiente (se asigna en Fase 3, semana 5)"
3652,Graduate,0.0,UCI id=697 (DOI 10.24432/C5MC89),"pendiente (se asigna en Fase 3, semana 5)"
3653,Enrolled,,UCI id=697 (DOI 10.24432/C5MC89),"pendiente (se asigna en Fase 3, semana 5)"
3654,Graduate,0.0,UCI id=697 (DOI 10.24432/C5MC89),"pendiente (se asigna en Fase 3, semana 5)"
3655,Graduate,0.0,UCI id=697 (DOI 10.24432/C5MC89),"pendiente (se asigna en Fase 3, semana 5)"
3656,Graduate,0.0,UCI id=697 (DOI 10.24432/C5MC89),"pendiente (se asigna en Fase 3, semana 5)"
3657,Graduate,0.0,UCI id=697 (DOI 10.24432/C5MC89),"pendiente (se asigna en Fase 3, semana 5)"
3658,Graduate,0.0,UCI id=697 (DOI 10.24432/C5MC89),"pendiente (se asigna en Fase 3, semana 5)"
3659,Enrolled,,UCI id=697 (DOI 10.24432/C5MC89),"pendiente (se asigna en Fase 3, semana 5)"
3660,Dropout,1.0,UCI id=697 (DOI 10.24432/C5MC89),"pendiente (se asigna en Fase 3, semana 5)"
3661,Graduate,0.0,UCI id=697 (DOI 10.24432/C5MC89),"pendiente (se asigna en Fase 3, semana 5)"
3662,Graduate,0.0,UCI id=697 (DOI 10.24432/C5MC89),"pendiente (se asigna en Fase 3, semana 5)"
3663,Graduate,0.0,UCI id=697 (DOI 10.24432/C5MC89),"pendiente (se asigna en Fase 3, semana 5)"
3664,Dropout,1.0,UCI id=697 (DOI 10.24432/C5MC89),"pendiente (se asigna en Fase 3, semana 5)"
3665,Enrolled,,UCI id=697 (DOI 10.24432/C5MC89),"pendiente (se asigna en Fase 3, semana 5)"
3666,Dropout,1.0,UCI id=697 (DOI 10.24432/C5MC89),"pendiente (se asigna en Fase 3, semana 5)"
3667,Dropout,1.0,UCI id=697 (DOI 10.24432/C5MC89),"pendiente (se asigna en Fase 3, semana 5)"
3668,Graduate,0.0,UCI id=697 (DOI 10.24432/C5MC89),"pendiente (se asigna en Fase 3, semana 5)"
3669,Graduate,0.0,UCI id=697 (DOI 10.24432/C5MC89),"pendiente (se asigna en Fase 3, semana 5)"
3670,Graduate,0.0,UCI id=697 (DOI 10.24432/C5MC89),"pendiente (se asigna en Fase 3, semana 5)"
3671,Graduate,0.0,UCI id=697 (DOI 10.24432/C5MC89),"pendiente (se asigna en Fase 3, semana 5)"
3672,Graduate,0.0,UCI id=697 (DOI 10.24432/C5MC89),"pendiente (se asigna en Fase 3, semana 5)"
3673,Graduate,0.0,UCI id=697 (DOI 10.24432/C5MC89),"pendiente (se asigna en Fase 3, semana 5)"
3674,Graduate,0.0,UCI id=697 (DOI 10.24432/C5MC89),"pendiente (se asigna en Fase 3, semana 5)"
3675,Graduate,0.0,UCI id=697 (DOI 10.24432/C5MC89),"pendiente (se asigna en Fase 3, semana 5)"
3676,Graduate,0.0,UCI id=697 (DOI 10.24432/C5MC89),"pendiente (se asigna en Fase 3, semana 5)"
3677,Dropout,1.0,UCI id=697 (DOI 10.24432/C5MC89),"pendiente (se asigna en Fase 3, semana 5)"
3678,Graduate,0.0,UCI id=697 (DOI 10.24432/C5MC89),"pendiente (se asigna en Fase 3, semana 5)"
3679,Graduate,0.0,UCI id=697 (DOI 10.24432/C5MC89),"pendiente (se asigna en Fase 3, semana 5)"
3680,Dropout,1.0,UCI id=697 (DOI 10.24432/C5MC89),"pendiente (se asigna en Fase 3, semana 5)"
3681,Enrolled,,UCI id=697 (DOI 10.24432/C5MC89),"pendiente (se asigna en Fase 3, semana 5)"
3682,Dropout,1.0,UCI id=697 (DOI 10.24432/C5MC89),"pendiente (se asigna en Fase 3, semana 5)"
3683,Graduate,0.0,UCI id=697 (DOI 10.24432/C5MC89),"pendiente (se asigna en Fase 3, semana 5)"
3684,Dropout,1.0,UCI id=697 (DOI 10.24432/C5MC89),"pendiente (se asigna en Fase 3, semana 5)"
3685,Dropout,1.0,UCI id=697 (DOI 10.24432/C5MC89),"pendiente (se asigna en Fase 3, semana 5)"
3686,Dropout,1.0,UCI id=697 (DOI 10.24432/C5MC89),"pendiente (se asigna en Fase 3, semana 5)"
3687,Dropout,1.0,UCI id=697 (DOI 10.24432/C5MC89),"pendiente (se asigna en Fase 3, semana 5)"
3688,Graduate,0.0,UCI id=697 (DOI 10.24432/C5MC89),"pendiente (se asigna en Fase 3, semana 5)"
3689,Enrolled,,UCI id=697 (DOI 10.24432/C5MC89),"pendiente (se asigna en Fase 3, semana 5)"
3690,Graduate,0.0,UCI id=697 (DOI 10.24432/C5MC89),"pendiente (se asigna en Fase 3, semana 5)"
3691,Dropout,1.0,UCI id=697 (DOI 10.24432/C5MC89),"pendiente (se asigna en Fase 3, semana 5)"
3692,Dropout,1.0,UCI id=697 (DOI 10.24432/C5MC89),"pendiente (se asigna en Fase 3, semana 5)"
3693,Dropout,1.0,UCI id=697 (DOI 10.24432/C5MC89),"pendiente (se asigna en Fase 3, semana 5)"
3694,Dropout,1.0,UCI id=697 (DOI 10.24432/C5MC89),"pendiente (se asigna en Fase 3, semana 5)"
3695,Dropout,1.0,UCI id=697 (DOI 10.24432/C5MC89),"pendiente (se asigna en Fase 3, semana 5)"
3696,Graduate,0.0,UCI id=697 (DOI 10.24432/C5MC89),"pendiente (se asigna en Fase 3, semana 5)"
3697,Enrolled,,UCI id=697 (DOI 10.24432/C5MC89),"pendiente (se asigna en Fase 3, semana 5)"
3698,Graduate,0.0,UCI id=697 (DOI 10.24432/C5MC89),"pendiente (se asigna en Fase 3, semana 5)"
3699,Dropout,1.0,UCI id=697 (DOI 10.24432/C5MC89),"pendiente (se asigna en Fase 3, semana 5)"
3700,Enrolled,,UCI id=697 (DOI 10.24432/C5MC89),"pendiente (se asigna en Fase 3, semana 5)"
3701,Enrolled,,UCI id=697 (DOI 10.24432/C5MC89),"pendiente (se asigna en Fase 3, semana 5)"
3702,Dropout,1.0,UCI id=697 (DOI 10.24432/C5MC89),"pendiente (se asigna en Fase 3, semana 5)"
3703,Dropout,1.0,UCI id=697 (DOI 10.24432/C5MC89),"pendiente (se asigna en Fase 3, semana 5)"
3704,Graduate,0.0,UCI id=697 (DOI 10.24432/C5MC89),"pendiente (se asigna en Fase 3, semana 5)"
3705,Dropout,1.0,UCI id=697 (DOI 10.24432/C5MC89),"pendiente (se asigna en Fase 3, semana 5)"
3706,Graduate,0.0,UCI id=697 (DOI 10.24432/C5MC89),"pendiente (se asigna en Fase 3, semana 5)"
3707,Graduate,0.0,UCI id=697 (DOI 10.24432/C5MC89),"pendiente (se asigna en Fase 3, semana 5)"
3708,Dropout,1.0,UCI id=697 (DOI 10.24432/C5MC89),"pendiente (se asigna en Fase 3, semana 5)"
3709,Dropout,1.0,UCI id=697 (DOI 10.24432/C5MC89),"pendiente (se asigna en Fase 3, semana 5)"
3710,Graduate,0.0,UCI id=697 (DOI 10.24432/C5MC89),"pendiente (se asigna en Fase 3, semana 5)"
3711,Dropout,1.0,UCI id=697 (DOI 10.24432/C5MC89),"pendiente (se asigna en Fase 3, semana 5)"
3712,Dropout,1.0,UCI id=697 (DOI 10.24432/C5MC89),"pendiente (se asigna en Fase 3, semana 5)"
3713,Dropout,1.0,UCI id=697 (DOI 10.24432/C5MC89),"pendiente (se asigna en Fase 3, semana 5)"
3714,Dropout,1.0,UCI id=697 (DOI 10.24432/C5MC89),"pendiente (se asigna en Fase 3, semana 5)"
3715,Enrolled,,UCI id=697 (DOI 10.24432/C5MC89),"pendiente (se asigna en Fase 3, semana 5)"
3716,Dropout,1.0,UCI id=697 (DOI 10.24432/C5MC89),"pendiente (se asigna en Fase 3, semana 5)"
3717,Graduate,0.0,UCI id=697 (DOI 10.24432/C5MC89),"pendiente (se asigna en Fase 3, semana 5)"
3718,Dropout,1.0,UCI id=697 (DOI 10.24432/C5MC89),"pendiente (se asigna en Fase 3, semana 5)"
3719,Dropout,1.0,UCI id=697 (DOI 10.24432/C5MC89),"pendiente (se asigna en Fase 3, semana 5)"
3720,Enrolled,,UCI id=697 (DOI 10.24432/C5MC89),"pendiente (se asigna en Fase 3, semana 5)"
3721,Dropout,1.0,UCI id=697 (DOI 10.24432/C5MC89),"pendiente (se asigna en Fase 3, semana 5)"
3722,Dropout,1.0,UCI id=697 (DOI 10.24432/C5MC89),"pendiente (se asigna en Fase 3, semana 5)"
3723,Dropout,1.0,UCI id=697 (DOI 10.24432/C5MC89),"pendiente (se asigna en Fase 3, semana 5)"
3724,Dropout,1.0,UCI id=697 (DOI 10.24432/C5MC89),"pendiente (se asigna en Fase 3, semana 5)"
3725,Dropout,1.0,UCI id=697 (DOI 10.24432/C5MC89),"pendiente (se asigna en Fase 3, semana 5)"
3726,Dropout,1.0,UCI id=697 (DOI 10.24432/C5MC89),"pendiente (se asigna en Fase 3, semana 5)"
3727,Graduate,0.0,UCI id=697 (DOI 10.24432/C5MC89),"pendiente (se asigna en Fase 3, semana 5)"
3728,Graduate,0.0,UCI id=697 (DOI 10.24432/C5MC89),"pendiente (se asigna en Fase 3, semana 5)"
3729,Graduate,0.0,UCI id=697 (DOI 10.24432/C5MC89),"pendiente (se asigna en Fase 3, semana 5)"
3730,Graduate,0.0,UCI id=697 (DOI 10.24432/C5MC89),"pendiente (se asigna en Fase 3, semana 5)"
3731,Dropout,1.0,UCI id=697 (DOI 10.24432/C5MC89),"pendiente (se asigna en Fase 3, semana 5)"
3732,Graduate,0.0,UCI id=697 (DOI 10.24432/C5MC89),"pendiente (se asigna en Fase 3, semana 5)"
3733,Dropout,1.0,UCI id=697 (DOI 10.24432/C5MC89),"pendiente (se asigna en Fase 3, semana 5)"
3734,Dropout,1.0,UCI id=697 (DOI 10.24432/C5MC89),"pendiente (se asigna en Fase 3, semana 5)"
3735,Graduate,0.0,UCI id=697 (DOI 10.24432/C5MC89),"pendiente (se asigna en Fase 3, semana 5)"
3736,Enrolled,,UCI id=697 (DOI 10.24432/C5MC89),"pendiente (se asigna en Fase 3, semana 5)"
3737,Enrolled,,UCI id=697 (DOI 10.24432/C5MC89),"pendiente (se asigna en Fase 3, semana 5)"
3738,Graduate,0.0,UCI id=697 (DOI 10.24432/C5MC89),"pendiente (se asigna en Fase 3, semana 5)"
3739,Dropout,1.0,UCI id=697 (DOI 10.24432/C5MC89),"pendiente (se asigna en Fase 3, semana 5)"
3740,Dropout,1.0,UCI id=697 (DOI 10.24432/C5MC89),"pendiente (se asigna en Fase 3, semana 5)"
3741,Enrolled,,UCI id=697 (DOI 10.24432/C5MC89),"pendiente (se asigna en Fase 3, semana 5)"
3742,Graduate,0.0,UCI id=697 (DOI 10.24432/C5MC89),"pendiente (se asigna en Fase 3, semana 5)"
3743,Enrolled,,UCI id=697 (DOI 10.24432/C5MC89),"pendiente (se asigna en Fase 3, semana 5)"
3744,Dropout,1.0,UCI id=697 (DOI 10.24432/C5MC89),"pendiente (se asigna en Fase 3, semana 5)"
3745,Graduate,0.0,UCI id=697 (DOI 10.24432/C5MC89),"pendiente (se asigna en Fase 3, semana 5)"
3746,Graduate,0.0,UCI id=697 (DOI 10.24432/C5MC89),"pendiente (se asigna en Fase 3, semana 5)"
3747,Graduate,0.0,UCI id=697 (DOI 10.24432/C5MC89),"pendiente (se asigna en Fase 3, semana 5)"
3748,Dropout,1.0,UCI id=697 (DOI 10.24432/C5MC89),"pendiente (se asigna en Fase 3, semana 5)"
3749,Graduate,0.0,UCI id=697 (DOI 10.24432/C5MC89),"pendiente (se asigna en Fase 3, semana 5)"
3750,Graduate,0.0,UCI id=697 (DOI 10.24432/C5MC89),"pendiente (se asigna en Fase 3, semana 5)"
3751,Graduate,0.0,UCI id=697 (DOI 10.24432/C5MC89),"pendiente (se asigna en Fase 3, semana 5)"
3752,Graduate,0.0,UCI id=697 (DOI 10.24432/C5MC89),"pendiente (se asigna en Fase 3, semana 5)"
3753,Graduate,0.0,UCI id=697 (DOI 10.24432/C5MC89),"pendiente (se asigna en Fase 3, semana 5)"
3754,Dropout,1.0,UCI id=697 (DOI 10.24432/C5MC89),"pendiente (se asigna en Fase 3, semana 5)"
3755,Dropout,1.0,UCI id=697 (DOI 10.24432/C5MC89),"pendiente (se asigna en Fase 3, semana 5)"
3756,Graduate,0.0,UCI id=697 (DOI 10.24432/C5MC89),"pendiente (se asigna en Fase 3, semana 5)"
3757,Graduate,0.0,UCI id=697 (DOI 10.24432/C5MC89),"pendiente (se asigna en Fase 3, semana 5)"
3758,Enrolled,,UCI id=697 (DOI 10.24432/C5MC89),"pendiente (se asigna en Fase 3, semana 5)"
3759,Dropout,1.0,UCI id=697 (DOI 10.24432/C5MC89),"pendiente (se asigna en Fase 3, semana 5)"
3760,Graduate,0.0,UCI id=697 (DOI 10.24432/C5MC89),"pendiente (se asigna en Fase 3, semana 5)"
3761,Dropout,1.0,UCI id=697 (DOI 10.24432/C5MC89),"pendiente (se asigna en Fase 3, semana 5)"
3762,Graduate,0.0,UCI id=697 (DOI 10.24432/C5MC89),"pendiente (se asigna en Fase 3, semana 5)"
3763,Graduate,0.0,UCI id=697 (DOI 10.24432/C5MC89),"pendiente (se asigna en Fase 3, semana 5)"
3764,Graduate,0.0,UCI id=697 (DOI 10.24432/C5MC89),"pendiente (se asigna en Fase 3, semana 5)"
3765,Graduate,0.0,UCI id=697 (DOI 10.24432/C5MC89),"pendiente (se asigna en Fase 3, semana 5)"
3766,Graduate,0.0,UCI id=697 (DOI 10.24432/C5MC89),"pendiente (se asigna en Fase 3, semana 5)"
3767,Dropout,1.0,UCI id=697 (DOI 10.24432/C5MC89),"pendiente (se asigna en Fase 3, semana 5)"
3768,Enrolled,,UCI id=697 (DOI 10.24432/C5MC89),"pendiente (se asigna en Fase 3, semana 5)"
3769,Dropout,1.0,UCI id=697 (DOI 10.24432/C5MC89),"pendiente (se asigna en Fase 3, semana 5)"
3770,Dropout,1.0,UCI id=697 (DOI 10.24432/C5MC89),"pendiente (se asigna en Fase 3, semana 5)"
3771,Graduate,0.0,UCI id=697 (DOI 10.24432/C5MC89),"pendiente (se asigna en Fase 3, semana 5)"
3772,Graduate,0.0,UCI id=697 (DOI 10.24432/C5MC89),"pendiente (se asigna en Fase 3, semana 5)"
3773,Dropout,1.0,UCI id=697 (DOI 10.24432/C5MC89),"pendiente (se asigna en Fase 3, semana 5)"
3774,Graduate,0.0,UCI id=697 (DOI 10.24432/C5MC89),"pendiente (se asigna en Fase 3, semana 5)"
3775,Dropout,1.0,UCI id=697 (DOI 10.24432/C5MC89),"pendiente (se asigna en Fase 3, semana 5)"
3776,Graduate,0.0,UCI id=697 (DOI 10.24432/C5MC89),"pendiente (se asigna en Fase 3, semana 5)"
3777,Graduate,0.0,UCI id=697 (DOI 10.24432/C5MC89),"pendiente (se asigna en Fase 3, semana 5)"
3778,Enrolled,,UCI id=697 (DOI 10.24432/C5MC89),"pendiente (se asigna en Fase 3, semana 5)"
3779,Enrolled,,UCI id=697 (DOI 10.24432/C5MC89),"pendiente (se asigna en Fase 3, semana 5)"
3780,Graduate,0.0,UCI id=697 (DOI 10.24432/C5MC89),"pendiente (se asigna en Fase 3, semana 5)"
3781,Graduate,0.0,UCI id=697 (DOI 10.24432/C5MC89),"pendiente (se asigna en Fase 3, semana 5)"
3782,Graduate,0.0,UCI id=697 (DOI 10.24432/C5MC89),"pendiente (se asigna en Fase 3, semana 5)"
3783,Enrolled,,UCI id=697 (DOI 10.24432/C5MC89),"pendiente (se asigna en Fase 3, semana 5)"
3784,Dropout,1.0,UCI id=697 (DOI 10.24432/C5MC89),"pendiente (se asigna en Fase 3, semana 5)"
3785,Enrolled,,UCI id=697 (DOI 10.24432/C5MC89),"pendiente (se asigna en Fase 3, semana 5)"
3786,Dropout,1.0,UCI id=697 (DOI 10.24432/C5MC89),"pendiente (se asigna en Fase 3, semana 5)"
3787,Dropout,1.0,UCI id=697 (DOI 10.24432/C5MC89),"pendiente (se asigna en Fase 3, semana 5)"
3788,Enrolled,,UCI id=697 (DOI 10.24432/C5MC89),"pendiente (se asigna en Fase 3, semana 5)"
3789,Dropout,1.0,UCI id=697 (DOI 10.24432/C5MC89),"pendiente (se asigna en Fase 3, semana 5)"
3790,Graduate,0.0,UCI id=697 (DOI 10.24432/C5MC89),"pendiente (se asigna en Fase 3, semana 5)"
3791,Dropout,1.0,UCI id=697 (DOI 10.24432/C5MC89),"pendiente (se asigna en Fase 3, semana 5)"
3792,Dropout,1.0,UCI id=697 (DOI 10.24432/C5MC89),"pendiente (se asigna en Fase 3, semana 5)"
3793,Dropout,1.0,UCI id=697 (DOI 10.24432/C5MC89),"pendiente (se asigna en Fase 3, semana 5)"
3794,Dropout,1.0,UCI id=697 (DOI 10.24432/C5MC89),"pendiente (se asigna en Fase 3, semana 5)"
3795,Graduate,0.0,UCI id=697 (DOI 10.24432/C5MC89),"pendiente (se asigna en Fase 3, semana 5)"
3796,Graduate,0.0,UCI id=697 (DOI 10.24432/C5MC89),"pendiente (se asigna en Fase 3, semana 5)"
3797,Dropout,1.0,UCI id=697 (DOI 10.24432/C5MC89),"pendiente (se asigna en Fase 3, semana 5)"
3798,Graduate,0.0,UCI id=697 (DOI 10.24432/C5MC89),"pendiente (se asigna en Fase 3, semana 5)"
3799,Dropout,1.0,UCI id=697 (DOI 10.24432/C5MC89),"pendiente (se asigna en Fase 3, semana 5)"
3800,Dropout,1.0,UCI id=697 (DOI 10.24432/C5MC89),"pendiente (se asigna en Fase 3, semana 5)"
3801,Graduate,0.0,UCI id=697 (DOI 10.24432/C5MC89),"pendiente (se asigna en Fase 3, semana 5)"
3802,Graduate,0.0,UCI id=697 (DOI 10.24432/C5MC89),"pendiente (se asigna en Fase 3, semana 5)"
3803,Graduate,0.0,UCI id=697 (DOI 10.24432/C5MC89),"pendiente (se asigna en Fase 3, semana 5)"
3804,Dropout,1.0,UCI id=697 (DOI 10.24432/C5MC89),"pendiente (se asigna en Fase 3, semana 5)"
3805,Dropout,1.0,UCI id=697 (DOI 10.24432/C5MC89),"pendiente (se asigna en Fase 3, semana 5)"
3806,Graduate,0.0,UCI id=697 (DOI 10.24432/C5MC89),"pendiente (se asigna en Fase 3, semana 5)"
3807,Graduate,0.0,UCI id=697 (DOI 10.24432/C5MC89),"pendiente (se asigna en Fase 3, semana 5)"
3808,Dropout,1.0,UCI id=697 (DOI 10.24432/C5MC89),"pendiente (se asigna en Fase 3, semana 5)"
3809,Dropout,1.0,UCI id=697 (DOI 10.24432/C5MC89),"pendiente (se asigna en Fase 3, semana 5)"
3810,Enrolled,,UCI id=697 (DOI 10.24432/C5MC89),"pendiente (se asigna en Fase 3, semana 5)"
3811,Dropout,1.0,UCI id=697 (DOI 10.24432/C5MC89),"pendiente (se asigna en Fase 3, semana 5)"
3812,Graduate,0.0,UCI id=697 (DOI 10.24432/C5MC89),"pendiente (se asigna en Fase 3, semana 5)"
3813,Graduate,0.0,UCI id=697 (DOI 10.24432/C5MC89),"pendiente (se asigna en Fase 3, semana 5)"
3814,Graduate,0.0,UCI id=697 (DOI 10.24432/C5MC89),"pendiente (se asigna en Fase 3, semana 5)"
3815,Enrolled,,UCI id=697 (DOI 10.24432/C5MC89),"pendiente (se asigna en Fase 3, semana 5)"
3816,Dropout,1.0,UCI id=697 (DOI 10.24432/C5MC89),"pendiente (se asigna en Fase 3, semana 5)"
3817,Graduate,0.0,UCI id=697 (DOI 10.24432/C5MC89),"pendiente (se asigna en Fase 3, semana 5)"
3818,Dropout,1.0,UCI id=697 (DOI 10.24432/C5MC89),"pendiente (se asigna en Fase 3, semana 5)"
3819,Dropout,1.0,UCI id=697 (DOI 10.24432/C5MC89),"pendiente (se asigna en Fase 3, semana 5)"
3820,Enrolled,,UCI id=697 (DOI 10.24432/C5MC89),"pendiente (se asigna en Fase 3, semana 5)"
3821,Dropout,1.0,UCI id=697 (DOI 10.24432/C5MC89),"pendiente (se asigna en Fase 3, semana 5)"
3822,Graduate,0.0,UCI id=697 (DOI 10.24432/C5MC89),"pendiente (se asigna en Fase 3, semana 5)"
3823,Dropout,1.0,UCI id=697 (DOI 10.24432/C5MC89),"pendiente (se asigna en Fase 3, semana 5)"
3824,Enrolled,,UCI id=697 (DOI 10.24432/C5MC89),"pendiente (se asigna en Fase 3, semana 5)"
3825,Dropout,1.0,UCI id=697 (DOI 10.24432/C5MC89),"pendiente (se asigna en Fase 3, semana 5)"
3826,Dropout,1.0,UCI id=697 (DOI 10.24432/C5MC89),"pendiente (se asigna en Fase 3, semana 5)"
3827,Graduate,0.0,UCI id=697 (DOI 10.24432/C5MC89),"pendiente (se asigna en Fase 3, semana 5)"
3828,Dropout,1.0,UCI id=697 (DOI 10.24432/C5MC89),"pendiente (se asigna en Fase 3, semana 5)"
3829,Dropout,1.0,UCI id=697 (DOI 10.24432/C5MC89),"pendiente (se asigna en Fase 3, semana 5)"
3830,Graduate,0.0,UCI id=697 (DOI 10.24432/C5MC89),"pendiente (se asigna en Fase 3, semana 5)"
3831,Enrolled,,UCI id=697 (DOI 10.24432/C5MC89),"pendiente (se asigna en Fase 3, semana 5)"
3832,Enrolled,,UCI id=697 (DOI 10.24432/C5MC89),"pendiente (se asigna en Fase 3, semana 5)"
3833,Dropout,1.0,UCI id=697 (DOI 10.24432/C5MC89),"pendiente (se asigna en Fase 3, semana 5)"
3834,Graduate,0.0,UCI id=697 (DOI 10.24432/C5MC89),"pendiente (se asigna en Fase 3, semana 5)"
3835,Dropout,1.0,UCI id=697 (DOI 10.24432/C5MC89),"pendiente (se asigna en Fase 3, semana 5)"
3836,Dropout,1.0,UCI id=697 (DOI 10.24432/C5MC89),"pendiente (se asigna en Fase 3, semana 5)"
3837,Dropout,1.0,UCI id=697 (DOI 10.24432/C5MC89),"pendiente (se asigna en Fase 3, semana 5)"
3838,Dropout,1.0,UCI id=697 (DOI 10.24432/C5MC89),"pendiente (se asigna en Fase 3, semana 5)"
3839,Dropout,1.0,UCI id=697 (DOI 10.24432/C5MC89),"pendiente (se asigna en Fase 3, semana 5)"
3840,Enrolled,,UCI id=697 (DOI 10.24432/C5MC89),"pendiente (se asigna en Fase 3, semana 5)"
3841,Enrolled,,UCI id=697 (DOI 10.24432/C5MC89),"pendiente (se asigna en Fase 3, semana 5)"
3842,Dropout,1.0,UCI id=697 (DOI 10.24432/C5MC89),"pendiente (se asigna en Fase 3, semana 5)"
3843,Dropout,1.0,UCI id=697 (DOI 10.24432/C5MC89),"pendiente (se asigna en Fase 3, semana 5)"
3844,Graduate,0.0,UCI id=697 (DOI 10.24432/C5MC89),"pendiente (se asigna en Fase 3, semana 5)"
3845,Dropout,1.0,UCI id=697 (DOI 10.24432/C5MC89),"pendiente (se asigna en Fase 3, semana 5)"
3846,Dropout,1.0,UCI id=697 (DOI 10.24432/C5MC89),"pendiente (se asigna en Fase 3, semana 5)"
3847,Dropout,1.0,UCI id=697 (DOI 10.24432/C5MC89),"pendiente (se asigna en Fase 3, semana 5)"
3848,Dropout,1.0,UCI id=697 (DOI 10.24432/C5MC89),"pendiente (se asigna en Fase 3, semana 5)"
3849,Graduate,0.0,UCI id=697 (DOI 10.24432/C5MC89),"pendiente (se asigna en Fase 3, semana 5)"
3850,Dropout,1.0,UCI id=697 (DOI 10.24432/C5MC89),"pendiente (se asigna en Fase 3, semana 5)"
3851,Dropout,1.0,UCI id=697 (DOI 10.24432/C5MC89),"pendiente (se asigna en Fase 3, semana 5)"
3852,Dropout,1.0,UCI id=697 (DOI 10.24432/C5MC89),"pendiente (se asigna en Fase 3, semana 5)"
3853,Dropout,1.0,UCI id=697 (DOI 10.24432/C5MC89),"pendiente (se asigna en Fase 3, semana 5)"
3854,Dropout,1.0,UCI id=697 (DOI 10.24432/C5MC89),"pendiente (se asigna en Fase 3, semana 5)"
3855,Graduate,0.0,UCI id=697 (DOI 10.24432/C5MC89),"pendiente (se asigna en Fase 3, semana 5)"
3856,Graduate,0.0,UCI id=697 (DOI 10.24432/C5MC89),"pendiente (se asigna en Fase 3, semana 5)"
3857,Graduate,0.0,UCI id=697 (DOI 10.24432/C5MC89),"pendiente (se asigna en Fase 3, semana 5)"
3858,Dropout,1.0,UCI id=697 (DOI 10.24432/C5MC89),"pendiente (se asigna en Fase 3, semana 5)"
3859,Dropout,1.0,UCI id=697 (DOI 10.24432/C5MC89),"pendiente (se asigna en Fase 3, semana 5)"
3860,Dropout,1.0,UCI id=697 (DOI 10.24432/C5MC89),"pendiente (se asigna en Fase 3, semana 5)"
3861,Dropout,1.0,UCI id=697 (DOI 10.24432/C5MC89),"pendiente (se asigna en Fase 3, semana 5)"
3862,Graduate,0.0,UCI id=697 (DOI 10.24432/C5MC89),"pendiente (se asigna en Fase 3, semana 5)"
3863,Graduate,0.0,UCI id=697 (DOI 10.24432/C5MC89),"pendiente (se asigna en Fase 3, semana 5)"
3864,Dropout,1.0,UCI id=697 (DOI 10.24432/C5MC89),"pendiente (se asigna en Fase 3, semana 5)"
3865,Dropout,1.0,UCI id=697 (DOI 10.24432/C5MC89),"pendiente (se asigna en Fase 3, semana 5)"
3866,Dropout,1.0,UCI id=697 (DOI 10.24432/C5MC89),"pendiente (se asigna en Fase 3, semana 5)"
3867,Graduate,0.0,UCI id=697 (DOI 10.24432/C5MC89),"pendiente (se asigna en Fase 3, semana 5)"
3868,Graduate,0.0,UCI id=697 (DOI 10.24432/C5MC89),"pendiente (se asigna en Fase 3, semana 5)"
3869,Dropout,1.0,UCI id=697 (DOI 10.24432/C5MC89),"pendiente (se asigna en Fase 3, semana 5)"
3870,Graduate,0.0,UCI id=697 (DOI 10.24432/C5MC89),"pendiente (se asigna en Fase 3, semana 5)"
3871,Graduate,0.0,UCI id=697 (DOI 10.24432/C5MC89),"pendiente (se asigna en Fase 3, semana 5)"
3872,Graduate,0.0,UCI id=697 (DOI 10.24432/C5MC89),"pendiente (se asigna en Fase 3, semana 5)"
3873,Dropout,1.0,UCI id=697 (DOI 10.24432/C5MC89),"pendiente (se asigna en Fase 3, semana 5)"
3874,Dropout,1.0,UCI id=697 (DOI 10.24432/C5MC89),"pendiente (se asigna en Fase 3, semana 5)"
3875,Dropout,1.0,UCI id=697 (DOI 10.24432/C5MC89),"pendiente (se asigna en Fase 3, semana 5)"
3876,Dropout,1.0,UCI id=697 (DOI 10.24432/C5MC89),"pendiente (se asigna en Fase 3, semana 5)"
3877,Graduate,0.0,UCI id=697 (DOI 10.24432/C5MC89),"pendiente (se asigna en Fase 3, semana 5)"
3878,Graduate,0.0,UCI id=697 (DOI 10.24432/C5MC89),"pendiente (se asigna en Fase 3, semana 5)"
3879,Graduate,0.0,UCI id=697 (DOI 10.24432/C5MC89),"pendiente (se asigna en Fase 3, semana 5)"
3880,Graduate,0.0,UCI id=697 (DOI 10.24432/C5MC89),"pendiente (se asigna en Fase 3, semana 5)"
3881,Graduate,0.0,UCI id=697 (DOI 10.24432/C5MC89),"pendiente (se asigna en Fase 3, semana 5)"
3882,Dropout,1.0,UCI id=697 (DOI 10.24432/C5MC89),"pendiente (se asigna en Fase 3, semana 5)"
3883,Graduate,0.0,UCI id=697 (DOI 10.24432/C5MC89),"pendiente (se asigna en Fase 3, semana 5)"
3884,Graduate,0.0,UCI id=697 (DOI 10.24432/C5MC89),"pendiente (se asigna en Fase 3, semana 5)"
3885,Graduate,0.0,UCI id=697 (DOI 10.24432/C5MC89),"pendiente (se asigna en Fase 3, semana 5)"
3886,Enrolled,,UCI id=697 (DOI 10.24432/C5MC89),"pendiente (se asigna en Fase 3, semana 5)"
3887,Enrolled,,UCI id=697 (DOI 10.24432/C5MC89),"pendiente (se asigna en Fase 3, semana 5)"
3888,Graduate,0.0,UCI id=697 (DOI 10.24432/C5MC89),"pendiente (se asigna en Fase 3, semana 5)"
3889,Graduate,0.0,UCI id=697 (DOI 10.24432/C5MC89),"pendiente (se asigna en Fase 3, semana 5)"
3890,Enrolled,,UCI id=697 (DOI 10.24432/C5MC89),"pendiente (se asigna en Fase 3, semana 5)"
3891,Enrolled,,UCI id=697 (DOI 10.24432/C5MC89),"pendiente (se asigna en Fase 3, semana 5)"
3892,Graduate,0.0,UCI id=697 (DOI 10.24432/C5MC89),"pendiente (se asigna en Fase 3, semana 5)"
3893,Dropout,1.0,UCI id=697 (DOI 10.24432/C5MC89),"pendiente (se asigna en Fase 3, semana 5)"
3894,Enrolled,,UCI id=697 (DOI 10.24432/C5MC89),"pendiente (se asigna en Fase 3, semana 5)"
3895,Graduate,0.0,UCI id=697 (DOI 10.24432/C5MC89),"pendiente (se asigna en Fase 3, semana 5)"
3896,Enrolled,,UCI id=697 (DOI 10.24432/C5MC89),"pendiente (se asigna en Fase 3, semana 5)"
3897,Graduate,0.0,UCI id=697 (DOI 10.24432/C5MC89),"pendiente (se asigna en Fase 3, semana 5)"
3898,Graduate,0.0,UCI id=697 (DOI 10.24432/C5MC89),"pendiente (se asigna en Fase 3, semana 5)"
3899,Enrolled,,UCI id=697 (DOI 10.24432/C5MC89),"pendiente (se asigna en Fase 3, semana 5)"
3900,Graduate,0.0,UCI id=697 (DOI 10.24432/C5MC89),"pendiente (se asigna en Fase 3, semana 5)"
3901,Enrolled,,UCI id=697 (DOI 10.24432/C5MC89),"pendiente (se asigna en Fase 3, semana 5)"
3902,Enrolled,,UCI id=697 (DOI 10.24432/C5MC89),"pendiente (se asigna en Fase 3, semana 5)"
3903,Dropout,1.0,UCI id=697 (DOI 10.24432/C5MC89),"pendiente (se asigna en Fase 3, semana 5)"
3904,Dropout,1.0,UCI id=697 (DOI 10.24432/C5MC89),"pendiente (se asigna en Fase 3, semana 5)"
3905,Graduate,0.0,UCI id=697 (DOI 10.24432/C5MC89),"pendiente (se asigna en Fase 3, semana 5)"
3906,Graduate,0.0,UCI id=697 (DOI 10.24432/C5MC89),"pendiente (se asigna en Fase 3, semana 5)"
3907,Enrolled,,UCI id=697 (DOI 10.24432/C5MC89),"pendiente (se asigna en Fase 3, semana 5)"
3908,Graduate,0.0,UCI id=697 (DOI 10.24432/C5MC89),"pendiente (se asigna en Fase 3, semana 5)"
3909,Dropout,1.0,UCI id=697 (DOI 10.24432/C5MC89),"pendiente (se asigna en Fase 3, semana 5)"
3910,Enrolled,,UCI id=697 (DOI 10.24432/C5MC89),"pendiente (se asigna en Fase 3, semana 5)"
3911,Graduate,0.0,UCI id=697 (DOI 10.24432/C5MC89),"pendiente (se asigna en Fase 3, semana 5)"
3912,Graduate,0.0,UCI id=697 (DOI 10.24432/C5MC89),"pendiente (se asigna en Fase 3, semana 5)"
3913,Graduate,0.0,UCI id=697 (DOI 10.24432/C5MC89),"pendiente (se asigna en Fase 3, semana 5)"
3914,Dropout,1.0,UCI id=697 (DOI 10.24432/C5MC89),"pendiente (se asigna en Fase 3, semana 5)"
3915,Graduate,0.0,UCI id=697 (DOI 10.24432/C5MC89),"pendiente (se asigna en Fase 3, semana 5)"
3916,Graduate,0.0,UCI id=697 (DOI 10.24432/C5MC89),"pendiente (se asigna en Fase 3, semana 5)"
3917,Graduate,0.0,UCI id=697 (DOI 10.24432/C5MC89),"pendiente (se asigna en Fase 3, semana 5)"
3918,Enrolled,,UCI id=697 (DOI 10.24432/C5MC89),"pendiente (se asigna en Fase 3, semana 5)"
3919,Graduate,0.0,UCI id=697 (DOI 10.24432/C5MC89),"pendiente (se asigna en Fase 3, semana 5)"
3920,Graduate,0.0,UCI id=697 (DOI 10.24432/C5MC89),"pendiente (se asigna en Fase 3, semana 5)"
3921,Graduate,0.0,UCI id=697 (DOI 10.24432/C5MC89),"pendiente (se asigna en Fase 3, semana 5)"
3922,Graduate,0.0,UCI id=697 (DOI 10.24432/C5MC89),"pendiente (se asigna en Fase 3, semana 5)"
3923,Graduate,0.0,UCI id=697 (DOI 10.24432/C5MC89),"pendiente (se asigna en Fase 3, semana 5)"
3924,Enrolled,,UCI id=697 (DOI 10.24432/C5MC89),"pendiente (se asigna en Fase 3, semana 5)"
3925,Enrolled,,UCI id=697 (DOI 10.24432/C5MC89),"pendiente (se asigna en Fase 3, semana 5)"
3926,Graduate,0.0,UCI id=697 (DOI 10.24432/C5MC89),"pendiente (se asigna en Fase 3, semana 5)"
3927,Dropout,1.0,UCI id=697 (DOI 10.24432/C5MC89),"pendiente (se asigna en Fase 3, semana 5)"
3928,Graduate,0.0,UCI id=697 (DOI 10.24432/C5MC89),"pendiente (se asigna en Fase 3, semana 5)"
3929,Enrolled,,UCI id=697 (DOI 10.24432/C5MC89),"pendiente (se asigna en Fase 3, semana 5)"
3930,Graduate,0.0,UCI id=697 (DOI 10.24432/C5MC89),"pendiente (se asigna en Fase 3, semana 5)"
3931,Graduate,0.0,UCI id=697 (DOI 10.24432/C5MC89),"pendiente (se asigna en Fase 3, semana 5)"
3932,Graduate,0.0,UCI id=697 (DOI 10.24432/C5MC89),"pendiente (se asigna en Fase 3, semana 5)"
3933,Enrolled,,UCI id=697 (DOI 10.24432/C5MC89),"pendiente (se asigna en Fase 3, semana 5)"
3934,Dropout,1.0,UCI id=697 (DOI 10.24432/C5MC89),"pendiente (se asigna en Fase 3, semana 5)"
3935,Enrolled,,UCI id=697 (DOI 10.24432/C5MC89),"pendiente (se asigna en Fase 3, semana 5)"
3936,Dropout,1.0,UCI id=697 (DOI 10.24432/C5MC89),"pendiente (se asigna en Fase 3, semana 5)"
3937,Enrolled,,UCI id=697 (DOI 10.24432/C5MC89),"pendiente (se asigna en Fase 3, semana 5)"
3938,Graduate,0.0,UCI id=697 (DOI 10.24432/C5MC89),"pendiente (se asigna en Fase 3, semana 5)"
3939,Graduate,0.0,UCI id=697 (DOI 10.24432/C5MC89),"pendiente (se asigna en Fase 3, semana 5)"
3940,Enrolled,,UCI id=697 (DOI 10.24432/C5MC89),"pendiente (se asigna en Fase 3, semana 5)"
3941,Dropout,1.0,UCI id=697 (DOI 10.24432/C5MC89),"pendiente (se asigna en Fase 3, semana 5)"
3942,Graduate,0.0,UCI id=697 (DOI 10.24432/C5MC89),"pendiente (se asigna en Fase 3, semana 5)"
3943,Dropout,1.0,UCI id=697 (DOI 10.24432/C5MC89),"pendiente (se asigna en Fase 3, semana 5)"
3944,Dropout,1.0,UCI id=697 (DOI 10.24432/C5MC89),"pendiente (se asigna en Fase 3, semana 5)"
3945,Graduate,0.0,UCI id=697 (DOI 10.24432/C5MC89),"pendiente (se asigna en Fase 3, semana 5)"
3946,Graduate,0.0,UCI id=697 (DOI 10.24432/C5MC89),"pendiente (se asigna en Fase 3, semana 5)"
3947,Dropout,1.0,UCI id=697 (DOI 10.24432/C5MC89),"pendiente (se asigna en Fase 3, semana 5)"
3948,Graduate,0.0,UCI id=697 (DOI 10.24432/C5MC89),"pendiente (se asigna en Fase 3, semana 5)"
3949,Graduate,0.0,UCI id=697 (DOI 10.24432/C5MC89),"pendiente (se asigna en Fase 3, semana 5)"
3950,Dropout,1.0,UCI id=697 (DOI 10.24432/C5MC89),"pendiente (se asigna en Fase 3, semana 5)"
3951,Dropout,1.0,UCI id=697 (DOI 10.24432/C5MC89),"pendiente (se asigna en Fase 3, semana 5)"
3952,Graduate,0.0,UCI id=697 (DOI 10.24432/C5MC89),"pendiente (se asigna en Fase 3, semana 5)"
3953,Graduate,0.0,UCI id=697 (DOI 10.24432/C5MC89),"pendiente (se asigna en Fase 3, semana 5)"
3954,Dropout,1.0,UCI id=697 (DOI 10.24432/C5MC89),"pendiente (se asigna en Fase 3, semana 5)"
3955,Dropout,1.0,UCI id=697 (DOI 10.24432/C5MC89),"pendiente (se asigna en Fase 3, semana 5)"
3956,Graduate,0.0,UCI id=697 (DOI 10.24432/C5MC89),"pendiente (se asigna en Fase 3, semana 5)"
3957,Graduate,0.0,UCI id=697 (DOI 10.24432/C5MC89),"pendiente (se asigna en Fase 3, semana 5)"
3958,Graduate,0.0,UCI id=697 (DOI 10.24432/C5MC89),"pendiente (se asigna en Fase 3, semana 5)"
3959,Graduate,0.0,UCI id=697 (DOI 10.24432/C5MC89),"pendiente (se asigna en Fase 3, semana 5)"
3960,Dropout,1.0,UCI id=697 (DOI 10.24432/C5MC89),"pendiente (se asigna en Fase 3, semana 5)"
3961,Graduate,0.0,UCI id=697 (DOI 10.24432/C5MC89),"pendiente (se asigna en Fase 3, semana 5)"
3962,Graduate,0.0,UCI id=697 (DOI 10.24432/C5MC89),"pendiente (se asigna en Fase 3, semana 5)"
3963,Graduate,0.0,UCI id=697 (DOI 10.24432/C5MC89),"pendiente (se asigna en Fase 3, semana 5)"
3964,Dropout,1.0,UCI id=697 (DOI 10.24432/C5MC89),"pendiente (se asigna en Fase 3, semana 5)"
3965,Graduate,0.0,UCI id=697 (DOI 10.24432/C5MC89),"pendiente (se asigna en Fase 3, semana 5)"
3966,Dropout,1.0,UCI id=697 (DOI 10.24432/C5MC89),"pendiente (se asigna en Fase 3, semana 5)"
3967,Enrolled,,UCI id=697 (DOI 10.24432/C5MC89),"pendiente (se asigna en Fase 3, semana 5)"
3968,Graduate,0.0,UCI id=697 (DOI 10.24432/C5MC89),"pendiente (se asigna en Fase 3, semana 5)"
3969,Graduate,0.0,UCI id=697 (DOI 10.24432/C5MC89),"pendiente (se asigna en Fase 3, semana 5)"
3970,Graduate,0.0,UCI id=697 (DOI 10.24432/C5MC89),"pendiente (se asigna en Fase 3, semana 5)"
3971,Graduate,0.0,UCI id=697 (DOI 10.24432/C5MC89),"pendiente (se asigna en Fase 3, semana 5)"
3972,Graduate,0.0,UCI id=697 (DOI 10.24432/C5MC89),"pendiente (se asigna en Fase 3, semana 5)"
3973,Graduate,0.0,UCI id=697 (DOI 10.24432/C5MC89),"pendiente (se asigna en Fase 3, semana 5)"
3974,Graduate,0.0,UCI id=697 (DOI 10.24432/C5MC89),"pendiente (se asigna en Fase 3, semana 5)"
3975,Graduate,0.0,UCI id=697 (DOI 10.24432/C5MC89),"pendiente (se asigna en Fase 3, semana 5)"
3976,Graduate,0.0,UCI id=697 (DOI 10.24432/C5MC89),"pendiente (se asigna en Fase 3, semana 5)"
3977,Graduate,0.0,UCI id=697 (DOI 10.24432/C5MC89),"pendiente (se asigna en Fase 3, semana 5)"
3978,Graduate,0.0,UCI id=697 (DOI 10.24432/C5MC89),"pendiente (se asigna en Fase 3, semana 5)"
3979,Enrolled,,UCI id=697 (DOI 10.24432/C5MC89),"pendiente (se asigna en Fase 3, semana 5)"
3980,Graduate,0.0,UCI id=697 (DOI 10.24432/C5MC89),"pendiente (se asigna en Fase 3, semana 5)"
3981,Graduate,0.0,UCI id=697 (DOI 10.24432/C5MC89),"pendiente (se asigna en Fase 3, semana 5)"
3982,Graduate,0.0,UCI id=697 (DOI 10.24432/C5MC89),"pendiente (se asigna en Fase 3, semana 5)"
3983,Graduate,0.0,UCI id=697 (DOI 10.24432/C5MC89),"pendiente (se asigna en Fase 3, semana 5)"
3984,Dropout,1.0,UCI id=697 (DOI 10.24432/C5MC89),"pendiente (se asigna en Fase 3, semana 5)"
3985,Graduate,0.0,UCI id=697 (DOI 10.24432/C5MC89),"pendiente (se asigna en Fase 3, semana 5)"
3986,Graduate,0.0,UCI id=697 (DOI 10.24432/C5MC89),"pendiente (se asigna en Fase 3, semana 5)"
3987,Graduate,0.0,UCI id=697 (DOI 10.24432/C5MC89),"pendiente (se asigna en Fase 3, semana 5)"
3988,Graduate,0.0,UCI id=697 (DOI 10.24432/C5MC89),"pendiente (se asigna en Fase 3, semana 5)"
3989,Graduate,0.0,UCI id=697 (DOI 10.24432/C5MC89),"pendiente (se asigna en Fase 3, semana 5)"
3990,Graduate,0.0,UCI id=697 (DOI 10.24432/C5MC89),"pendiente (se asigna en Fase 3, semana 5)"
3991,Dropout,1.0,UCI id=697 (DOI 10.24432/C5MC89),"pendiente (se asigna en Fase 3, semana 5)"
3992,Graduate,0.0,UCI id=697 (DOI 10.24432/C5MC89),"pendiente (se asigna en Fase 3, semana 5)"
3993,Graduate,0.0,UCI id=697 (DOI 10.24432/C5MC89),"pendiente (se asigna en Fase 3, semana 5)"
3994,Graduate,0.0,UCI id=697 (DOI 10.24432/C5MC89),"pendiente (se asigna en Fase 3, semana 5)"
3995,Dropout,1.0,UCI id=697 (DOI 10.24432/C5MC89),"pendiente (se asigna en Fase 3, semana 5)"
3996,Dropout,1.0,UCI id=697 (DOI 10.24432/C5MC89),"pendiente (se asigna en Fase 3, semana 5)"
3997,Graduate,0.0,UCI id=697 (DOI 10.24432/C5MC89),"pendiente (se asigna en Fase 3, semana 5)"
3998,Dropout,1.0,UCI id=697 (DOI 10.24432/C5MC89),"pendiente (se asigna en Fase 3, semana 5)"
3999,Dropout,1.0,UCI id=697 (DOI 10.24432/C5MC89),"pendiente (se asigna en Fase 3, semana 5)"
4000,Dropout,1.0,UCI id=697 (DOI 10.24432/C5MC89),"pendiente (se asigna en Fase 3, semana 5)"
4001,Dropout,1.0,UCI id=697 (DOI 10.24432/C5MC89),"pendiente (se asigna en Fase 3, semana 5)"
4002,Graduate,0.0,UCI id=697 (DOI 10.24432/C5MC89),"pendiente (se asigna en Fase 3, semana 5)"
4003,Graduate,0.0,UCI id=697 (DOI 10.24432/C5MC89),"pendiente (se asigna en Fase 3, semana 5)"
4004,Graduate,0.0,UCI id=697 (DOI 10.24432/C5MC89),"pendiente (se asigna en Fase 3, semana 5)"
4005,Dropout,1.0,UCI id=697 (DOI 10.24432/C5MC89),"pendiente (se asigna en Fase 3, semana 5)"
4006,Graduate,0.0,UCI id=697 (DOI 10.24432/C5MC89),"pendiente (se asigna en Fase 3, semana 5)"
4007,Dropout,1.0,UCI id=697 (DOI 10.24432/C5MC89),"pendiente (se asigna en Fase 3, semana 5)"
4008,Dropout,1.0,UCI id=697 (DOI 10.24432/C5MC89),"pendiente (se asigna en Fase 3, semana 5)"
4009,Dropout,1.0,UCI id=697 (DOI 10.24432/C5MC89),"pendiente (se asigna en Fase 3, semana 5)"
4010,Dropout,1.0,UCI id=697 (DOI 10.24432/C5MC89),"pendiente (se asigna en Fase 3, semana 5)"
4011,Enrolled,,UCI id=697 (DOI 10.24432/C5MC89),"pendiente (se asigna en Fase 3, semana 5)"
4012,Dropout,1.0,UCI id=697 (DOI 10.24432/C5MC89),"pendiente (se asigna en Fase 3, semana 5)"
4013,Graduate,0.0,UCI id=697 (DOI 10.24432/C5MC89),"pendiente (se asigna en Fase 3, semana 5)"
4014,Graduate,0.0,UCI id=697 (DOI 10.24432/C5MC89),"pendiente (se asigna en Fase 3, semana 5)"
4015,Dropout,1.0,UCI id=697 (DOI 10.24432/C5MC89),"pendiente (se asigna en Fase 3, semana 5)"
4016,Dropout,1.0,UCI id=697 (DOI 10.24432/C5MC89),"pendiente (se asigna en Fase 3, semana 5)"
4017,Dropout,1.0,UCI id=697 (DOI 10.24432/C5MC89),"pendiente (se asigna en Fase 3, semana 5)"
4018,Graduate,0.0,UCI id=697 (DOI 10.24432/C5MC89),"pendiente (se asigna en Fase 3, semana 5)"
4019,Graduate,0.0,UCI id=697 (DOI 10.24432/C5MC89),"pendiente (se asigna en Fase 3, semana 5)"
4020,Dropout,1.0,UCI id=697 (DOI 10.24432/C5MC89),"pendiente (se asigna en Fase 3, semana 5)"
4021,Graduate,0.0,UCI id=697 (DOI 10.24432/C5MC89),"pendiente (se asigna en Fase 3, semana 5)"
4022,Graduate,0.0,UCI id=697 (DOI 10.24432/C5MC89),"pendiente (se asigna en Fase 3, semana 5)"
4023,Dropout,1.0,UCI id=697 (DOI 10.24432/C5MC89),"pendiente (se asigna en Fase 3, semana 5)"
4024,Enrolled,,UCI id=697 (DOI 10.24432/C5MC89),"pendiente (se asigna en Fase 3, semana 5)"
4025,Enrolled,,UCI id=697 (DOI 10.24432/C5MC89),"pendiente (se asigna en Fase 3, semana 5)"
4026,Graduate,0.0,UCI id=697 (DOI 10.24432/C5MC89),"pendiente (se asigna en Fase 3, semana 5)"
4027,Dropout,1.0,UCI id=697 (DOI 10.24432/C5MC89),"pendiente (se asigna en Fase 3, semana 5)"
4028,Graduate,0.0,UCI id=697 (DOI 10.24432/C5MC89),"pendiente (se asigna en Fase 3, semana 5)"
4029,Dropout,1.0,UCI id=697 (DOI 10.24432/C5MC89),"pendiente (se asigna en Fase 3, semana 5)"
4030,Graduate,0.0,UCI id=697 (DOI 10.24432/C5MC89),"pendiente (se asigna en Fase 3, semana 5)"
4031,Enrolled,,UCI id=697 (DOI 10.24432/C5MC89),"pendiente (se asigna en Fase 3, semana 5)"
4032,Graduate,0.0,UCI id=697 (DOI 10.24432/C5MC89),"pendiente (se asigna en Fase 3, semana 5)"
4033,Dropout,1.0,UCI id=697 (DOI 10.24432/C5MC89),"pendiente (se asigna en Fase 3, semana 5)"
4034,Dropout,1.0,UCI id=697 (DOI 10.24432/C5MC89),"pendiente (se asigna en Fase 3, semana 5)"
4035,Dropout,1.0,UCI id=697 (DOI 10.24432/C5MC89),"pendiente (se asigna en Fase 3, semana 5)"
4036,Graduate,0.0,UCI id=697 (DOI 10.24432/C5MC89),"pendiente (se asigna en Fase 3, semana 5)"
4037,Enrolled,,UCI id=697 (DOI 10.24432/C5MC89),"pendiente (se asigna en Fase 3, semana 5)"
4038,Graduate,0.0,UCI id=697 (DOI 10.24432/C5MC89),"pendiente (se asigna en Fase 3, semana 5)"
4039,Graduate,0.0,UCI id=697 (DOI 10.24432/C5MC89),"pendiente (se asigna en Fase 3, semana 5)"
4040,Graduate,0.0,UCI id=697 (DOI 10.24432/C5MC89),"pendiente (se asigna en Fase 3, semana 5)"
4041,Graduate,0.0,UCI id=697 (DOI 10.24432/C5MC89),"pendiente (se asigna en Fase 3, semana 5)"
4042,Graduate,0.0,UCI id=697 (DOI 10.24432/C5MC89),"pendiente (se asigna en Fase 3, semana 5)"
4043,Enrolled,,UCI id=697 (DOI 10.24432/C5MC89),"pendiente (se asigna en Fase 3, semana 5)"
4044,Graduate,0.0,UCI id=697 (DOI 10.24432/C5MC89),"pendiente (se asigna en Fase 3, semana 5)"
4045,Dropout,1.0,UCI id=697 (DOI 10.24432/C5MC89),"pendiente (se asigna en Fase 3, semana 5)"
4046,Graduate,0.0,UCI id=697 (DOI 10.24432/C5MC89),"pendiente (se asigna en Fase 3, semana 5)"
4047,Graduate,0.0,UCI id=697 (DOI 10.24432/C5MC89),"pendiente (se asigna en Fase 3, semana 5)"
4048,Graduate,0.0,UCI id=697 (DOI 10.24432/C5MC89),"pendiente (se asigna en Fase 3, semana 5)"
4049,Graduate,0.0,UCI id=697 (DOI 10.24432/C5MC89),"pendiente (se asigna en Fase 3, semana 5)"
4050,Dropout,1.0,UCI id=697 (DOI 10.24432/C5MC89),"pendiente (se asigna en Fase 3, semana 5)"
4051,Graduate,0.0,UCI id=697 (DOI 10.24432/C5MC89),"pendiente (se asigna en Fase 3, semana 5)"
4052,Dropout,1.0,UCI id=697 (DOI 10.24432/C5MC89),"pendiente (se asigna en Fase 3, semana 5)"
4053,Enrolled,,UCI id=697 (DOI 10.24432/C5MC89),"pendiente (se asigna en Fase 3, semana 5)"
4054,Graduate,0.0,UCI id=697 (DOI 10.24432/C5MC89),"pendiente (se asigna en Fase 3, semana 5)"
4055,Dropout,1.0,UCI id=697 (DOI 10.24432/C5MC89),"pendiente (se asigna en Fase 3, semana 5)"
4056,Graduate,0.0,UCI id=697 (DOI 10.24432/C5MC89),"pendiente (se asigna en Fase 3, semana 5)"
4057,Enrolled,,UCI id=697 (DOI 10.24432/C5MC89),"pendiente (se asigna en Fase 3, semana 5)"
4058,Graduate,0.0,UCI id=697 (DOI 10.24432/C5MC89),"pendiente (se asigna en Fase 3, semana 5)"
4059,Dropout,1.0,UCI id=697 (DOI 10.24432/C5MC89),"pendiente (se asigna en Fase 3, semana 5)"
4060,Graduate,0.0,UCI id=697 (DOI 10.24432/C5MC89),"pendiente (se asigna en Fase 3, semana 5)"
4061,Graduate,0.0,UCI id=697 (DOI 10.24432/C5MC89),"pendiente (se asigna en Fase 3, semana 5)"
4062,Graduate,0.0,UCI id=697 (DOI 10.24432/C5MC89),"pendiente (se asigna en Fase 3, semana 5)"
4063,Graduate,0.0,UCI id=697 (DOI 10.24432/C5MC89),"pendiente (se asigna en Fase 3, semana 5)"
4064,Enrolled,,UCI id=697 (DOI 10.24432/C5MC89),"pendiente (se asigna en Fase 3, semana 5)"
4065,Enrolled,,UCI id=697 (DOI 10.24432/C5MC89),"pendiente (se asigna en Fase 3, semana 5)"
4066,Graduate,0.0,UCI id=697 (DOI 10.24432/C5MC89),"pendiente (se asigna en Fase 3, semana 5)"
4067,Dropout,1.0,UCI id=697 (DOI 10.24432/C5MC89),"pendiente (se asigna en Fase 3, semana 5)"
4068,Graduate,0.0,UCI id=697 (DOI 10.24432/C5MC89),"pendiente (se asigna en Fase 3, semana 5)"
4069,Graduate,0.0,UCI id=697 (DOI 10.24432/C5MC89),"pendiente (se asigna en Fase 3, semana 5)"
4070,Graduate,0.0,UCI id=697 (DOI 10.24432/C5MC89),"pendiente (se asigna en Fase 3, semana 5)"
4071,Dropout,1.0,UCI id=697 (DOI 10.24432/C5MC89),"pendiente (se asigna en Fase 3, semana 5)"
4072,Enrolled,,UCI id=697 (DOI 10.24432/C5MC89),"pendiente (se asigna en Fase 3, semana 5)"
4073,Graduate,0.0,UCI id=697 (DOI 10.24432/C5MC89),"pendiente (se asigna en Fase 3, semana 5)"
4074,Graduate,0.0,UCI id=697 (DOI 10.24432/C5MC89),"pendiente (se asigna en Fase 3, semana 5)"
4075,Dropout,1.0,UCI id=697 (DOI 10.24432/C5MC89),"pendiente (se asigna en Fase 3, semana 5)"
4076,Graduate,0.0,UCI id=697 (DOI 10.24432/C5MC89),"pendiente (se asigna en Fase 3, semana 5)"
4077,Dropout,1.0,UCI id=697 (DOI 10.24432/C5MC89),"pendiente (se asigna en Fase 3, semana 5)"
4078,Graduate,0.0,UCI id=697 (DOI 10.24432/C5MC89),"pendiente (se asigna en Fase 3, semana 5)"
4079,Enrolled,,UCI id=697 (DOI 10.24432/C5MC89),"pendiente (se asigna en Fase 3, semana 5)"
4080,Dropout,1.0,UCI id=697 (DOI 10.24432/C5MC89),"pendiente (se asigna en Fase 3, semana 5)"
4081,Enrolled,,UCI id=697 (DOI 10.24432/C5MC89),"pendiente (se asigna en Fase 3, semana 5)"
4082,Enrolled,,UCI id=697 (DOI 10.24432/C5MC89),"pendiente (se asigna en Fase 3, semana 5)"
4083,Graduate,0.0,UCI id=697 (DOI 10.24432/C5MC89),"pendiente (se asigna en Fase 3, semana 5)"
4084,Dropout,1.0,UCI id=697 (DOI 10.24432/C5MC89),"pendiente (se asigna en Fase 3, semana 5)"
4085,Dropout,1.0,UCI id=697 (DOI 10.24432/C5MC89),"pendiente (se asigna en Fase 3, semana 5)"
4086,Graduate,0.0,UCI id=697 (DOI 10.24432/C5MC89),"pendiente (se asigna en Fase 3, semana 5)"
4087,Enrolled,,UCI id=697 (DOI 10.24432/C5MC89),"pendiente (se asigna en Fase 3, semana 5)"
4088,Enrolled,,UCI id=697 (DOI 10.24432/C5MC89),"pendiente (se asigna en Fase 3, semana 5)"
4089,Dropout,1.0,UCI id=697 (DOI 10.24432/C5MC89),"pendiente (se asigna en Fase 3, semana 5)"
4090,Graduate,0.0,UCI id=697 (DOI 10.24432/C5MC89),"pendiente (se asigna en Fase 3, semana 5)"
4091,Dropout,1.0,UCI id=697 (DOI 10.24432/C5MC89),"pendiente (se asigna en Fase 3, semana 5)"
4092,Dropout,1.0,UCI id=697 (DOI 10.24432/C5MC89),"pendiente (se asigna en Fase 3, semana 5)"
4093,Graduate,0.0,UCI id=697 (DOI 10.24432/C5MC89),"pendiente (se asigna en Fase 3, semana 5)"
4094,Graduate,0.0,UCI id=697 (DOI 10.24432/C5MC89),"pendiente (se asigna en Fase 3, semana 5)"
4095,Graduate,0.0,UCI id=697 (DOI 10.24432/C5MC89),"pendiente (se asigna en Fase 3, semana 5)"
4096,Graduate,0.0,UCI id=697 (DOI 10.24432/C5MC89),"pendiente (se asigna en Fase 3, semana 5)"
4097,Graduate,0.0,UCI id=697 (DOI 10.24432/C5MC89),"pendiente (se asigna en Fase 3, semana 5)"
4098,Dropout,1.0,UCI id=697 (DOI 10.24432/C5MC89),"pendiente (se asigna en Fase 3, semana 5)"
4099,Dropout,1.0,UCI id=697 (DOI 10.24432/C5MC89),"pendiente (se asigna en Fase 3, semana 5)"
4100,Enrolled,,UCI id=697 (DOI 10.24432/C5MC89),"pendiente (se asigna en Fase 3, semana 5)"
4101,Graduate,0.0,UCI id=697 (DOI 10.24432/C5MC89),"pendiente (se asigna en Fase 3, semana 5)"
4102,Graduate,0.0,UCI id=697 (DOI 10.24432/C5MC89),"pendiente (se asigna en Fase 3, semana 5)"
4103,Enrolled,,UCI id=697 (DOI 10.24432/C5MC89),"pendiente (se asigna en Fase 3, semana 5)"
4104,Graduate,0.0,UCI id=697 (DOI 10.24432/C5MC89),"pendiente (se asigna en Fase 3, semana 5)"
4105,Graduate,0.0,UCI id=697 (DOI 10.24432/C5MC89),"pendiente (se asigna en Fase 3, semana 5)"
4106,Graduate,0.0,UCI id=697 (DOI 10.24432/C5MC89),"pendiente (se asigna en Fase 3, semana 5)"
4107,Dropout,1.0,UCI id=697 (DOI 10.24432/C5MC89),"pendiente (se asigna en Fase 3, semana 5)"
4108,Graduate,0.0,UCI id=697 (DOI 10.24432/C5MC89),"pendiente (se asigna en Fase 3, semana 5)"
4109,Graduate,0.0,UCI id=697 (DOI 10.24432/C5MC89),"pendiente (se asigna en Fase 3, semana 5)"
4110,Graduate,0.0,UCI id=697 (DOI 10.24432/C5MC89),"pendiente (se asigna en Fase 3, semana 5)"
4111,Graduate,0.0,UCI id=697 (DOI 10.24432/C5MC89),"pendiente (se asigna en Fase 3, semana 5)"
4112,Graduate,0.0,UCI id=697 (DOI 10.24432/C5MC89),"pendiente (se asigna en Fase 3, semana 5)"
4113,Dropout,1.0,UCI id=697 (DOI 10.24432/C5MC89),"pendiente (se asigna en Fase 3, semana 5)"
4114,Graduate,0.0,UCI id=697 (DOI 10.24432/C5MC89),"pendiente (se asigna en Fase 3, semana 5)"
4115,Enrolled,,UCI id=697 (DOI 10.24432/C5MC89),"pendiente (se asigna en Fase 3, semana 5)"
4116,Enrolled,,UCI id=697 (DOI 10.24432/C5MC89),"pendiente (se asigna en Fase 3, semana 5)"
4117,Graduate,0.0,UCI id=697 (DOI 10.24432/C5MC89),"pendiente (se asigna en Fase 3, semana 5)"
4118,Graduate,0.0,UCI id=697 (DOI 10.24432/C5MC89),"pendiente (se asigna en Fase 3, semana 5)"
4119,Graduate,0.0,UCI id=697 (DOI 10.24432/C5MC89),"pendiente (se asigna en Fase 3, semana 5)"
4120,Graduate,0.0,UCI id=697 (DOI 10.24432/C5MC89),"pendiente (se asigna en Fase 3, semana 5)"
4121,Graduate,0.0,UCI id=697 (DOI 10.24432/C5MC89),"pendiente (se asigna en Fase 3, semana 5)"
4122,Graduate,0.0,UCI id=697 (DOI 10.24432/C5MC89),"pendiente (se asigna en Fase 3, semana 5)"
4123,Graduate,0.0,UCI id=697 (DOI 10.24432/C5MC89),"pendiente (se asigna en Fase 3, semana 5)"
4124,Enrolled,,UCI id=697 (DOI 10.24432/C5MC89),"pendiente (se asigna en Fase 3, semana 5)"
4125,Enrolled,,UCI id=697 (DOI 10.24432/C5MC89),"pendiente (se asigna en Fase 3, semana 5)"
4126,Enrolled,,UCI id=697 (DOI 10.24432/C5MC89),"pendiente (se asigna en Fase 3, semana 5)"
4127,Graduate,0.0,UCI id=697 (DOI 10.24432/C5MC89),"pendiente (se asigna en Fase 3, semana 5)"
4128,Graduate,0.0,UCI id=697 (DOI 10.24432/C5MC89),"pendiente (se asigna en Fase 3, semana 5)"
4129,Graduate,0.0,UCI id=697 (DOI 10.24432/C5MC89),"pendiente (se asigna en Fase 3, semana 5)"
4130,Graduate,0.0,UCI id=697 (DOI 10.24432/C5MC89),"pendiente (se asigna en Fase 3, semana 5)"
4131,Graduate,0.0,UCI id=697 (DOI 10.24432/C5MC89),"pendiente (se asigna en Fase 3, semana 5)"
4132,Enrolled,,UCI id=697 (DOI 10.24432/C5MC89),"pendiente (se asigna en Fase 3, semana 5)"
4133,Enrolled,,UCI id=697 (DOI 10.24432/C5MC89),"pendiente (se asigna en Fase 3, semana 5)"
4134,Graduate,0.0,UCI id=697 (DOI 10.24432/C5MC89),"pendiente (se asigna en Fase 3, semana 5)"
4135,Graduate,0.0,UCI id=697 (DOI 10.24432/C5MC89),"pendiente (se asigna en Fase 3, semana 5)"
4136,Graduate,0.0,UCI id=697 (DOI 10.24432/C5MC89),"pendiente (se asigna en Fase 3, semana 5)"
4137,Graduate,0.0,UCI id=697 (DOI 10.24432/C5MC89),"pendiente (se asigna en Fase 3, semana 5)"
4138,Dropout,1.0,UCI id=697 (DOI 10.24432/C5MC89),"pendiente (se asigna en Fase 3, semana 5)"
4139,Graduate,0.0,UCI id=697 (DOI 10.24432/C5MC89),"pendiente (se asigna en Fase 3, semana 5)"
4140,Dropout,1.0,UCI id=697 (DOI 10.24432/C5MC89),"pendiente (se asigna en Fase 3, semana 5)"
4141,Dropout,1.0,UCI id=697 (DOI 10.24432/C5MC89),"pendiente (se asigna en Fase 3, semana 5)"
4142,Graduate,0.0,UCI id=697 (DOI 10.24432/C5MC89),"pendiente (se asigna en Fase 3, semana 5)"
4143,Enrolled,,UCI id=697 (DOI 10.24432/C5MC89),"pendiente (se asigna en Fase 3, semana 5)"
4144,Enrolled,,UCI id=697 (DOI 10.24432/C5MC89),"pendiente (se asigna en Fase 3, semana 5)"
4145,Dropout,1.0,UCI id=697 (DOI 10.24432/C5MC89),"pendiente (se asigna en Fase 3, semana 5)"
4146,Dropout,1.0,UCI id=697 (DOI 10.24432/C5MC89),"pendiente (se asigna en Fase 3, semana 5)"
4147,Enrolled,,UCI id=697 (DOI 10.24432/C5MC89),"pendiente (se asigna en Fase 3, semana 5)"
4148,Enrolled,,UCI id=697 (DOI 10.24432/C5MC89),"pendiente (se asigna en Fase 3, semana 5)"
4149,Graduate,0.0,UCI id=697 (DOI 10.24432/C5MC89),"pendiente (se asigna en Fase 3, semana 5)"
4150,Graduate,0.0,UCI id=697 (DOI 10.24432/C5MC89),"pendiente (se asigna en Fase 3, semana 5)"
4151,Graduate,0.0,UCI id=697 (DOI 10.24432/C5MC89),"pendiente (se asigna en Fase 3, semana 5)"
4152,Graduate,0.0,UCI id=697 (DOI 10.24432/C5MC89),"pendiente (se asigna en Fase 3, semana 5)"
4153,Enrolled,,UCI id=697 (DOI 10.24432/C5MC89),"pendiente (se asigna en Fase 3, semana 5)"
4154,Dropout,1.0,UCI id=697 (DOI 10.24432/C5MC89),"pendiente (se asigna en Fase 3, semana 5)"
4155,Graduate,0.0,UCI id=697 (DOI 10.24432/C5MC89),"pendiente (se asigna en Fase 3, semana 5)"
4156,Enrolled,,UCI id=697 (DOI 10.24432/C5MC89),"pendiente (se asigna en Fase 3, semana 5)"
4157,Dropout,1.0,UCI id=697 (DOI 10.24432/C5MC89),"pendiente (se asigna en Fase 3, semana 5)"
4158,Graduate,0.0,UCI id=697 (DOI 10.24432/C5MC89),"pendiente (se asigna en Fase 3, semana 5)"
4159,Graduate,0.0,UCI id=697 (DOI 10.24432/C5MC89),"pendiente (se asigna en Fase 3, semana 5)"
4160,Graduate,0.0,UCI id=697 (DOI 10.24432/C5MC89),"pendiente (se asigna en Fase 3, semana 5)"
4161,Enrolled,,UCI id=697 (DOI 10.24432/C5MC89),"pendiente (se asigna en Fase 3, semana 5)"
4162,Dropout,1.0,UCI id=697 (DOI 10.24432/C5MC89),"pendiente (se asigna en Fase 3, semana 5)"
4163,Graduate,0.0,UCI id=697 (DOI 10.24432/C5MC89),"pendiente (se asigna en Fase 3, semana 5)"
4164,Dropout,1.0,UCI id=697 (DOI 10.24432/C5MC89),"pendiente (se asigna en Fase 3, semana 5)"
4165,Graduate,0.0,UCI id=697 (DOI 10.24432/C5MC89),"pendiente (se asigna en Fase 3, semana 5)"
4166,Enrolled,,UCI id=697 (DOI 10.24432/C5MC89),"pendiente (se asigna en Fase 3, semana 5)"
4167,Graduate,0.0,UCI id=697 (DOI 10.24432/C5MC89),"pendiente (se asigna en Fase 3, semana 5)"
4168,Graduate,0.0,UCI id=697 (DOI 10.24432/C5MC89),"pendiente (se asigna en Fase 3, semana 5)"
4169,Dropout,1.0,UCI id=697 (DOI 10.24432/C5MC89),"pendiente (se asigna en Fase 3, semana 5)"
4170,Enrolled,,UCI id=697 (DOI 10.24432/C5MC89),"pendiente (se asigna en Fase 3, semana 5)"
4171,Enrolled,,UCI id=697 (DOI 10.24432/C5MC89),"pendiente (se asigna en Fase 3, semana 5)"
4172,Enrolled,,UCI id=697 (DOI 10.24432/C5MC89),"pendiente (se asigna en Fase 3, semana 5)"
4173,Graduate,0.0,UCI id=697 (DOI 10.24432/C5MC89),"pendiente (se asigna en Fase 3, semana 5)"
4174,Graduate,0.0,UCI id=697 (DOI 10.24432/C5MC89),"pendiente (se asigna en Fase 3, semana 5)"
4175,Graduate,0.0,UCI id=697 (DOI 10.24432/C5MC89),"pendiente (se asigna en Fase 3, semana 5)"
4176,Graduate,0.0,UCI id=697 (DOI 10.24432/C5MC89),"pendiente (se asigna en Fase 3, semana 5)"
4177,Enrolled,,UCI id=697 (DOI 10.24432/C5MC89),"pendiente (se asigna en Fase 3, semana 5)"
4178,Graduate,0.0,UCI id=697 (DOI 10.24432/C5MC89),"pendiente (se asigna en Fase 3, semana 5)"
4179,Graduate,0.0,UCI id=697 (DOI 10.24432/C5MC89),"pendiente (se asigna en Fase 3, semana 5)"
4180,Enrolled,,UCI id=697 (DOI 10.24432/C5MC89),"pendiente (se asigna en Fase 3, semana 5)"
4181,Dropout,1.0,UCI id=697 (DOI 10.24432/C5MC89),"pendiente (se asigna en Fase 3, semana 5)"
4182,Dropout,1.0,UCI id=697 (DOI 10.24432/C5MC89),"pendiente (se asigna en Fase 3, semana 5)"
4183,Graduate,0.0,UCI id=697 (DOI 10.24432/C5MC89),"pendiente (se asigna en Fase 3, semana 5)"
4184,Graduate,0.0,UCI id=697 (DOI 10.24432/C5MC89),"pendiente (se asigna en Fase 3, semana 5)"
4185,Enrolled,,UCI id=697 (DOI 10.24432/C5MC89),"pendiente (se asigna en Fase 3, semana 5)"
4186,Enrolled,,UCI id=697 (DOI 10.24432/C5MC89),"pendiente (se asigna en Fase 3, semana 5)"
4187,Graduate,0.0,UCI id=697 (DOI 10.24432/C5MC89),"pendiente (se asigna en Fase 3, semana 5)"
4188,Graduate,0.0,UCI id=697 (DOI 10.24432/C5MC89),"pendiente (se asigna en Fase 3, semana 5)"
4189,Graduate,0.0,UCI id=697 (DOI 10.24432/C5MC89),"pendiente (se asigna en Fase 3, semana 5)"
4190,Dropout,1.0,UCI id=697 (DOI 10.24432/C5MC89),"pendiente (se asigna en Fase 3, semana 5)"
4191,Enrolled,,UCI id=697 (DOI 10.24432/C5MC89),"pendiente (se asigna en Fase 3, semana 5)"
4192,Enrolled,,UCI id=697 (DOI 10.24432/C5MC89),"pendiente (se asigna en Fase 3, semana 5)"
4193,Graduate,0.0,UCI id=697 (DOI 10.24432/C5MC89),"pendiente (se asigna en Fase 3, semana 5)"
4194,Dropout,1.0,UCI id=697 (DOI 10.24432/C5MC89),"pendiente (se asigna en Fase 3, semana 5)"
4195,Graduate,0.0,UCI id=697 (DOI 10.24432/C5MC89),"pendiente (se asigna en Fase 3, semana 5)"
4196,Graduate,0.0,UCI id=697 (DOI 10.24432/C5MC89),"pendiente (se asigna en Fase 3, semana 5)"
4197,Graduate,0.0,UCI id=697 (DOI 10.24432/C5MC89),"pendiente (se asigna en Fase 3, semana 5)"
4198,Enrolled,,UCI id=697 (DOI 10.24432/C5MC89),"pendiente (se asigna en Fase 3, semana 5)"
4199,Graduate,0.0,UCI id=697 (DOI 10.24432/C5MC89),"pendiente (se asigna en Fase 3, semana 5)"
4200,Graduate,0.0,UCI id=697 (DOI 10.24432/C5MC89),"pendiente (se asigna en Fase 3, semana 5)"
4201,Graduate,0.0,UCI id=697 (DOI 10.24432/C5MC89),"pendiente (se asigna en Fase 3, semana 5)"
4202,Enrolled,,UCI id=697 (DOI 10.24432/C5MC89),"pendiente (se asigna en Fase 3, semana 5)"
4203,Graduate,0.0,UCI id=697 (DOI 10.24432/C5MC89),"pendiente (se asigna en Fase 3, semana 5)"
4204,Dropout,1.0,UCI id=697 (DOI 10.24432/C5MC89),"pendiente (se asigna en Fase 3, semana 5)"
4205,Graduate,0.0,UCI id=697 (DOI 10.24432/C5MC89),"pendiente (se asigna en Fase 3, semana 5)"
4206,Graduate,0.0,UCI id=697 (DOI 10.24432/C5MC89),"pendiente (se asigna en Fase 3, semana 5)"
4207,Graduate,0.0,UCI id=697 (DOI 10.24432/C5MC89),"pendiente (se asigna en Fase 3, semana 5)"
4208,Dropout,1.0,UCI id=697 (DOI 10.24432/C5MC89),"pendiente (se asigna en Fase 3, semana 5)"
4209,Graduate,0.0,UCI id=697 (DOI 10.24432/C5MC89),"pendiente (se asigna en Fase 3, semana 5)"
4210,Graduate,0.0,UCI id=697 (DOI 10.24432/C5MC89),"pendiente (se asigna en Fase 3, semana 5)"
4211,Graduate,0.0,UCI id=697 (DOI 10.24432/C5MC89),"pendiente (se asigna en Fase 3, semana 5)"
4212,Graduate,0.0,UCI id=697 (DOI 10.24432/C5MC89),"pendiente (se asigna en Fase 3, semana 5)"
4213,Graduate,0.0,UCI id=697 (DOI 10.24432/C5MC89),"pendiente (se asigna en Fase 3, semana 5)"
4214,Graduate,0.0,UCI id=697 (DOI 10.24432/C5MC89),"pendiente (se asigna en Fase 3, semana 5)"
4215,Dropout,1.0,UCI id=697 (DOI 10.24432/C5MC89),"pendiente (se asigna en Fase 3, semana 5)"
4216,Dropout,1.0,UCI id=697 (DOI 10.24432/C5MC89),"pendiente (se asigna en Fase 3, semana 5)"
4217,Graduate,0.0,UCI id=697 (DOI 10.24432/C5MC89),"pendiente (se asigna en Fase 3, semana 5)"
4218,Enrolled,,UCI id=697 (DOI 10.24432/C5MC89),"pendiente (se asigna en Fase 3, semana 5)"
4219,Graduate,0.0,UCI id=697 (DOI 10.24432/C5MC89),"pendiente (se asigna en Fase 3, semana 5)"
4220,Dropout,1.0,UCI id=697 (DOI 10.24432/C5MC89),"pendiente (se asigna en Fase 3, semana 5)"
4221,Graduate,0.0,UCI id=697 (DOI 10.24432/C5MC89),"pendiente (se asigna en Fase 3, semana 5)"
4222,Graduate,0.0,UCI id=697 (DOI 10.24432/C5MC89),"pendiente (se asigna en Fase 3, semana 5)"
4223,Graduate,0.0,UCI id=697 (DOI 10.24432/C5MC89),"pendiente (se asigna en Fase 3, semana 5)"
4224,Graduate,0.0,UCI id=697 (DOI 10.24432/C5MC89),"pendiente (se asigna en Fase 3, semana 5)"
4225,Graduate,0.0,UCI id=697 (DOI 10.24432/C5MC89),"pendiente (se asigna en Fase 3, semana 5)"
4226,Dropout,1.0,UCI id=697 (DOI 10.24432/C5MC89),"pendiente (se asigna en Fase 3, semana 5)"
4227,Graduate,0.0,UCI id=697 (DOI 10.24432/C5MC89),"pendiente (se asigna en Fase 3, semana 5)"
4228,Enrolled,,UCI id=697 (DOI 10.24432/C5MC89),"pendiente (se asigna en Fase 3, semana 5)"
4229,Dropout,1.0,UCI id=697 (DOI 10.24432/C5MC89),"pendiente (se asigna en Fase 3, semana 5)"
4230,Graduate,0.0,UCI id=697 (DOI 10.24432/C5MC89),"pendiente (se asigna en Fase 3, semana 5)"
4231,Enrolled,,UCI id=697 (DOI 10.24432/C5MC89),"pendiente (se asigna en Fase 3, semana 5)"
4232,Dropout,1.0,UCI id=697 (DOI 10.24432/C5MC89),"pendiente (se asigna en Fase 3, semana 5)"
4233,Graduate,0.0,UCI id=697 (DOI 10.24432/C5MC89),"pendiente (se asigna en Fase 3, semana 5)"
4234,Enrolled,,UCI id=697 (DOI 10.24432/C5MC89),"pendiente (se asigna en Fase 3, semana 5)"
4235,Enrolled,,UCI id=697 (DOI 10.24432/C5MC89),"pendiente (se asigna en Fase 3, semana 5)"
4236,Graduate,0.0,UCI id=697 (DOI 10.24432/C5MC89),"pendiente (se asigna en Fase 3, semana 5)"
4237,Enrolled,,UCI id=697 (DOI 10.24432/C5MC89),"pendiente (se asigna en Fase 3, semana 5)"
4238,Dropout,1.0,UCI id=697 (DOI 10.24432/C5MC89),"pendiente (se asigna en Fase 3, semana 5)"
4239,Graduate,0.0,UCI id=697 (DOI 10.24432/C5MC89),"pendiente (se asigna en Fase 3, semana 5)"
4240,Graduate,0.0,UCI id=697 (DOI 10.24432/C5MC89),"pendiente (se asigna en Fase 3, semana 5)"
4241,Dropout,1.0,UCI id=697 (DOI 10.24432/C5MC89),"pendiente (se asigna en Fase 3, semana 5)"
4242,Dropout,1.0,UCI id=697 (DOI 10.24432/C5MC89),"pendiente (se asigna en Fase 3, semana 5)"
4243,Enrolled,,UCI id=697 (DOI 10.24432/C5MC89),"pendiente (se asigna en Fase 3, semana 5)"
4244,Dropout,1.0,UCI id=697 (DOI 10.24432/C5MC89),"pendiente (se asigna en Fase 3, semana 5)"
4245,Dropout,1.0,UCI id=697 (DOI 10.24432/C5MC89),"pendiente (se asigna en Fase 3, semana 5)"
4246,Dropout,1.0,UCI id=697 (DOI 10.24432/C5MC89),"pendiente (se asigna en Fase 3, semana 5)"
4247,Graduate,0.0,UCI id=697 (DOI 10.24432/C5MC89),"pendiente (se asigna en Fase 3, semana 5)"
4248,Dropout,1.0,UCI id=697 (DOI 10.24432/C5MC89),"pendiente (se asigna en Fase 3, semana 5)"
4249,Graduate,0.0,UCI id=697 (DOI 10.24432/C5MC89),"pendiente (se asigna en Fase 3, semana 5)"
4250,Dropout,1.0,UCI id=697 (DOI 10.24432/C5MC89),"pendiente (se asigna en Fase 3, semana 5)"
4251,Dropout,1.0,UCI id=697 (DOI 10.24432/C5MC89),"pendiente (se asigna en Fase 3, semana 5)"
4252,Graduate,0.0,UCI id=697 (DOI 10.24432/C5MC89),"pendiente (se asigna en Fase 3, semana 5)"
4253,Dropout,1.0,UCI id=697 (DOI 10.24432/C5MC89),"pendiente (se asigna en Fase 3, semana 5)"
4254,Dropout,1.0,UCI id=697 (DOI 10.24432/C5MC89),"pendiente (se asigna en Fase 3, semana 5)"
4255,Dropout,1.0,UCI id=697 (DOI 10.24432/C5MC89),"pendiente (se asigna en Fase 3, semana 5)"
4256,Graduate,0.0,UCI id=697 (DOI 10.24432/C5MC89),"pendiente (se asigna en Fase 3, semana 5)"
4257,Enrolled,,UCI id=697 (DOI 10.24432/C5MC89),"pendiente (se asigna en Fase 3, semana 5)"
4258,Graduate,0.0,UCI id=697 (DOI 10.24432/C5MC89),"pendiente (se asigna en Fase 3, semana 5)"
4259,Dropout,1.0,UCI id=697 (DOI 10.24432/C5MC89),"pendiente (se asigna en Fase 3, semana 5)"
4260,Dropout,1.0,UCI id=697 (DOI 10.24432/C5MC89),"pendiente (se asigna en Fase 3, semana 5)"
4261,Dropout,1.0,UCI id=697 (DOI 10.24432/C5MC89),"pendiente (se asigna en Fase 3, semana 5)"
4262,Graduate,0.0,UCI id=697 (DOI 10.24432/C5MC89),"pendiente (se asigna en Fase 3, semana 5)"
4263,Dropout,1.0,UCI id=697 (DOI 10.24432/C5MC89),"pendiente (se asigna en Fase 3, semana 5)"
4264,Graduate,0.0,UCI id=697 (DOI 10.24432/C5MC89),"pendiente (se asigna en Fase 3, semana 5)"
4265,Graduate,0.0,UCI id=697 (DOI 10.24432/C5MC89),"pendiente (se asigna en Fase 3, semana 5)"
4266,Enrolled,,UCI id=697 (DOI 10.24432/C5MC89),"pendiente (se asigna en Fase 3, semana 5)"
4267,Graduate,0.0,UCI id=697 (DOI 10.24432/C5MC89),"pendiente (se asigna en Fase 3, semana 5)"
4268,Dropout,1.0,UCI id=697 (DOI 10.24432/C5MC89),"pendiente (se asigna en Fase 3, semana 5)"
4269,Enrolled,,UCI id=697 (DOI 10.24432/C5MC89),"pendiente (se asigna en Fase 3, semana 5)"
4270,Graduate,0.0,UCI id=697 (DOI 10.24432/C5MC89),"pendiente (se asigna en Fase 3, semana 5)"
4271,Dropout,1.0,UCI id=697 (DOI 10.24432/C5MC89),"pendiente (se asigna en Fase 3, semana 5)"
4272,Graduate,0.0,UCI id=697 (DOI 10.24432/C5MC89),"pendiente (se asigna en Fase 3, semana 5)"
4273,Enrolled,,UCI id=697 (DOI 10.24432/C5MC89),"pendiente (se asigna en Fase 3, semana 5)"
4274,Enrolled,,UCI id=697 (DOI 10.24432/C5MC89),"pendiente (se asigna en Fase 3, semana 5)"
4275,Enrolled,,UCI id=697 (DOI 10.24432/C5MC89),"pendiente (se asigna en Fase 3, semana 5)"
4276,Dropout,1.0,UCI id=697 (DOI 10.24432/C5MC89),"pendiente (se asigna en Fase 3, semana 5)"
4277,Dropout,1.0,UCI id=697 (DOI 10.24432/C5MC89),"pendiente (se asigna en Fase 3, semana 5)"
4278,Graduate,0.0,UCI id=697 (DOI 10.24432/C5MC89),"pendiente (se asigna en Fase 3, semana 5)"
4279,Dropout,1.0,UCI id=697 (DOI 10.24432/C5MC89),"pendiente (se asigna en Fase 3, semana 5)"
4280,Dropout,1.0,UCI id=697 (DOI 10.24432/C5MC89),"pendiente (se asigna en Fase 3, semana 5)"
4281,Enrolled,,UCI id=697 (DOI 10.24432/C5MC89),"pendiente (se asigna en Fase 3, semana 5)"
4282,Dropout,1.0,UCI id=697 (DOI 10.24432/C5MC89),"pendiente (se asigna en Fase 3, semana 5)"
4283,Dropout,1.0,UCI id=697 (DOI 10.24432/C5MC89),"pendiente (se asigna en Fase 3, semana 5)"
4284,Enrolled,,UCI id=697 (DOI 10.24432/C5MC89),"pendiente (se asigna en Fase 3, semana 5)"
4285,Enrolled,,UCI id=697 (DOI 10.24432/C5MC89),"pendiente (se asigna en Fase 3, semana 5)"
4286,Graduate,0.0,UCI id=697 (DOI 10.24432/C5MC89),"pendiente (se asigna en Fase 3, semana 5)"
4287,Graduate,0.0,UCI id=697 (DOI 10.24432/C5MC89),"pendiente (se asigna en Fase 3, semana 5)"
4288,Dropout,1.0,UCI id=697 (DOI 10.24432/C5MC89),"pendiente (se asigna en Fase 3, semana 5)"
4289,Graduate,0.0,UCI id=697 (DOI 10.24432/C5MC89),"pendiente (se asigna en Fase 3, semana 5)"
4290,Graduate,0.0,UCI id=697 (DOI 10.24432/C5MC89),"pendiente (se asigna en Fase 3, semana 5)"
4291,Graduate,0.0,UCI id=697 (DOI 10.24432/C5MC89),"pendiente (se asigna en Fase 3, semana 5)"
4292,Graduate,0.0,UCI id=697 (DOI 10.24432/C5MC89),"pendiente (se asigna en Fase 3, semana 5)"
4293,Dropout,1.0,UCI id=697 (DOI 10.24432/C5MC89),"pendiente (se asigna en Fase 3, semana 5)"
4294,Graduate,0.0,UCI id=697 (DOI 10.24432/C5MC89),"pendiente (se asigna en Fase 3, semana 5)"
4295,Enrolled,,UCI id=697 (DOI 10.24432/C5MC89),"pendiente (se asigna en Fase 3, semana 5)"
4296,Graduate,0.0,UCI id=697 (DOI 10.24432/C5MC89),"pendiente (se asigna en Fase 3, semana 5)"
4297,Graduate,0.0,UCI id=697 (DOI 10.24432/C5MC89),"pendiente (se asigna en Fase 3, semana 5)"
4298,Dropout,1.0,UCI id=697 (DOI 10.24432/C5MC89),"pendiente (se asigna en Fase 3, semana 5)"
4299,Dropout,1.0,UCI id=697 (DOI 10.24432/C5MC89),"pendiente (se asigna en Fase 3, semana 5)"
4300,Graduate,0.0,UCI id=697 (DOI 10.24432/C5MC89),"pendiente (se asigna en Fase 3, semana 5)"
4301,Dropout,1.0,UCI id=697 (DOI 10.24432/C5MC89),"pendiente (se asigna en Fase 3, semana 5)"
4302,Dropout,1.0,UCI id=697 (DOI 10.24432/C5MC89),"pendiente (se asigna en Fase 3, semana 5)"
4303,Dropout,1.0,UCI id=697 (DOI 10.24432/C5MC89),"pendiente (se asigna en Fase 3, semana 5)"
4304,Dropout,1.0,UCI id=697 (DOI 10.24432/C5MC89),"pendiente (se asigna en Fase 3, semana 5)"
4305,Dropout,1.0,UCI id=697 (DOI 10.24432/C5MC89),"pendiente (se asigna en Fase 3, semana 5)"
4306,Dropout,1.0,UCI id=697 (DOI 10.24432/C5MC89),"pendiente (se asigna en Fase 3, semana 5)"
4307,Dropout,1.0,UCI id=697 (DOI 10.24432/C5MC89),"pendiente (se asigna en Fase 3, semana 5)"
4308,Dropout,1.0,UCI id=697 (DOI 10.24432/C5MC89),"pendiente (se asigna en Fase 3, semana 5)"
4309,Graduate,0.0,UCI id=697 (DOI 10.24432/C5MC89),"pendiente (se asigna en Fase 3, semana 5)"
4310,Graduate,0.0,UCI id=697 (DOI 10.24432/C5MC89),"pendiente (se asigna en Fase 3, semana 5)"
4311,Enrolled,,UCI id=697 (DOI 10.24432/C5MC89),"pendiente (se asigna en Fase 3, semana 5)"
4312,Dropout,1.0,UCI id=697 (DOI 10.24432/C5MC89),"pendiente (se asigna en Fase 3, semana 5)"
4313,Graduate,0.0,UCI id=697 (DOI 10.24432/C5MC89),"pendiente (se asigna en Fase 3, semana 5)"
4314,Dropout,1.0,UCI id=697 (DOI 10.24432/C5MC89),"pendiente (se asigna en Fase 3, semana 5)"
4315,Dropout,1.0,UCI id=697 (DOI 10.24432/C5MC89),"pendiente (se asigna en Fase 3, semana 5)"
4316,Graduate,0.0,UCI id=697 (DOI 10.24432/C5MC89),"pendiente (se asigna en Fase 3, semana 5)"
4317,Graduate,0.0,UCI id=697 (DOI 10.24432/C5MC89),"pendiente (se asigna en Fase 3, semana 5)"
4318,Graduate,0.0,UCI id=697 (DOI 10.24432/C5MC89),"pendiente (se asigna en Fase 3, semana 5)"
4319,Graduate,0.0,UCI id=697 (DOI 10.24432/C5MC89),"pendiente (se asigna en Fase 3, semana 5)"
4320,Enrolled,,UCI id=697 (DOI 10.24432/C5MC89),"pendiente (se asigna en Fase 3, semana 5)"
4321,Enrolled,,UCI id=697 (DOI 10.24432/C5MC89),"pendiente (se asigna en Fase 3, semana 5)"
4322,Dropout,1.0,UCI id=697 (DOI 10.24432/C5MC89),"pendiente (se asigna en Fase 3, semana 5)"
4323,Dropout,1.0,UCI id=697 (DOI 10.24432/C5MC89),"pendiente (se asigna en Fase 3, semana 5)"
4324,Graduate,0.0,UCI id=697 (DOI 10.24432/C5MC89),"pendiente (se asigna en Fase 3, semana 5)"
4325,Graduate,0.0,UCI id=697 (DOI 10.24432/C5MC89),"pendiente (se asigna en Fase 3, semana 5)"
4326,Dropout,1.0,UCI id=697 (DOI 10.24432/C5MC89),"pendiente (se asigna en Fase 3, semana 5)"
4327,Dropout,1.0,UCI id=697 (DOI 10.24432/C5MC89),"pendiente (se asigna en Fase 3, semana 5)"
4328,Dropout,1.0,UCI id=697 (DOI 10.24432/C5MC89),"pendiente (se asigna en Fase 3, semana 5)"
4329,Graduate,0.0,UCI id=697 (DOI 10.24432/C5MC89),"pendiente (se asigna en Fase 3, semana 5)"
4330,Dropout,1.0,UCI id=697 (DOI 10.24432/C5MC89),"pendiente (se asigna en Fase 3, semana 5)"
4331,Dropout,1.0,UCI id=697 (DOI 10.24432/C5MC89),"pendiente (se asigna en Fase 3, semana 5)"
4332,Graduate,0.0,UCI id=697 (DOI 10.24432/C5MC89),"pendiente (se asigna en Fase 3, semana 5)"
4333,Dropout,1.0,UCI id=697 (DOI 10.24432/C5MC89),"pendiente (se asigna en Fase 3, semana 5)"
4334,Graduate,0.0,UCI id=697 (DOI 10.24432/C5MC89),"pendiente (se asigna en Fase 3, semana 5)"
4335,Enrolled,,UCI id=697 (DOI 10.24432/C5MC89),"pendiente (se asigna en Fase 3, semana 5)"
4336,Enrolled,,UCI id=697 (DOI 10.24432/C5MC89),"pendiente (se asigna en Fase 3, semana 5)"
4337,Graduate,0.0,UCI id=697 (DOI 10.24432/C5MC89),"pendiente (se asigna en Fase 3, semana 5)"
4338,Enrolled,,UCI id=697 (DOI 10.24432/C5MC89),"pendiente (se asigna en Fase 3, semana 5)"
4339,Graduate,0.0,UCI id=697 (DOI 10.24432/C5MC89),"pendiente (se asigna en Fase 3, semana 5)"
4340,Graduate,0.0,UCI id=697 (DOI 10.24432/C5MC89),"pendiente (se asigna en Fase 3, semana 5)"
4341,Graduate,0.0,UCI id=697 (DOI 10.24432/C5MC89),"pendiente (se asigna en Fase 3, semana 5)"
4342,Dropout,1.0,UCI id=697 (DOI 10.24432/C5MC89),"pendiente (se asigna en Fase 3, semana 5)"
4343,Enrolled,,UCI id=697 (DOI 10.24432/C5MC89),"pendiente (se asigna en Fase 3, semana 5)"
4344,Dropout,1.0,UCI id=697 (DOI 10.24432/C5MC89),"pendiente (se asigna en Fase 3, semana 5)"
4345,Graduate,0.0,UCI id=697 (DOI 10.24432/C5MC89),"pendiente (se asigna en Fase 3, semana 5)"
4346,Dropout,1.0,UCI id=697 (DOI 10.24432/C5MC89),"pendiente (se asigna en Fase 3, semana 5)"
4347,Dropout,1.0,UCI id=697 (DOI 10.24432/C5MC89),"pendiente (se asigna en Fase 3, semana 5)"
4348,Graduate,0.0,UCI id=697 (DOI 10.24432/C5MC89),"pendiente (se asigna en Fase 3, semana 5)"
4349,Graduate,0.0,UCI id=697 (DOI 10.24432/C5MC89),"pendiente (se asigna en Fase 3, semana 5)"
4350,Graduate,0.0,UCI id=697 (DOI 10.24432/C5MC89),"pendiente (se asigna en Fase 3, semana 5)"
4351,Graduate,0.0,UCI id=697 (DOI 10.24432/C5MC89),"pendiente (se asigna en Fase 3, semana 5)"
4352,Dropout,1.0,UCI id=697 (DOI 10.24432/C5MC89),"pendiente (se asigna en Fase 3, semana 5)"
4353,Graduate,0.0,UCI id=697 (DOI 10.24432/C5MC89),"pendiente (se asigna en Fase 3, semana 5)"
4354,Enrolled,,UCI id=697 (DOI 10.24432/C5MC89),"pendiente (se asigna en Fase 3, semana 5)"
4355,Graduate,0.0,UCI id=697 (DOI 10.24432/C5MC89),"pendiente (se asigna en Fase 3, semana 5)"
4356,Dropout,1.0,UCI id=697 (DOI 10.24432/C5MC89),"pendiente (se asigna en Fase 3, semana 5)"
4357,Dropout,1.0,UCI id=697 (DOI 10.24432/C5MC89),"pendiente (se asigna en Fase 3, semana 5)"
4358,Dropout,1.0,UCI id=697 (DOI 10.24432/C5MC89),"pendiente (se asigna en Fase 3, semana 5)"
4359,Graduate,0.0,UCI id=697 (DOI 10.24432/C5MC89),"pendiente (se asigna en Fase 3, semana 5)"
4360,Graduate,0.0,UCI id=697 (DOI 10.24432/C5MC89),"pendiente (se asigna en Fase 3, semana 5)"
4361,Graduate,0.0,UCI id=697 (DOI 10.24432/C5MC89),"pendiente (se asigna en Fase 3, semana 5)"
4362,Graduate,0.0,UCI id=697 (DOI 10.24432/C5MC89),"pendiente (se asigna en Fase 3, semana 5)"
4363,Dropout,1.0,UCI id=697 (DOI 10.24432/C5MC89),"pendiente (se asigna en Fase 3, semana 5)"
4364,Enrolled,,UCI id=697 (DOI 10.24432/C5MC89),"pendiente (se asigna en Fase 3, semana 5)"
4365,Graduate,0.0,UCI id=697 (DOI 10.24432/C5MC89),"pendiente (se asigna en Fase 3, semana 5)"
4366,Graduate,0.0,UCI id=697 (DOI 10.24432/C5MC89),"pendiente (se asigna en Fase 3, semana 5)"
4367,Graduate,0.0,UCI id=697 (DOI 10.24432/C5MC89),"pendiente (se asigna en Fase 3, semana 5)"
4368,Dropout,1.0,UCI id=697 (DOI 10.24432/C5MC89),"pendiente (se asigna en Fase 3, semana 5)"
4369,Enrolled,,UCI id=697 (DOI 10.24432/C5MC89),"pendiente (se asigna en Fase 3, semana 5)"
4370,Graduate,0.0,UCI id=697 (DOI 10.24432/C5MC89),"pendiente (se asigna en Fase 3, semana 5)"
4371,Graduate,0.0,UCI id=697 (DOI 10.24432/C5MC89),"pendiente (se asigna en Fase 3, semana 5)"
4372,Dropout,1.0,UCI id=697 (DOI 10.24432/C5MC89),"pendiente (se asigna en Fase 3, semana 5)"
4373,Enrolled,,UCI id=697 (DOI 10.24432/C5MC89),"pendiente (se asigna en Fase 3, semana 5)"
4374,Graduate,0.0,UCI id=697 (DOI 10.24432/C5MC89),"pendiente (se asigna en Fase 3, semana 5)"
4375,Dropout,1.0,UCI id=697 (DOI 10.24432/C5MC89),"pendiente (se asigna en Fase 3, semana 5)"
4376,Graduate,0.0,UCI id=697 (DOI 10.24432/C5MC89),"pendiente (se asigna en Fase 3, semana 5)"
4377,Dropout,1.0,UCI id=697 (DOI 10.24432/C5MC89),"pendiente (se asigna en Fase 3, semana 5)"
4378,Graduate,0.0,UCI id=697 (DOI 10.24432/C5MC89),"pendiente (se asigna en Fase 3, semana 5)"
4379,Dropout,1.0,UCI id=697 (DOI 10.24432/C5MC89),"pendiente (se asigna en Fase 3, semana 5)"
4380,Dropout,1.0,UCI id=697 (DOI 10.24432/C5MC89),"pendiente (se asigna en Fase 3, semana 5)"
4381,Enrolled,,UCI id=697 (DOI 10.24432/C5MC89),"pendiente (se asigna en Fase 3, semana 5)"
4382,Graduate,0.0,UCI id=697 (DOI 10.24432/C5MC89),"pendiente (se asigna en Fase 3, semana 5)"
4383,Graduate,0.0,UCI id=697 (DOI 10.24432/C5MC89),"pendiente (se asigna en Fase 3, semana 5)"
4384,Dropout,1.0,UCI id=697 (DOI 10.24432/C5MC89),"pendiente (se asigna en Fase 3, semana 5)"
4385,Dropout,1.0,UCI id=697 (DOI 10.24432/C5MC89),"pendiente (se asigna en Fase 3, semana 5)"
4386,Dropout,1.0,UCI id=697 (DOI 10.24432/C5MC89),"pendiente (se asigna en Fase 3, semana 5)"
4387,Dropout,1.0,UCI id=697 (DOI 10.24432/C5MC89),"pendiente (se asigna en Fase 3, semana 5)"
4388,Dropout,1.0,UCI id=697 (DOI 10.24432/C5MC89),"pendiente (se asigna en Fase 3, semana 5)"
4389,Graduate,0.0,UCI id=697 (DOI 10.24432/C5MC89),"pendiente (se asigna en Fase 3, semana 5)"
4390,Graduate,0.0,UCI id=697 (DOI 10.24432/C5MC89),"pendiente (se asigna en Fase 3, semana 5)"
4391,Enrolled,,UCI id=697 (DOI 10.24432/C5MC89),"pendiente (se asigna en Fase 3, semana 5)"
4392,Enrolled,,UCI id=697 (DOI 10.24432/C5MC89),"pendiente (se asigna en Fase 3, semana 5)"
4393,Graduate,0.0,UCI id=697 (DOI 10.24432/C5MC89),"pendiente (se asigna en Fase 3, semana 5)"
4394,Graduate,0.0,UCI id=697 (DOI 10.24432/C5MC89),"pendiente (se asigna en Fase 3, semana 5)"
4395,Dropout,1.0,UCI id=697 (DOI 10.24432/C5MC89),"pendiente (se asigna en Fase 3, semana 5)"
4396,Graduate,0.0,UCI id=697 (DOI 10.24432/C5MC89),"pendiente (se asigna en Fase 3, semana 5)"
4397,Enrolled,,UCI id=697 (DOI 10.24432/C5MC89),"pendiente (se asigna en Fase 3, semana 5)"
4398,Graduate,0.0,UCI id=697 (DOI 10.24432/C5MC89),"pendiente (se asigna en Fase 3, semana 5)"
4399,Graduate,0.0,UCI id=697 (DOI 10.24432/C5MC89),"pendiente (se asigna en Fase 3, semana 5)"
4400,Dropout,1.0,UCI id=697 (DOI 10.24432/C5MC89),"pendiente (se asigna en Fase 3, semana 5)"
4401,Dropout,1.0,UCI id=697 (DOI 10.24432/C5MC89),"pendiente (se asigna en Fase 3, semana 5)"
4402,Enrolled,,UCI id=697 (DOI 10.24432/C5MC89),"pendiente (se asigna en Fase 3, semana 5)"
4403,Graduate,0.0,UCI id=697 (DOI 10.24432/C5MC89),"pendiente (se asigna en Fase 3, semana 5)"
4404,Dropout,1.0,UCI id=697 (DOI 10.24432/C5MC89),"pendiente (se asigna en Fase 3, semana 5)"
4405,Graduate,0.0,UCI id=697 (DOI 10.24432/C5MC89),"pendiente (se asigna en Fase 3, semana 5)"
4406,Enrolled,,UCI id=697 (DOI 10.24432/C5MC89),"pendiente (se asigna en Fase 3, semana 5)"
4407,Graduate,0.0,UCI id=697 (DOI 10.24432/C5MC89),"pendiente (se asigna en Fase 3, semana 5)"
4408,Dropout,1.0,UCI id=697 (DOI 10.24432/C5MC89),"pendiente (se asigna en Fase 3, semana 5)"
4409,Graduate,0.0,UCI id=697 (DOI 10.24432/C5MC89),"pendiente (se asigna en Fase 3, semana 5)"
4410,Graduate,0.0,UCI id=697 (DOI 10.24432/C5MC89),"pendiente (se asigna en Fase 3, semana 5)"
4411,Dropout,1.0,UCI id=697 (DOI 10.24432/C5MC89),"pendiente (se asigna en Fase 3, semana 5)"
4412,Enrolled,,UCI id=697 (DOI 10.24432/C5MC89),"pendiente (se asigna en Fase 3, semana 5)"
4413,Enrolled,,UCI id=697 (DOI 10.24432/C5MC89),"pendiente (se asigna en Fase 3, semana 5)"
4414,Graduate,0.0,UCI id=697 (DOI 10.24432/C5MC89),"pendiente (se asigna en Fase 3, semana 5)"
4415,Dropout,1.0,UCI id=697 (DOI 10.24432/C5MC89),"pendiente (se asigna en Fase 3, semana 5)"
4416,Graduate,0.0,UCI id=697 (DOI 10.24432/C5MC89),"pendiente (se asigna en Fase 3, semana 5)"
4417,Graduate,0.0,UCI id=697 (DOI 10.24432/C5MC89),"pendiente (se asigna en Fase 3, semana 5)"
4418,Graduate,0.0,UCI id=697 (DOI 10.24432/C5MC89),"pendiente (se asigna en Fase 3, semana 5)"
4419,Graduate,0.0,UCI id=697 (DOI 10.24432/C5MC89),"pendiente (se asigna en Fase 3, semana 5)"
4420,Dropout,1.0,UCI id=697 (DOI 10.24432/C5MC89),"pendiente (se asigna en Fase 3, semana 5)"
4421,Dropout,1.0,UCI id=697 (DOI 10.24432/C5MC89),"pendiente (se asigna en Fase 3, semana 5)"
4422,Graduate,0.0,UCI id=697 (DOI 10.24432/C5MC89),"pendiente (se asigna en Fase 3, semana 5)"
4423,Graduate,0.0,UCI id=697 (DOI 10.24432/C5MC89),"pendiente (se asigna en Fase 3, semana 5)"
